level,trim_-6.0,trim_-5.0,trim_-4.0,trim_-3.5,trim_-3.0,trim_-2.5,trim_-2.0,trim_-1.5,trim_-1.0,trim_-0.5,trim_0.0,trim_0.5,trim_1.0,trim_1.5,trim_2.0
0,0.026,0.021,0.017,0.014,0.012,0.01,0.008,0.005,0.002,0.001,0,0.019,0.038,0.056,0.075
0.01,0.02,0.015,0.011,0.009,0.007,0.004,0.002,0,-0.003,-0.002,0,0.018,0.036,0.055,0.074
0.02,0.015,0.01,0.005,0.003,0.001,-0.001,-0.003,-0.006,-0.008,-0.004,0,0.017,0.034,0.052,0.071
0.03,0.009,0.005,0,-0.002,-0.005,-0.007,-0.009,-0.01,-0.011,-0.006,0,0.017,0.034,0.052,0.07
0.04,0.003,-0.002,-0.005,-0.008,-0.01,-0.012,-0.014,-0.014,-0.015,-0.008,0,0.016,0.032,0.05,0.068
0.05,-0.0025,-0.0075,-0.0105,-0.013,-0.014666667,-0.016333333,-0.017833333,-0.017,-0.016833333,-0.008833333,0,0.015833333,0.031666667,0.0495,0.067333333
0.06,-0.008,-0.013,-0.016,-0.018,-0.019333333,-0.020666667,-0.021666667,-0.02,-0.018666667,-0.009666667,0,0.015666667,0.031333333,0.049,0.066666667
0.07,-0.0135,-0.0185,-0.0215,-0.023,-0.024,-0.025,-0.0255,-0.023,-0.0205,-0.0105,0,0.0155,0.031,0.0485,0.066
0.08,-0.019,-0.024,-0.027,-0.028,-0.028666667,-0.029333333,-0.029333333,-0.026,-0.022333333,-0.011333333,0,0.015333333,0.030666667,0.048,0.065333333
0.09,-0.0245,-0.0295,-0.0325,-0.033,-0.033333333,-0.033666667,-0.033166667,-0.029,-0.024166667,-0.012166667,0,0.015166667,0.030333333,0.0475,0.064666667
0.1,-0.03,-0.035,-0.038,-0.038,-0.038,-0.038,-0.037,-0.032,-0.026,-0.013,0,0.015,0.03,0.047,0.064
0.11,-0.0347,-0.0392,-0.0416,-0.0413,-0.041,-0.0402,-0.0385,-0.0328,-0.0262,-0.0131,0,0.0149,0.0299,0.0468,0.0637
0.12,-0.0394,-0.0434,-0.0452,-0.0446,-0.044,-0.0424,-0.04,-0.0336,-0.0264,-0.0132,0,0.0148,0.0298,0.0466,0.0634
0.13,-0.0441,-0.0476,-0.0488,-0.0479,-0.047,-0.0446,-0.0415,-0.0344,-0.0266,-0.0133,0,0.0147,0.0297,0.0464,0.0631
0.14,-0.0488,-0.0518,-0.0524,-0.0512,-0.05,-0.0468,-0.043,-0.0352,-0.0268,-0.0134,0,0.0146,0.0296,0.0462,0.0628
0.15,-0.0535,-0.056,-0.056,-0.0545,-0.053,-0.049,-0.0445,-0.036,-0.027,-0.0135,0,0.0145,0.0295,0.046,0.0625
0.16,-0.0582,-0.0602,-0.0596,-0.0578,-0.056,-0.0512,-0.046,-0.0368,-0.0272,-0.0136,0,0.0144,0.0294,0.0458,0.0622
0.17,-0.0629,-0.0644,-0.0632,-0.0611,-0.059,-0.0534,-0.0475,-0.0376,-0.0274,-0.0137,0,0.0143,0.0293,0.0456,0.0619
0.18,-0.0676,-0.0686,-0.0668,-0.0644,-0.062,-0.0556,-0.049,-0.0384,-0.0276,-0.0138,0,0.0142,0.0292,0.0454,0.0616
0.19,-0.0723,-0.0728,-0.0704,-0.0677,-0.065,-0.0578,-0.0505,-0.0392,-0.0278,-0.0139,0,0.0141,0.0291,0.0452,0.0613
0.2,-0.077,-0.077,-0.074,-0.071,-0.068,-0.06,-0.052,-0.04,-0.028,-0.014,0,0.014,0.029,0.045,0.061
0.21,-0.0802,-0.0797,-0.0759,-0.0723,-0.0688,-0.0604,-0.0521,-0.04,-0.028,-0.014,0,0.0141,0.0291,0.045,0.0609
0.22,-0.0834,-0.0824,-0.0778,-0.0736,-0.0696,-0.0608,-0.0522,-0.04,-0.028,-0.014,0,0.0142,0.0292,0.045,0.0608
0.23,-0.0866,-0.0851,-0.0797,-0.0749,-0.0704,-0.0612,-0.0523,-0.04,-0.028,-0.014,0,0.0143,0.0293,0.045,0.0607
0.24,-0.0898,-0.0878,-0.0816,-0.0762,-0.0712,-0.0616,-0.0524,-0.04,-0.028,-0.014,0,0.0144,0.0294,0.045,0.0606
0.25,-0.093,-0.0905,-0.0835,-0.0775,-0.072,-0.062,-0.0525,-0.04,-0.028,-0.014,0,0.0145,0.0295,0.045,0.0605
0.26,-0.0962,-0.0932,-0.0854,-0.0788,-0.0728,-0.0624,-0.0526,-0.04,-0.028,-0.014,0,0.0146,0.0296,0.045,0.0604
0.27,-0.0994,-0.0959,-0.0873,-0.0801,-0.0736,-0.0628,-0.0527,-0.04,-0.028,-0.014,0,0.0147,0.0297,0.045,0.0603
0.28,-0.1026,-0.0986,-0.0892,-0.0814,-0.0744,-0.0632,-0.0528,-0.04,-0.028,-0.014,0,0.0148,0.0298,0.045,0.0602
0.29,-0.1058,-0.1013,-0.0911,-0.0827,-0.0752,-0.0636,-0.0529,-0.04,-0.028,-0.014,0,0.0149,0.0299,0.045,0.0601
0.3,-0.109,-0.104,-0.093,-0.084,-0.076,-0.064,-0.053,-0.04,-0.028,-0.014,0,0.015,0.03,0.045,0.06
0.31,-0.1113,-0.1055,-0.0938,-0.0846,-0.0763,-0.0643,-0.0532,-0.0402,-0.0281,-0.014,0,0.0149,0.0299,0.0449,0.06
0.32,-0.1136,-0.107,-0.0946,-0.0852,-0.0766,-0.0646,-0.0534,-0.0404,-0.0282,-0.014,0,0.0148,0.0298,0.0448,0.06
0.33,-0.1159,-0.1085,-0.0954,-0.0858,-0.0769,-0.0649,-0.0536,-0.0406,-0.0283,-0.014,0,0.0147,0.0297,0.0447,0.06
0.34,-0.1182,-0.11,-0.0962,-0.0864,-0.0772,-0.0652,-0.0538,-0.0408,-0.0284,-0.014,0,0.0146,0.0296,0.0446,0.06
0.35,-0.1205,-0.1115,-0.097,-0.087,-0.0775,-0.0655,-0.054,-0.041,-0.0285,-0.014,0,0.0145,0.0295,0.0445,0.06
0.36,-0.1228,-0.113,-0.0978,-0.0876,-0.0778,-0.0658,-0.0542,-0.0412,-0.0286,-0.014,0,0.0144,0.0294,0.0444,0.06
0.37,-0.1251,-0.1145,-0.0986,-0.0882,-0.0781,-0.0661,-0.0544,-0.0414,-0.0287,-0.014,0,0.0143,0.0293,0.0443,0.06
0.38,-0.1274,-0.116,-0.0994,-0.0888,-0.0784,-0.0664,-0.0546,-0.0416,-0.0288,-0.014,0,0.0142,0.0292,0.0442,0.06
0.39,-0.1297,-0.1175,-0.1002,-0.0894,-0.0787,-0.0667,-0.0548,-0.0418,-0.0289,-0.014,0,0.0141,0.0291,0.0441,0.06
0.4,-0.132,-0.119,-0.101,-0.09,-0.079,-0.067,-0.055,-0.042,-0.029,-0.014,0,0.014,0.029,0.044,0.06
0.41,-0.1331,-0.1195,-0.1012,-0.0902,-0.0792,-0.0671,-0.055,-0.042,-0.029,-0.014,0,0.014,0.029,0.044,0.06
0.42,-0.1342,-0.12,-0.1014,-0.0904,-0.0794,-0.0672,-0.055,-0.042,-0.029,-0.014,0,0.014,0.029,0.044,0.06
0.43,-0.1353,-0.1205,-0.1016,-0.0906,-0.0796,-0.0673,-0.055,-0.042,-0.029,-0.014,0,0.014,0.029,0.044,0.06
0.44,-0.1364,-0.121,-0.1018,-0.0908,-0.0798,-0.0674,-0.055,-0.042,-0.029,-0.014,0,0.014,0.029,0.044,0.06
0.45,-0.1375,-0.1215,-0.102,-0.091,-0.08,-0.0675,-0.055,-0.042,-0.029,-0.014,0,0.014,0.029,0.044,0.06
0.46,-0.1386,-0.122,-0.1022,-0.0912,-0.0802,-0.0676,-0.055,-0.042,-0.029,-0.014,0,0.014,0.029,0.044,0.06
0.47,-0.1397,-0.1225,-0.1024,-0.0914,-0.0804,-0.0677,-0.055,-0.042,-0.029,-0.014,0,0.014,0.029,0.044,0.06
0.48,-0.1408,-0.123,-0.1026,-0.0916,-0.0806,-0.0678,-0.055,-0.042,-0.029,-0.014,0,0.014,0.029,0.044,0.06
0.49,-0.1419,-0.1235,-0.1028,-0.0918,-0.0808,-0.0679,-0.055,-0.042,-0.029,-0.014,0,0.014,0.029,0.044,0.06
0.5,-0.143,-0.124,-0.103,-0.092,-0.081,-0.068,-0.055,-0.042,-0.029,-0.014,0,0.014,0.029,0.044,0.06
0.51,-0.1435,-0.1244,-0.1032,-0.0921,-0.081,-0.068,-0.0551,-0.042,-0.029,-0.014,0,0.014,0.029,0.044,0.06
0.52,-0.144,-0.1248,-0.1034,-0.0922,-0.081,-0.068,-0.0552,-0.042,-0.029,-0.014,0,0.014,0.029,0.044,0.06
0.53,-0.1445,-0.1252,-0.1036,-0.0923,-0.081,-0.068,-0.0553,-0.042,-0.029,-0.014,0,0.014,0.029,0.044,0.06
0.54,-0.145,-0.1256,-0.1038,-0.0924,-0.081,-0.068,-0.0554,-0.042,-0.029,-0.014,0,0.014,0.029,0.044,0.06
0.55,-0.1455,-0.126,-0.104,-0.0925,-0.081,-0.068,-0.0555,-0.042,-0.029,-0.014,0,0.014,0.029,0.044,0.06
0.56,-0.146,-0.1264,-0.1042,-0.0926,-0.081,-0.068,-0.0556,-0.042,-0.029,-0.014,0,0.014,0.029,0.044,0.06
0.57,-0.1465,-0.1268,-0.1044,-0.0927,-0.081,-0.068,-0.0557,-0.042,-0.029,-0.014,0,0.014,0.029,0.044,0.06
0.58,-0.147,-0.1272,-0.1046,-0.0928,-0.081,-0.068,-0.0558,-0.042,-0.029,-0.014,0,0.014,0.029,0.044,0.06
0.59,-0.1475,-0.1276,-0.1048,-0.0929,-0.081,-0.068,-0.0559,-0.042,-0.029,-0.014,0,0.014,0.029,0.044,0.06
0.6,-0.148,-0.128,-0.105,-0.093,-0.081,-0.068,-0.056,-0.042,-0.029,-0.014,0,0.014,0.029,0.044,0.06
0.61,-0.1484,-0.12825,-0.1052,-0.09315,-0.0811,-0.0681,-0.05605,-0.04205,-0.029,-0.014,0,0.014,0.02895,0.04395,0.0599
0.62,-0.1488,-0.1285,-0.1054,-0.0933,-0.0812,-0.0682,-0.0561,-0.0421,-0.029,-0.014,0,0.014,0.0289,0.0439,0.0598
0.63,-0.1492,-0.12875,-0.1056,-0.09345,-0.0813,-0.0683,-0.05615,-0.04215,-0.029,-0.014,0,0.014,0.02885,0.04385,0.0597
0.64,-0.1496,-0.129,-0.1058,-0.0936,-0.0814,-0.0684,-0.0562,-0.0422,-0.029,-0.014,0,0.014,0.0288,0.0438,0.0596
0.65,-0.15,-0.12925,-0.106,-0.09375,-0.0815,-0.0685,-0.05625,-0.04225,-0.029,-0.014,0,0.014,0.02875,0.04375,0.0595
0.66,-0.1504,-0.1295,-0.1062,-0.0939,-0.0816,-0.0686,-0.0563,-0.0423,-0.029,-0.014,0,0.014,0.0287,0.0437,0.0594
0.67,-0.1508,-0.12975,-0.1064,-0.09405,-0.0817,-0.0687,-0.05635,-0.04235,-0.029,-0.014,0,0.014,0.02865,0.04365,0.0593
0.68,-0.1512,-0.13,-0.1066,-0.0942,-0.0818,-0.0688,-0.0564,-0.0424,-0.029,-0.014,0,0.014,0.0286,0.0436,0.0592
0.69,-0.1516,-0.13025,-0.1068,-0.09435,-0.0819,-0.0689,-0.05645,-0.04245,-0.029,-0.014,0,0.014,0.02855,0.04355,0.0591
0.7,-0.152,-0.1305,-0.107,-0.0945,-0.082,-0.069,-0.0565,-0.0425,-0.029,-0.014,0,0.014,0.0285,0.0435,0.059
0.71,-0.1524,-0.13075,-0.1072,-0.09465,-0.0821,-0.0691,-0.05655,-0.04255,-0.029,-0.014,0,0.014,0.02845,0.04345,0.0589
0.72,-0.1528,-0.131,-0.1074,-0.0948,-0.0822,-0.0692,-0.0566,-0.0426,-0.029,-0.014,0,0.014,0.0284,0.0434,0.0588
0.73,-0.1532,-0.13125,-0.1076,-0.09495,-0.0823,-0.0693,-0.05665,-0.04265,-0.029,-0.014,0,0.014,0.02835,0.04335,0.0587
0.74,-0.1536,-0.1315,-0.1078,-0.0951,-0.0824,-0.0694,-0.0567,-0.0427,-0.029,-0.014,0,0.014,0.0283,0.0433,0.0586
0.75,-0.154,-0.13175,-0.108,-0.09525,-0.0825,-0.0695,-0.05675,-0.04275,-0.029,-0.014,0,0.014,0.02825,0.04325,0.0585
0.76,-0.1544,-0.132,-0.1082,-0.0954,-0.0826,-0.0696,-0.0568,-0.0428,-0.029,-0.014,0,0.014,0.0282,0.0432,0.0584
0.77,-0.1548,-0.13225,-0.1084,-0.09555,-0.0827,-0.0697,-0.05685,-0.04285,-0.029,-0.014,0,0.014,0.02815,0.04315,0.0583
0.78,-0.1552,-0.1325,-0.1086,-0.0957,-0.0828,-0.0698,-0.0569,-0.0429,-0.029,-0.014,0,0.014,0.0281,0.0431,0.0582
0.79,-0.1556,-0.13275,-0.1088,-0.09585,-0.0829,-0.0699,-0.05695,-0.04295,-0.029,-0.014,0,0.014,0.02805,0.04305,0.0581
0.8,-0.156,-0.133,-0.109,-0.096,-0.083,-0.07,-0.057,-0.043,-0.029,-0.014,0,0.014,0.028,0.043,0.058
0.81,-0.1562,-0.1331,-0.1089,-0.096,-0.083,-0.07,-0.057,-0.043,-0.029,-0.014,0,0.014,0.0281,0.0431,0.058
0.82,-0.1564,-0.1332,-0.1088,-0.096,-0.083,-0.07,-0.057,-0.043,-0.029,-0.014,0,0.014,0.0282,0.0432,0.058
0.83,-0.1566,-0.1333,-0.1087,-0.096,-0.083,-0.07,-0.057,-0.043,-0.029,-0.014,0,0.014,0.0283,0.0433,0.058
0.84,-0.1568,-0.1334,-0.1086,-0.096,-0.083,-0.07,-0.057,-0.043,-0.029,-0.014,0,0.014,0.0284,0.0434,0.058
0.85,-0.157,-0.1335,-0.1085,-0.096,-0.083,-0.07,-0.057,-0.043,-0.029,-0.014,0,0.014,0.0285,0.0435,0.058
0.86,-0.1572,-0.1336,-0.1084,-0.096,-0.083,-0.07,-0.057,-0.043,-0.029,-0.014,0,0.014,0.0286,0.0436,0.058
0.87,-0.1574,-0.1337,-0.1083,-0.096,-0.083,-0.07,-0.057,-0.043,-0.029,-0.014,0,0.014,0.0287,0.0437,0.058
0.88,-0.1576,-0.1338,-0.1082,-0.096,-0.083,-0.07,-0.057,-0.043,-0.029,-0.014,0,0.014,0.0288,0.0438,0.058
0.89,-0.1578,-0.1339,-0.1081,-0.096,-0.083,-0.07,-0.057,-0.043,-0.029,-0.014,0,0.014,0.0289,0.0439,0.058
0.9,-0.158,-0.134,-0.108,-0.096,-0.083,-0.07,-0.057,-0.043,-0.029,-0.014,0,0.014,0.029,0.044,0.058
0.91,-0.1581,-0.1341,-0.1081,-0.096,-0.083,-0.07,-0.057,-0.043,-0.029,-0.014,0,0.014,0.0289,0.0439,0.058
0.92,-0.1582,-0.1342,-0.1082,-0.096,-0.083,-0.07,-0.057,-0.043,-0.029,-0.014,0,0.014,0.0288,0.0438,0.058
0.93,-0.1583,-0.1343,-0.1083,-0.096,-0.083,-0.07,-0.057,-0.043,-0.029,-0.014,0,0.014,0.0287,0.0437,0.058
0.94,-0.1584,-0.1344,-0.1084,-0.096,-0.083,-0.07,-0.057,-0.043,-0.029,-0.014,0,0.014,0.0286,0.0436,0.058
0.95,-0.1585,-0.1345,-0.1085,-0.096,-0.083,-0.07,-0.057,-0.043,-0.029,-0.014,0,0.014,0.0285,0.0435,0.058
0.96,-0.1586,-0.1346,-0.1086,-0.096,-0.083,-0.07,-0.057,-0.043,-0.029,-0.014,0,0.014,0.0284,0.0434,0.058
0.97,-0.1587,-0.1347,-0.1087,-0.096,-0.083,-0.07,-0.057,-0.043,-0.029,-0.014,0,0.014,0.0283,0.0433,0.058
0.98,-0.1588,-0.1348,-0.1088,-0.096,-0.083,-0.07,-0.057,-0.043,-0.029,-0.014,0,0.014,0.0282,0.0432,0.058
0.99,-0.1589,-0.1349,-0.1089,-0.096,-0.083,-0.07,-0.057,-0.043,-0.029,-0.014,0,0.014,0.0281,0.0431,0.058
1,-0.159,-0.135,-0.109,-0.096,-0.083,-0.07,-0.057,-0.043,-0.029,-0.014,0,0.014,0.028,0.043,0.058
1.01,-0.1592,-0.1351,-0.1092,-0.0962,-0.0832,-0.0702,-0.0571,-0.0431,-0.0291,-0.0141,0,0.014,0.028,0.043,0.058
1.02,-0.1594,-0.1352,-0.1094,-0.0964,-0.0834,-0.0704,-0.0572,-0.0432,-0.0292,-0.0142,0,0.014,0.028,0.043,0.058
1.03,-0.1596,-0.1353,-0.1096,-0.0966,-0.0836,-0.0706,-0.0573,-0.0433,-0.0293,-0.0143,0,0.014,0.028,0.043,0.058
1.04,-0.1598,-0.1354,-0.1098,-0.0968,-0.0838,-0.0708,-0.0574,-0.0434,-0.0294,-0.0144,0,0.014,0.028,0.043,0.058
1.05,-0.16,-0.1355,-0.11,-0.097,-0.084,-0.071,-0.0575,-0.0435,-0.0295,-0.0145,0,0.014,0.028,0.043,0.058
1.06,-0.1602,-0.1356,-0.1102,-0.0972,-0.0842,-0.0712,-0.0576,-0.0436,-0.0296,-0.0146,0,0.014,0.028,0.043,0.058
1.07,-0.1604,-0.1357,-0.1104,-0.0974,-0.0844,-0.0714,-0.0577,-0.0437,-0.0297,-0.0147,0,0.014,0.028,0.043,0.058
1.08,-0.1606,-0.1358,-0.1106,-0.0976,-0.0846,-0.0716,-0.0578,-0.0438,-0.0298,-0.0148,0,0.014,0.028,0.043,0.058
1.09,-0.1608,-0.1359,-0.1108,-0.0978,-0.0848,-0.0718,-0.0579,-0.0439,-0.0299,-0.0149,0,0.014,0.028,0.043,0.058
1.1,-0.161,-0.136,-0.111,-0.098,-0.085,-0.072,-0.058,-0.044,-0.03,-0.015,0,0.014,0.028,0.043,0.058
1.11,-0.1611,-0.136,-0.1109,-0.0979,-0.0849,-0.0718,-0.0579,-0.0439,-0.0299,-0.0149,0,0.014,0.0281,0.0431,0.058
1.12,-0.1612,-0.136,-0.1108,-0.0978,-0.0848,-0.0716,-0.0578,-0.0438,-0.0298,-0.0148,0,0.014,0.0282,0.0432,0.058
1.13,-0.1613,-0.136,-0.1107,-0.0977,-0.0847,-0.0714,-0.0577,-0.0437,-0.0297,-0.0147,0,0.014,0.0283,0.0433,0.058
1.14,-0.1614,-0.136,-0.1106,-0.0976,-0.0846,-0.0712,-0.0576,-0.0436,-0.0296,-0.0146,0,0.014,0.0284,0.0434,0.058
1.15,-0.1615,-0.136,-0.1105,-0.0975,-0.0845,-0.071,-0.0575,-0.0435,-0.0295,-0.0145,0,0.014,0.0285,0.0435,0.058
1.16,-0.1616,-0.136,-0.1104,-0.0974,-0.0844,-0.0708,-0.0574,-0.0434,-0.0294,-0.0144,0,0.014,0.0286,0.0436,0.058
1.17,-0.1617,-0.136,-0.1103,-0.0973,-0.0843,-0.0706,-0.0573,-0.0433,-0.0293,-0.0143,0,0.014,0.0287,0.0437,0.058
1.18,-0.1618,-0.136,-0.1102,-0.0972,-0.0842,-0.0704,-0.0572,-0.0432,-0.0292,-0.0142,0,0.014,0.0288,0.0438,0.058
1.19,-0.1619,-0.136,-0.1101,-0.0971,-0.0841,-0.0702,-0.0571,-0.0431,-0.0291,-0.0141,0,0.014,0.0289,0.0439,0.058
1.2,-0.162,-0.136,-0.11,-0.097,-0.084,-0.07,-0.057,-0.043,-0.029,-0.014,0,0.014,0.029,0.044,0.058
1.21,-0.162066667,-0.136066667,-0.110033333,-0.097033333,-0.084033333,-0.070033333,-0.057,-0.043,-0.029,-0.014,0,0.014,0.028966667,0.043966667,0.058
1.22,-0.162133333,-0.136133333,-0.110066667,-0.097066667,-0.084066667,-0.070066667,-0.057,-0.043,-0.029,-0.014,0,0.014,0.028933333,0.043933333,0.058
1.23,-0.1622,-0.1362,-0.1101,-0.0971,-0.0841,-0.0701,-0.057,-0.043,-0.029,-0.014,0,0.014,0.0289,0.0439,0.058
1.24,-0.162266667,-0.136266667,-0.110133333,-0.097133333,-0.084133333,-0.070133333,-0.057,-0.043,-0.029,-0.014,0,0.014,0.028866667,0.043866667,0.058
1.25,-0.162333333,-0.136333333,-0.110166667,-0.097166667,-0.084166667,-0.070166667,-0.057,-0.043,-0.029,-0.014,0,0.014,0.028833333,0.043833333,0.058
1.26,-0.1624,-0.1364,-0.1102,-0.0972,-0.0842,-0.0702,-0.057,-0.043,-0.029,-0.014,0,0.014,0.0288,0.0438,0.058
1.27,-0.162466667,-0.136466667,-0.110233333,-0.097233333,-0.084233333,-0.070233333,-0.057,-0.043,-0.029,-0.014,0,0.014,0.028766667,0.043766667,0.058
1.28,-0.162533333,-0.136533333,-0.110266667,-0.097266667,-0.084266667,-0.070266667,-0.057,-0.043,-0.029,-0.014,0,0.014,0.028733333,0.043733333,0.058
1.29,-0.1626,-0.1366,-0.1103,-0.0973,-0.0843,-0.0703,-0.057,-0.043,-0.029,-0.014,0,0.014,0.0287,0.0437,0.058
1.3,-0.162666667,-0.136666667,-0.110333333,-0.097333333,-0.084333333,-0.070333333,-0.057,-0.043,-0.029,-0.014,0,0.014,0.028666667,0.043666667,0.058
1.31,-0.162733333,-0.136733333,-0.110366667,-0.097366667,-0.084366667,-0.070366667,-0.057,-0.043,-0.029,-0.014,0,0.014,0.028633333,0.043633333,0.058
1.32,-0.1628,-0.1368,-0.1104,-0.0974,-0.0844,-0.0704,-0.057,-0.043,-0.029,-0.014,0,0.014,0.0286,0.0436,0.058
1.33,-0.162866667,-0.136866667,-0.110433333,-0.097433333,-0.084433333,-0.070433333,-0.057,-0.043,-0.029,-0.014,0,0.014,0.028566667,0.043566667,0.058
1.34,-0.162933333,-0.136933333,-0.110466667,-0.097466667,-0.084466667,-0.070466667,-0.057,-0.043,-0.029,-0.014,0,0.014,0.028533333,0.043533333,0.058
1.35,-0.163,-0.137,-0.1105,-0.0975,-0.0845,-0.0705,-0.057,-0.043,-0.029,-0.014,0,0.014,0.0285,0.0435,0.058
1.36,-0.163066667,-0.137066667,-0.110533333,-0.097533333,-0.084533333,-0.070533333,-0.057,-0.043,-0.029,-0.014,0,0.014,0.028466667,0.043466667,0.058
1.37,-0.163133333,-0.137133333,-0.110566667,-0.097566667,-0.084566667,-0.070566667,-0.057,-0.043,-0.029,-0.014,0,0.014,0.028433333,0.043433333,0.058
1.38,-0.1632,-0.1372,-0.1106,-0.0976,-0.0846,-0.0706,-0.057,-0.043,-0.029,-0.014,0,0.014,0.0284,0.0434,0.058
1.39,-0.163266667,-0.137266667,-0.110633333,-0.097633333,-0.084633333,-0.070633333,-0.057,-0.043,-0.029,-0.014,0,0.014,0.028366667,0.043366667,0.058
1.4,-0.163333333,-0.137333333,-0.110666667,-0.097666667,-0.084666667,-0.070666667,-0.057,-0.043,-0.029,-0.014,0,0.014,0.028333333,0.043333333,0.058
1.41,-0.1634,-0.1374,-0.1107,-0.0977,-0.0847,-0.0707,-0.057,-0.043,-0.029,-0.014,0,0.014,0.0283,0.0433,0.058
1.42,-0.163466667,-0.137466667,-0.110733333,-0.097733333,-0.084733333,-0.070733333,-0.057,-0.043,-0.029,-0.014,0,0.014,0.028266667,0.043266667,0.058
1.43,-0.163533333,-0.137533333,-0.110766667,-0.097766667,-0.084766667,-0.070766667,-0.057,-0.043,-0.029,-0.014,0,0.014,0.028233333,0.043233333,0.058
1.44,-0.1636,-0.1376,-0.1108,-0.0978,-0.0848,-0.0708,-0.057,-0.043,-0.029,-0.014,0,0.014,0.0282,0.0432,0.058
1.45,-0.163666667,-0.137666667,-0.110833333,-0.097833333,-0.084833333,-0.070833333,-0.057,-0.043,-0.029,-0.014,0,0.014,0.028166667,0.043166667,0.058
1.46,-0.163733333,-0.137733333,-0.110866667,-0.097866667,-0.084866667,-0.070866667,-0.057,-0.043,-0.029,-0.014,0,0.014,0.028133333,0.043133333,0.058
1.47,-0.1638,-0.1378,-0.1109,-0.0979,-0.0849,-0.0709,-0.057,-0.043,-0.029,-0.014,0,0.014,0.0281,0.0431,0.058
1.48,-0.163866667,-0.137866667,-0.110933333,-0.097933333,-0.084933333,-0.070933333,-0.057,-0.043,-0.029,-0.014,0,0.014,0.028066667,0.043066667,0.058
1.49,-0.163933333,-0.137933333,-0.110966667,-0.097966667,-0.084966667,-0.070966667,-0.057,-0.043,-0.029,-0.014,0,0.014,0.028033333,0.043033333,0.058
1.5,-0.164,-0.138,-0.111,-0.098,-0.085,-0.071,-0.057,-0.043,-0.029,-0.014,0,0.014,0.028,0.043,0.058
1.51,-0.16404,-0.13804,-0.11104,-0.09802,-0.085,-0.071,-0.057,-0.043,-0.029,-0.014,0,0.014,0.028,0.04298,0.05798
1.52,-0.16408,-0.13808,-0.11108,-0.09804,-0.085,-0.071,-0.057,-0.043,-0.029,-0.014,0,0.014,0.028,0.04296,0.05796
1.53,-0.16412,-0.13812,-0.11112,-0.09806,-0.085,-0.071,-0.057,-0.043,-0.029,-0.014,0,0.014,0.028,0.04294,0.05794
1.54,-0.16416,-0.13816,-0.11116,-0.09808,-0.085,-0.071,-0.057,-0.043,-0.029,-0.014,0,0.014,0.028,0.04292,0.05792
1.55,-0.1642,-0.1382,-0.1112,-0.0981,-0.085,-0.071,-0.057,-0.043,-0.029,-0.014,0,0.014,0.028,0.0429,0.0579
1.56,-0.16424,-0.13824,-0.11124,-0.09812,-0.085,-0.071,-0.057,-0.043,-0.029,-0.014,0,0.014,0.028,0.04288,0.05788
1.57,-0.16428,-0.13828,-0.11128,-0.09814,-0.085,-0.071,-0.057,-0.043,-0.029,-0.014,0,0.014,0.028,0.04286,0.05786
1.58,-0.16432,-0.13832,-0.11132,-0.09816,-0.085,-0.071,-0.057,-0.043,-0.029,-0.014,0,0.014,0.028,0.04284,0.05784
1.59,-0.16436,-0.13836,-0.11136,-0.09818,-0.085,-0.071,-0.057,-0.043,-0.029,-0.014,0,0.014,0.028,0.04282,0.05782
1.6,-0.1644,-0.1384,-0.1114,-0.0982,-0.085,-0.071,-0.057,-0.043,-0.029,-0.014,0,0.014,0.028,0.0428,0.0578
1.61,-0.16444,-0.13844,-0.11144,-0.09822,-0.085,-0.071,-0.057,-0.043,-0.029,-0.014,0,0.014,0.028,0.04278,0.05778
1.62,-0.16448,-0.13848,-0.11148,-0.09824,-0.085,-0.071,-0.057,-0.043,-0.029,-0.014,0,0.014,0.028,0.04276,0.05776
1.63,-0.16452,-0.13852,-0.11152,-0.09826,-0.085,-0.071,-0.057,-0.043,-0.029,-0.014,0,0.014,0.028,0.04274,0.05774
1.64,-0.16456,-0.13856,-0.11156,-0.09828,-0.085,-0.071,-0.057,-0.043,-0.029,-0.014,0,0.014,0.028,0.04272,0.05772
1.65,-0.1646,-0.1386,-0.1116,-0.0983,-0.085,-0.071,-0.057,-0.043,-0.029,-0.014,0,0.014,0.028,0.0427,0.0577
1.66,-0.16464,-0.13864,-0.11164,-0.09832,-0.085,-0.071,-0.057,-0.043,-0.029,-0.014,0,0.014,0.028,0.04268,0.05768
1.67,-0.16468,-0.13868,-0.11168,-0.09834,-0.085,-0.071,-0.057,-0.043,-0.029,-0.014,0,0.014,0.028,0.04266,0.05766
1.68,-0.16472,-0.13872,-0.11172,-0.09836,-0.085,-0.071,-0.057,-0.043,-0.029,-0.014,0,0.014,0.028,0.04264,0.05764
1.69,-0.16476,-0.13876,-0.11176,-0.09838,-0.085,-0.071,-0.057,-0.043,-0.029,-0.014,0,0.014,0.028,0.04262,0.05762
1.7,-0.1648,-0.1388,-0.1118,-0.0984,-0.085,-0.071,-0.057,-0.043,-0.029,-0.014,0,0.014,0.028,0.0426,0.0576
1.71,-0.16484,-0.13884,-0.11184,-0.09842,-0.085,-0.071,-0.057,-0.043,-0.029,-0.014,0,0.014,0.028,0.04258,0.05758
1.72,-0.16488,-0.13888,-0.11188,-0.09844,-0.085,-0.071,-0.057,-0.043,-0.029,-0.014,0,0.014,0.028,0.04256,0.05756
1.73,-0.16492,-0.13892,-0.11192,-0.09846,-0.085,-0.071,-0.057,-0.043,-0.029,-0.014,0,0.014,0.028,0.04254,0.05754
1.74,-0.16496,-0.13896,-0.11196,-0.09848,-0.085,-0.071,-0.057,-0.043,-0.029,-0.014,0,0.014,0.028,0.04252,0.05752
1.75,-0.165,-0.139,-0.112,-0.0985,-0.085,-0.071,-0.057,-0.043,-0.029,-0.014,0,0.014,0.028,0.0425,0.0575
1.76,-0.16504,-0.13904,-0.11204,-0.09852,-0.085,-0.071,-0.057,-0.043,-0.029,-0.014,0,0.014,0.028,0.04248,0.05748
1.77,-0.16508,-0.13908,-0.11208,-0.09854,-0.085,-0.071,-0.057,-0.043,-0.029,-0.014,0,0.014,0.028,0.04246,0.05746
1.78,-0.16512,-0.13912,-0.11212,-0.09856,-0.085,-0.071,-0.057,-0.043,-0.029,-0.014,0,0.014,0.028,0.04244,0.05744
1.79,-0.16516,-0.13916,-0.11216,-0.09858,-0.085,-0.071,-0.057,-0.043,-0.029,-0.014,0,0.014,0.028,0.04242,0.05742
1.8,-0.1652,-0.1392,-0.1122,-0.0986,-0.085,-0.071,-0.057,-0.043,-0.029,-0.014,0,0.014,0.028,0.0424,0.0574
1.81,-0.16524,-0.13924,-0.11224,-0.09862,-0.085,-0.071,-0.057,-0.043,-0.029,-0.014,0,0.014,0.028,0.04238,0.05738
1.82,-0.16528,-0.13928,-0.11228,-0.09864,-0.085,-0.071,-0.057,-0.043,-0.029,-0.014,0,0.014,0.028,0.04236,0.05736
1.83,-0.16532,-0.13932,-0.11232,-0.09866,-0.085,-0.071,-0.057,-0.043,-0.029,-0.014,0,0.014,0.028,0.04234,0.05734
1.84,-0.16536,-0.13936,-0.11236,-0.09868,-0.085,-0.071,-0.057,-0.043,-0.029,-0.014,0,0.014,0.028,0.04232,0.05732
1.85,-0.1654,-0.1394,-0.1124,-0.0987,-0.085,-0.071,-0.057,-0.043,-0.029,-0.014,0,0.014,0.028,0.0423,0.0573
1.86,-0.16544,-0.13944,-0.11244,-0.09872,-0.085,-0.071,-0.057,-0.043,-0.029,-0.014,0,0.014,0.028,0.04228,0.05728
1.87,-0.16548,-0.13948,-0.11248,-0.09874,-0.085,-0.071,-0.057,-0.043,-0.029,-0.014,0,0.014,0.028,0.04226,0.05726
1.88,-0.16552,-0.13952,-0.11252,-0.09876,-0.085,-0.071,-0.057,-0.043,-0.029,-0.014,0,0.014,0.028,0.04224,0.05724
1.89,-0.16556,-0.13956,-0.11256,-0.09878,-0.085,-0.071,-0.057,-0.043,-0.029,-0.014,0,0.014,0.028,0.04222,0.05722
1.9,-0.1656,-0.1396,-0.1126,-0.0988,-0.085,-0.071,-0.057,-0.043,-0.029,-0.014,0,0.014,0.028,0.0422,0.0572
1.91,-0.16564,-0.13964,-0.11264,-0.09882,-0.085,-0.071,-0.057,-0.043,-0.029,-0.014,0,0.014,0.028,0.04218,0.05718
1.92,-0.16568,-0.13968,-0.11268,-0.09884,-0.085,-0.071,-0.057,-0.043,-0.029,-0.014,0,0.014,0.028,0.04216,0.05716
1.93,-0.16572,-0.13972,-0.11272,-0.09886,-0.085,-0.071,-0.057,-0.043,-0.029,-0.014,0,0.014,0.028,0.04214,0.05714
1.94,-0.16576,-0.13976,-0.11276,-0.09888,-0.085,-0.071,-0.057,-0.043,-0.029,-0.014,0,0.014,0.028,0.04212,0.05712
1.95,-0.1658,-0.1398,-0.1128,-0.0989,-0.085,-0.071,-0.057,-0.043,-0.029,-0.014,0,0.014,0.028,0.0421,0.0571
1.96,-0.16584,-0.13984,-0.11284,-0.09892,-0.085,-0.071,-0.057,-0.043,-0.029,-0.014,0,0.014,0.028,0.04208,0.05708
1.97,-0.16588,-0.13988,-0.11288,-0.09894,-0.085,-0.071,-0.057,-0.043,-0.029,-0.014,0,0.014,0.028,0.04206,0.05706
1.98,-0.16592,-0.13992,-0.11292,-0.09896,-0.085,-0.071,-0.057,-0.043,-0.029,-0.014,0,0.014,0.028,0.04204,0.05704
1.99,-0.16596,-0.13996,-0.11296,-0.09898,-0.085,-0.071,-0.057,-0.043,-0.029,-0.014,0,0.014,0.028,0.04202,0.05702
2,-0.166,-0.14,-0.113,-0.099,-0.085,-0.071,-0.057,-0.043,-0.029,-0.014,0,0.014,0.028,0.042,0.057
2.01,-0.16606,-0.14004,-0.113,-0.099,-0.085,-0.071,-0.057,-0.043,-0.029,-0.014,0,0.014,0.028,0.042,0.057
2.02,-0.16612,-0.14008,-0.113,-0.099,-0.085,-0.071,-0.057,-0.043,-0.029,-0.014,0,0.014,0.028,0.042,0.057
2.03,-0.16618,-0.14012,-0.113,-0.099,-0.085,-0.071,-0.057,-0.043,-0.029,-0.014,0,0.014,0.028,0.042,0.057
2.04,-0.16624,-0.14016,-0.113,-0.099,-0.085,-0.071,-0.057,-0.043,-0.029,-0.014,0,0.014,0.028,0.042,0.057
2.05,-0.1663,-0.1402,-0.113,-0.099,-0.085,-0.071,-0.057,-0.043,-0.029,-0.014,0,0.014,0.028,0.042,0.057
2.06,-0.16636,-0.14024,-0.113,-0.099,-0.085,-0.071,-0.057,-0.043,-0.029,-0.014,0,0.014,0.028,0.042,0.057
2.07,-0.16642,-0.14028,-0.113,-0.099,-0.085,-0.071,-0.057,-0.043,-0.029,-0.014,0,0.014,0.028,0.042,0.057
2.08,-0.16648,-0.14032,-0.113,-0.099,-0.085,-0.071,-0.057,-0.043,-0.029,-0.014,0,0.014,0.028,0.042,0.057
2.09,-0.16654,-0.14036,-0.113,-0.099,-0.085,-0.071,-0.057,-0.043,-0.029,-0.014,0,0.014,0.028,0.042,0.057
2.1,-0.1666,-0.1404,-0.113,-0.099,-0.085,-0.071,-0.057,-0.043,-0.029,-0.014,0,0.014,0.028,0.042,0.057
2.11,-0.16666,-0.14044,-0.113,-0.099,-0.085,-0.071,-0.057,-0.043,-0.029,-0.014,0,0.014,0.028,0.042,0.057
2.12,-0.16672,-0.14048,-0.113,-0.099,-0.085,-0.071,-0.057,-0.043,-0.029,-0.014,0,0.014,0.028,0.042,0.057
2.13,-0.16678,-0.14052,-0.113,-0.099,-0.085,-0.071,-0.057,-0.043,-0.029,-0.014,0,0.014,0.028,0.042,0.057
2.14,-0.16684,-0.14056,-0.113,-0.099,-0.085,-0.071,-0.057,-0.043,-0.029,-0.014,0,0.014,0.028,0.042,0.057
2.15,-0.1669,-0.1406,-0.113,-0.099,-0.085,-0.071,-0.057,-0.043,-0.029,-0.014,0,0.014,0.028,0.042,0.057
2.16,-0.16696,-0.14064,-0.113,-0.099,-0.085,-0.071,-0.057,-0.043,-0.029,-0.014,0,0.014,0.028,0.042,0.057
2.17,-0.16702,-0.14068,-0.113,-0.099,-0.085,-0.071,-0.057,-0.043,-0.029,-0.014,0,0.014,0.028,0.042,0.057
2.18,-0.16708,-0.14072,-0.113,-0.099,-0.085,-0.071,-0.057,-0.043,-0.029,-0.014,0,0.014,0.028,0.042,0.057
2.19,-0.16714,-0.14076,-0.113,-0.099,-0.085,-0.071,-0.057,-0.043,-0.029,-0.014,0,0.014,0.028,0.042,0.057
2.2,-0.1672,-0.1408,-0.113,-0.099,-0.085,-0.071,-0.057,-0.043,-0.029,-0.014,0,0.014,0.028,0.042,0.057
2.21,-0.16726,-0.14084,-0.113,-0.099,-0.085,-0.071,-0.057,-0.043,-0.029,-0.014,0,0.014,0.028,0.042,0.057
2.22,-0.16732,-0.14088,-0.113,-0.099,-0.085,-0.071,-0.057,-0.043,-0.029,-0.014,0,0.014,0.028,0.042,0.057
2.23,-0.16738,-0.14092,-0.113,-0.099,-0.085,-0.071,-0.057,-0.043,-0.029,-0.014,0,0.014,0.028,0.042,0.057
2.24,-0.16744,-0.14096,-0.113,-0.099,-0.085,-0.071,-0.057,-0.043,-0.029,-0.014,0,0.014,0.028,0.042,0.057
2.25,-0.1675,-0.141,-0.113,-0.099,-0.085,-0.071,-0.057,-0.043,-0.029,-0.014,0,0.014,0.028,0.042,0.057
2.26,-0.16756,-0.14104,-0.113,-0.099,-0.085,-0.071,-0.057,-0.043,-0.029,-0.014,0,0.014,0.028,0.042,0.057
2.27,-0.16762,-0.14108,-0.113,-0.099,-0.085,-0.071,-0.057,-0.043,-0.029,-0.014,0,0.014,0.028,0.042,0.057
2.28,-0.16768,-0.14112,-0.113,-0.099,-0.085,-0.071,-0.057,-0.043,-0.029,-0.014,0,0.014,0.028,0.042,0.057
2.29,-0.16774,-0.14116,-0.113,-0.099,-0.085,-0.071,-0.057,-0.043,-0.029,-0.014,0,0.014,0.028,0.042,0.057
2.3,-0.1678,-0.1412,-0.113,-0.099,-0.085,-0.071,-0.057,-0.043,-0.029,-0.014,0,0.014,0.028,0.042,0.057
2.31,-0.16786,-0.14124,-0.113,-0.099,-0.085,-0.071,-0.057,-0.043,-0.029,-0.014,0,0.014,0.028,0.042,0.057
2.32,-0.16792,-0.14128,-0.113,-0.099,-0.085,-0.071,-0.057,-0.043,-0.029,-0.014,0,0.014,0.028,0.042,0.057
2.33,-0.16798,-0.14132,-0.113,-0.099,-0.085,-0.071,-0.057,-0.043,-0.029,-0.014,0,0.014,0.028,0.042,0.057
2.34,-0.16804,-0.14136,-0.113,-0.099,-0.085,-0.071,-0.057,-0.043,-0.029,-0.014,0,0.014,0.028,0.042,0.057
2.35,-0.1681,-0.1414,-0.113,-0.099,-0.085,-0.071,-0.057,-0.043,-0.029,-0.014,0,0.014,0.028,0.042,0.057
2.36,-0.16816,-0.14144,-0.113,-0.099,-0.085,-0.071,-0.057,-0.043,-0.029,-0.014,0,0.014,0.028,0.042,0.057
2.37,-0.16822,-0.14148,-0.113,-0.099,-0.085,-0.071,-0.057,-0.043,-0.029,-0.014,0,0.014,0.028,0.042,0.057
2.38,-0.16828,-0.14152,-0.113,-0.099,-0.085,-0.071,-0.057,-0.043,-0.029,-0.014,0,0.014,0.028,0.042,0.057
2.39,-0.16834,-0.14156,-0.113,-0.099,-0.085,-0.071,-0.057,-0.043,-0.029,-0.014,0,0.014,0.028,0.042,0.057
2.4,-0.1684,-0.1416,-0.113,-0.099,-0.085,-0.071,-0.057,-0.043,-0.029,-0.014,0,0.014,0.028,0.042,0.057
2.41,-0.16846,-0.14164,-0.113,-0.099,-0.085,-0.071,-0.057,-0.043,-0.029,-0.014,0,0.014,0.028,0.042,0.057
2.42,-0.16852,-0.14168,-0.113,-0.099,-0.085,-0.071,-0.057,-0.043,-0.029,-0.014,0,0.014,0.028,0.042,0.057
2.43,-0.16858,-0.14172,-0.113,-0.099,-0.085,-0.071,-0.057,-0.043,-0.029,-0.014,0,0.014,0.028,0.042,0.057
2.44,-0.16864,-0.14176,-0.113,-0.099,-0.085,-0.071,-0.057,-0.043,-0.029,-0.014,0,0.014,0.028,0.042,0.057
2.45,-0.1687,-0.1418,-0.113,-0.099,-0.085,-0.071,-0.057,-0.043,-0.029,-0.014,0,0.014,0.028,0.042,0.057
2.46,-0.16876,-0.14184,-0.113,-0.099,-0.085,-0.071,-0.057,-0.043,-0.029,-0.014,0,0.014,0.028,0.042,0.057
2.47,-0.16882,-0.14188,-0.113,-0.099,-0.085,-0.071,-0.057,-0.043,-0.029,-0.014,0,0.014,0.028,0.042,0.057
2.48,-0.16888,-0.14192,-0.113,-0.099,-0.085,-0.071,-0.057,-0.043,-0.029,-0.014,0,0.014,0.028,0.042,0.057
2.49,-0.16894,-0.14196,-0.113,-0.099,-0.085,-0.071,-0.057,-0.043,-0.029,-0.014,0,0.014,0.028,0.042,0.057
2.5,-0.169,-0.142,-0.113,-0.099,-0.085,-0.071,-0.057,-0.043,-0.029,-0.014,0,0.014,0.028,0.042,0.057
2.51,-0.16902,-0.142,-0.113,-0.099,-0.085,-0.071,-0.057,-0.043,-0.029,-0.014,0,0.014,0.028,0.042,0.057
2.52,-0.16904,-0.142,-0.113,-0.099,-0.085,-0.071,-0.057,-0.043,-0.029,-0.014,0,0.014,0.028,0.042,0.057
2.53,-0.16906,-0.142,-0.113,-0.099,-0.085,-0.071,-0.057,-0.043,-0.029,-0.014,0,0.014,0.028,0.042,0.057
2.54,-0.16908,-0.142,-0.113,-0.099,-0.085,-0.071,-0.057,-0.043,-0.029,-0.014,0,0.014,0.028,0.042,0.057
2.55,-0.1691,-0.142,-0.113,-0.099,-0.085,-0.071,-0.057,-0.043,-0.029,-0.014,0,0.014,0.028,0.042,0.057
2.56,-0.16912,-0.142,-0.113,-0.099,-0.085,-0.071,-0.057,-0.043,-0.029,-0.014,0,0.014,0.028,0.042,0.057
2.57,-0.16914,-0.142,-0.113,-0.099,-0.085,-0.071,-0.057,-0.043,-0.029,-0.014,0,0.014,0.028,0.042,0.057
2.58,-0.16916,-0.142,-0.113,-0.099,-0.085,-0.071,-0.057,-0.043,-0.029,-0.014,0,0.014,0.028,0.042,0.057
2.59,-0.16918,-0.142,-0.113,-0.099,-0.085,-0.071,-0.057,-0.043,-0.029,-0.014,0,0.014,0.028,0.042,0.057
2.6,-0.1692,-0.142,-0.113,-0.099,-0.085,-0.071,-0.057,-0.043,-0.029,-0.014,0,0.014,0.028,0.042,0.057
2.61,-0.16922,-0.142,-0.113,-0.099,-0.085,-0.071,-0.057,-0.043,-0.029,-0.014,0,0.014,0.028,0.042,0.057
2.62,-0.16924,-0.142,-0.113,-0.099,-0.085,-0.071,-0.057,-0.043,-0.029,-0.014,0,0.014,0.028,0.042,0.057
2.63,-0.16926,-0.142,-0.113,-0.099,-0.085,-0.071,-0.057,-0.043,-0.029,-0.014,0,0.014,0.028,0.042,0.057
2.64,-0.16928,-0.142,-0.113,-0.099,-0.085,-0.071,-0.057,-0.043,-0.029,-0.014,0,0.014,0.028,0.042,0.057
2.65,-0.1693,-0.142,-0.113,-0.099,-0.085,-0.071,-0.057,-0.043,-0.029,-0.014,0,0.014,0.028,0.042,0.057
2.66,-0.16932,-0.142,-0.113,-0.099,-0.085,-0.071,-0.057,-0.043,-0.029,-0.014,0,0.014,0.028,0.042,0.057
2.67,-0.16934,-0.142,-0.113,-0.099,-0.085,-0.071,-0.057,-0.043,-0.029,-0.014,0,0.014,0.028,0.042,0.057
2.68,-0.16936,-0.142,-0.113,-0.099,-0.085,-0.071,-0.057,-0.043,-0.029,-0.014,0,0.014,0.028,0.042,0.057
2.69,-0.16938,-0.142,-0.113,-0.099,-0.085,-0.071,-0.057,-0.043,-0.029,-0.014,0,0.014,0.028,0.042,0.057
2.7,-0.1694,-0.142,-0.113,-0.099,-0.085,-0.071,-0.057,-0.043,-0.029,-0.014,0,0.014,0.028,0.042,0.057
2.71,-0.16942,-0.142,-0.113,-0.099,-0.085,-0.071,-0.057,-0.043,-0.029,-0.014,0,0.014,0.028,0.042,0.057
2.72,-0.16944,-0.142,-0.113,-0.099,-0.085,-0.071,-0.057,-0.043,-0.029,-0.014,0,0.014,0.028,0.042,0.057
2.73,-0.16946,-0.142,-0.113,-0.099,-0.085,-0.071,-0.057,-0.043,-0.029,-0.014,0,0.014,0.028,0.042,0.057
2.74,-0.16948,-0.142,-0.113,-0.099,-0.085,-0.071,-0.057,-0.043,-0.029,-0.014,0,0.014,0.028,0.042,0.057
2.75,-0.1695,-0.142,-0.113,-0.099,-0.085,-0.071,-0.057,-0.043,-0.029,-0.014,0,0.014,0.028,0.042,0.057
2.76,-0.16952,-0.142,-0.113,-0.099,-0.085,-0.071,-0.057,-0.043,-0.029,-0.014,0,0.014,0.028,0.042,0.057
2.77,-0.16954,-0.142,-0.113,-0.099,-0.085,-0.071,-0.057,-0.043,-0.029,-0.014,0,0.014,0.028,0.042,0.057
2.78,-0.16956,-0.142,-0.113,-0.099,-0.085,-0.071,-0.057,-0.043,-0.029,-0.014,0,0.014,0.028,0.042,0.057
2.79,-0.16958,-0.142,-0.113,-0.099,-0.085,-0.071,-0.057,-0.043,-0.029,-0.014,0,0.014,0.028,0.042,0.057
2.8,-0.1696,-0.142,-0.113,-0.099,-0.085,-0.071,-0.057,-0.043,-0.029,-0.014,0,0.014,0.028,0.042,0.057
2.81,-0.16962,-0.142,-0.113,-0.099,-0.085,-0.071,-0.057,-0.043,-0.029,-0.014,0,0.014,0.028,0.042,0.057
2.82,-0.16964,-0.142,-0.113,-0.099,-0.085,-0.071,-0.057,-0.043,-0.029,-0.014,0,0.014,0.028,0.042,0.057
2.83,-0.16966,-0.142,-0.113,-0.099,-0.085,-0.071,-0.057,-0.043,-0.029,-0.014,0,0.014,0.028,0.042,0.057
2.84,-0.16968,-0.142,-0.113,-0.099,-0.085,-0.071,-0.057,-0.043,-0.029,-0.014,0,0.014,0.028,0.042,0.057
2.85,-0.1697,-0.142,-0.113,-0.099,-0.085,-0.071,-0.057,-0.043,-0.029,-0.014,0,0.014,0.028,0.042,0.057
2.86,-0.16972,-0.142,-0.113,-0.099,-0.085,-0.071,-0.057,-0.043,-0.029,-0.014,0,0.014,0.028,0.042,0.057
2.87,-0.16974,-0.142,-0.113,-0.099,-0.085,-0.071,-0.057,-0.043,-0.029,-0.014,0,0.014,0.028,0.042,0.057
2.88,-0.16976,-0.142,-0.113,-0.099,-0.085,-0.071,-0.057,-0.043,-0.029,-0.014,0,0.014,0.028,0.042,0.057
2.89,-0.16978,-0.142,-0.113,-0.099,-0.085,-0.071,-0.057,-0.043,-0.029,-0.014,0,0.014,0.028,0.042,0.057
2.9,-0.1698,-0.142,-0.113,-0.099,-0.085,-0.071,-0.057,-0.043,-0.029,-0.014,0,0.014,0.028,0.042,0.057
2.91,-0.16982,-0.142,-0.113,-0.099,-0.085,-0.071,-0.057,-0.043,-0.029,-0.014,0,0.014,0.028,0.042,0.057
2.92,-0.16984,-0.142,-0.113,-0.099,-0.085,-0.071,-0.057,-0.043,-0.029,-0.014,0,0.014,0.028,0.042,0.057
2.93,-0.16986,-0.142,-0.113,-0.099,-0.085,-0.071,-0.057,-0.043,-0.029,-0.014,0,0.014,0.028,0.042,0.057
2.94,-0.16988,-0.142,-0.113,-0.099,-0.085,-0.071,-0.057,-0.043,-0.029,-0.014,0,0.014,0.028,0.042,0.057
2.95,-0.1699,-0.142,-0.113,-0.099,-0.085,-0.071,-0.057,-0.043,-0.029,-0.014,0,0.014,0.028,0.042,0.057
2.96,-0.16992,-0.142,-0.113,-0.099,-0.085,-0.071,-0.057,-0.043,-0.029,-0.014,0,0.014,0.028,0.042,0.057
2.97,-0.16994,-0.142,-0.113,-0.099,-0.085,-0.071,-0.057,-0.043,-0.029,-0.014,0,0.014,0.028,0.042,0.057
2.98,-0.16996,-0.142,-0.113,-0.099,-0.085,-0.071,-0.057,-0.043,-0.029,-0.014,0,0.014,0.028,0.042,0.057
2.99,-0.16998,-0.142,-0.113,-0.099,-0.085,-0.071,-0.057,-0.043,-0.029,-0.014,0,0.014,0.028,0.042,0.057
3,-0.17,-0.142,-0.113,-0.099,-0.085,-0.071,-0.057,-0.043,-0.029,-0.014,0,0.014,0.028,0.042,0.057
3.01,-0.17002,-0.142,-0.11302,-0.09902,-0.08502,-0.07102,-0.057,-0.043,-0.029,-0.014,0,0.014,0.028,0.042,0.057
3.02,-0.17004,-0.142,-0.11304,-0.09904,-0.08504,-0.07104,-0.057,-0.043,-0.029,-0.014,0,0.014,0.028,0.042,0.057
3.03,-0.17006,-0.142,-0.11306,-0.09906,-0.08506,-0.07106,-0.057,-0.043,-0.029,-0.014,0,0.014,0.028,0.042,0.057
3.04,-0.17008,-0.142,-0.11308,-0.09908,-0.08508,-0.07108,-0.057,-0.043,-0.029,-0.014,0,0.014,0.028,0.042,0.057
3.05,-0.1701,-0.142,-0.1131,-0.0991,-0.0851,-0.0711,-0.057,-0.043,-0.029,-0.014,0,0.014,0.028,0.042,0.057
3.06,-0.17012,-0.142,-0.11312,-0.09912,-0.08512,-0.07112,-0.057,-0.043,-0.029,-0.014,0,0.014,0.028,0.042,0.057
3.07,-0.17014,-0.142,-0.11314,-0.09914,-0.08514,-0.07114,-0.057,-0.043,-0.029,-0.014,0,0.014,0.028,0.042,0.057
3.08,-0.17016,-0.142,-0.11316,-0.09916,-0.08516,-0.07116,-0.057,-0.043,-0.029,-0.014,0,0.014,0.028,0.042,0.057
3.09,-0.17018,-0.142,-0.11318,-0.09918,-0.08518,-0.07118,-0.057,-0.043,-0.029,-0.014,0,0.014,0.028,0.042,0.057
3.1,-0.1702,-0.142,-0.1132,-0.0992,-0.0852,-0.0712,-0.057,-0.043,-0.029,-0.014,0,0.014,0.028,0.042,0.057
3.11,-0.17022,-0.142,-0.11322,-0.09922,-0.08522,-0.07122,-0.057,-0.043,-0.029,-0.014,0,0.014,0.028,0.042,0.057
3.12,-0.17024,-0.142,-0.11324,-0.09924,-0.08524,-0.07124,-0.057,-0.043,-0.029,-0.014,0,0.014,0.028,0.042,0.057
3.13,-0.17026,-0.142,-0.11326,-0.09926,-0.08526,-0.07126,-0.057,-0.043,-0.029,-0.014,0,0.014,0.028,0.042,0.057
3.14,-0.17028,-0.142,-0.11328,-0.09928,-0.08528,-0.07128,-0.057,-0.043,-0.029,-0.014,0,0.014,0.028,0.042,0.057
3.15,-0.1703,-0.142,-0.1133,-0.0993,-0.0853,-0.0713,-0.057,-0.043,-0.029,-0.014,0,0.014,0.028,0.042,0.057
3.16,-0.17032,-0.142,-0.11332,-0.09932,-0.08532,-0.07132,-0.057,-0.043,-0.029,-0.014,0,0.014,0.028,0.042,0.057
3.17,-0.17034,-0.142,-0.11334,-0.09934,-0.08534,-0.07134,-0.057,-0.043,-0.029,-0.014,0,0.014,0.028,0.042,0.057
3.18,-0.17036,-0.142,-0.11336,-0.09936,-0.08536,-0.07136,-0.057,-0.043,-0.029,-0.014,0,0.014,0.028,0.042,0.057
3.19,-0.17038,-0.142,-0.11338,-0.09938,-0.08538,-0.07138,-0.057,-0.043,-0.029,-0.014,0,0.014,0.028,0.042,0.057
3.2,-0.1704,-0.142,-0.1134,-0.0994,-0.0854,-0.0714,-0.057,-0.043,-0.029,-0.014,0,0.014,0.028,0.042,0.057
3.21,-0.17042,-0.142,-0.11342,-0.09942,-0.08542,-0.07142,-0.057,-0.043,-0.029,-0.014,0,0.014,0.028,0.042,0.057
3.22,-0.17044,-0.142,-0.11344,-0.09944,-0.08544,-0.07144,-0.057,-0.043,-0.029,-0.014,0,0.014,0.028,0.042,0.057
3.23,-0.17046,-0.142,-0.11346,-0.09946,-0.08546,-0.07146,-0.057,-0.043,-0.029,-0.014,0,0.014,0.028,0.042,0.057
3.24,-0.17048,-0.142,-0.11348,-0.09948,-0.08548,-0.07148,-0.057,-0.043,-0.029,-0.014,0,0.014,0.028,0.042,0.057
3.25,-0.1705,-0.142,-0.1135,-0.0995,-0.0855,-0.0715,-0.057,-0.043,-0.029,-0.014,0,0.014,0.028,0.042,0.057
3.26,-0.17052,-0.142,-0.11352,-0.09952,-0.08552,-0.07152,-0.057,-0.043,-0.029,-0.014,0,0.014,0.028,0.042,0.057
3.27,-0.17054,-0.142,-0.11354,-0.09954,-0.08554,-0.07154,-0.057,-0.043,-0.029,-0.014,0,0.014,0.028,0.042,0.057
3.28,-0.17056,-0.142,-0.11356,-0.09956,-0.08556,-0.07156,-0.057,-0.043,-0.029,-0.014,0,0.014,0.028,0.042,0.057
3.29,-0.17058,-0.142,-0.11358,-0.09958,-0.08558,-0.07158,-0.057,-0.043,-0.029,-0.014,0,0.014,0.028,0.042,0.057
3.3,-0.1706,-0.142,-0.1136,-0.0996,-0.0856,-0.0716,-0.057,-0.043,-0.029,-0.014,0,0.014,0.028,0.042,0.057
3.31,-0.17062,-0.142,-0.11362,-0.09962,-0.08562,-0.07162,-0.057,-0.043,-0.029,-0.014,0,0.014,0.028,0.042,0.057
3.32,-0.17064,-0.142,-0.11364,-0.09964,-0.08564,-0.07164,-0.057,-0.043,-0.029,-0.014,0,0.014,0.028,0.042,0.057
3.33,-0.17066,-0.142,-0.11366,-0.09966,-0.08566,-0.07166,-0.057,-0.043,-0.029,-0.014,0,0.014,0.028,0.042,0.057
3.34,-0.17068,-0.142,-0.11368,-0.09968,-0.08568,-0.07168,-0.057,-0.043,-0.029,-0.014,0,0.014,0.028,0.042,0.057
3.35,-0.1707,-0.142,-0.1137,-0.0997,-0.0857,-0.0717,-0.057,-0.043,-0.029,-0.014,0,0.014,0.028,0.042,0.057
3.36,-0.17072,-0.142,-0.11372,-0.09972,-0.08572,-0.07172,-0.057,-0.043,-0.029,-0.014,0,0.014,0.028,0.042,0.057
3.37,-0.17074,-0.142,-0.11374,-0.09974,-0.08574,-0.07174,-0.057,-0.043,-0.029,-0.014,0,0.014,0.028,0.042,0.057
3.38,-0.17076,-0.142,-0.11376,-0.09976,-0.08576,-0.07176,-0.057,-0.043,-0.029,-0.014,0,0.014,0.028,0.042,0.057
3.39,-0.17078,-0.142,-0.11378,-0.09978,-0.08578,-0.07178,-0.057,-0.043,-0.029,-0.014,0,0.014,0.028,0.042,0.057
3.4,-0.1708,-0.142,-0.1138,-0.0998,-0.0858,-0.0718,-0.057,-0.043,-0.029,-0.014,0,0.014,0.028,0.042,0.057
3.41,-0.17082,-0.142,-0.11382,-0.09982,-0.08582,-0.07182,-0.057,-0.043,-0.029,-0.014,0,0.014,0.028,0.042,0.057
3.42,-0.17084,-0.142,-0.11384,-0.09984,-0.08584,-0.07184,-0.057,-0.043,-0.029,-0.014,0,0.014,0.028,0.042,0.057
3.43,-0.17086,-0.142,-0.11386,-0.09986,-0.08586,-0.07186,-0.057,-0.043,-0.029,-0.014,0,0.014,0.028,0.042,0.057
3.44,-0.17088,-0.142,-0.11388,-0.09988,-0.08588,-0.07188,-0.057,-0.043,-0.029,-0.014,0,0.014,0.028,0.042,0.057
3.45,-0.1709,-0.142,-0.1139,-0.0999,-0.0859,-0.0719,-0.057,-0.043,-0.029,-0.014,0,0.014,0.028,0.042,0.057
3.46,-0.17092,-0.142,-0.11392,-0.09992,-0.08592,-0.07192,-0.057,-0.043,-0.029,-0.014,0,0.014,0.028,0.042,0.057
3.47,-0.17094,-0.142,-0.11394,-0.09994,-0.08594,-0.07194,-0.057,-0.043,-0.029,-0.014,0,0.014,0.028,0.042,0.057
3.48,-0.17096,-0.142,-0.11396,-0.09996,-0.08596,-0.07196,-0.057,-0.043,-0.029,-0.014,0,0.014,0.028,0.042,0.057
3.49,-0.17098,-0.142,-0.11398,-0.09998,-0.08598,-0.07198,-0.057,-0.043,-0.029,-0.014,0,0.014,0.028,0.042,0.057
3.5,-0.171,-0.142,-0.114,-0.1,-0.086,-0.072,-0.057,-0.043,-0.029,-0.014,0,0.014,0.028,0.042,0.057
3.51,-0.17104,-0.14202,-0.11404,-0.10002,-0.086,-0.072,-0.057,-0.043,-0.029,-0.014,0,0.014,0.028,0.042,0.057
3.52,-0.17108,-0.14204,-0.11408,-0.10004,-0.086,-0.072,-0.057,-0.043,-0.029,-0.014,0,0.014,0.028,0.042,0.057
3.53,-0.17112,-0.14206,-0.11412,-0.10006,-0.086,-0.072,-0.057,-0.043,-0.029,-0.014,0,0.014,0.028,0.042,0.057
3.54,-0.17116,-0.14208,-0.11416,-0.10008,-0.086,-0.072,-0.057,-0.043,-0.029,-0.014,0,0.014,0.028,0.042,0.057
3.55,-0.1712,-0.1421,-0.1142,-0.1001,-0.086,-0.072,-0.057,-0.043,-0.029,-0.014,0,0.014,0.028,0.042,0.057
3.56,-0.17124,-0.14212,-0.11424,-0.10012,-0.086,-0.072,-0.057,-0.043,-0.029,-0.014,0,0.014,0.028,0.042,0.057
3.57,-0.17128,-0.14214,-0.11428,-0.10014,-0.086,-0.072,-0.057,-0.043,-0.029,-0.014,0,0.014,0.028,0.042,0.057
3.58,-0.17132,-0.14216,-0.11432,-0.10016,-0.086,-0.072,-0.057,-0.043,-0.029,-0.014,0,0.014,0.028,0.042,0.057
3.59,-0.17136,-0.14218,-0.11436,-0.10018,-0.086,-0.072,-0.057,-0.043,-0.029,-0.014,0,0.014,0.028,0.042,0.057
3.6,-0.1714,-0.1422,-0.1144,-0.1002,-0.086,-0.072,-0.057,-0.043,-0.029,-0.014,0,0.014,0.028,0.042,0.057
3.61,-0.17144,-0.14222,-0.11444,-0.10022,-0.086,-0.072,-0.057,-0.043,-0.029,-0.014,0,0.014,0.028,0.042,0.057
3.62,-0.17148,-0.14224,-0.11448,-0.10024,-0.086,-0.072,-0.057,-0.043,-0.029,-0.014,0,0.014,0.028,0.042,0.057
3.63,-0.17152,-0.14226,-0.11452,-0.10026,-0.086,-0.072,-0.057,-0.043,-0.029,-0.014,0,0.014,0.028,0.042,0.057
3.64,-0.17156,-0.14228,-0.11456,-0.10028,-0.086,-0.072,-0.057,-0.043,-0.029,-0.014,0,0.014,0.028,0.042,0.057
3.65,-0.1716,-0.1423,-0.1146,-0.1003,-0.086,-0.072,-0.057,-0.043,-0.029,-0.014,0,0.014,0.028,0.042,0.057
3.66,-0.17164,-0.14232,-0.11464,-0.10032,-0.086,-0.072,-0.057,-0.043,-0.029,-0.014,0,0.014,0.028,0.042,0.057
3.67,-0.17168,-0.14234,-0.11468,-0.10034,-0.086,-0.072,-0.057,-0.043,-0.029,-0.014,0,0.014,0.028,0.042,0.057
3.68,-0.17172,-0.14236,-0.11472,-0.10036,-0.086,-0.072,-0.057,-0.043,-0.029,-0.014,0,0.014,0.028,0.042,0.057
3.69,-0.17176,-0.14238,-0.11476,-0.10038,-0.086,-0.072,-0.057,-0.043,-0.029,-0.014,0,0.014,0.028,0.042,0.057
3.7,-0.1718,-0.1424,-0.1148,-0.1004,-0.086,-0.072,-0.057,-0.043,-0.029,-0.014,0,0.014,0.028,0.042,0.057
3.71,-0.17184,-0.14242,-0.11484,-0.10042,-0.086,-0.072,-0.057,-0.043,-0.029,-0.014,0,0.014,0.028,0.042,0.057
3.72,-0.17188,-0.14244,-0.11488,-0.10044,-0.086,-0.072,-0.057,-0.043,-0.029,-0.014,0,0.014,0.028,0.042,0.057
3.73,-0.17192,-0.14246,-0.11492,-0.10046,-0.086,-0.072,-0.057,-0.043,-0.029,-0.014,0,0.014,0.028,0.042,0.057
3.74,-0.17196,-0.14248,-0.11496,-0.10048,-0.086,-0.072,-0.057,-0.043,-0.029,-0.014,0,0.014,0.028,0.042,0.057
3.75,-0.172,-0.1425,-0.115,-0.1005,-0.086,-0.072,-0.057,-0.043,-0.029,-0.014,0,0.014,0.028,0.042,0.057
3.76,-0.17204,-0.14252,-0.11504,-0.10052,-0.086,-0.072,-0.057,-0.043,-0.029,-0.014,0,0.014,0.028,0.042,0.057
3.77,-0.17208,-0.14254,-0.11508,-0.10054,-0.086,-0.072,-0.057,-0.043,-0.029,-0.014,0,0.014,0.028,0.042,0.057
3.78,-0.17212,-0.14256,-0.11512,-0.10056,-0.086,-0.072,-0.057,-0.043,-0.029,-0.014,0,0.014,0.028,0.042,0.057
3.79,-0.17216,-0.14258,-0.11516,-0.10058,-0.086,-0.072,-0.057,-0.043,-0.029,-0.014,0,0.014,0.028,0.042,0.057
3.8,-0.1722,-0.1426,-0.1152,-0.1006,-0.086,-0.072,-0.057,-0.043,-0.029,-0.014,0,0.014,0.028,0.042,0.057
3.81,-0.17224,-0.14262,-0.11524,-0.10062,-0.086,-0.072,-0.057,-0.043,-0.029,-0.014,0,0.014,0.028,0.042,0.057
3.82,-0.17228,-0.14264,-0.11528,-0.10064,-0.086,-0.072,-0.057,-0.043,-0.029,-0.014,0,0.014,0.028,0.042,0.057
3.83,-0.17232,-0.14266,-0.11532,-0.10066,-0.086,-0.072,-0.057,-0.043,-0.029,-0.014,0,0.014,0.028,0.042,0.057
3.84,-0.17236,-0.14268,-0.11536,-0.10068,-0.086,-0.072,-0.057,-0.043,-0.029,-0.014,0,0.014,0.028,0.042,0.057
3.85,-0.1724,-0.1427,-0.1154,-0.1007,-0.086,-0.072,-0.057,-0.043,-0.029,-0.014,0,0.014,0.028,0.042,0.057
3.86,-0.17244,-0.14272,-0.11544,-0.10072,-0.086,-0.072,-0.057,-0.043,-0.029,-0.014,0,0.014,0.028,0.042,0.057
3.87,-0.17248,-0.14274,-0.11548,-0.10074,-0.086,-0.072,-0.057,-0.043,-0.029,-0.014,0,0.014,0.028,0.042,0.057
3.88,-0.17252,-0.14276,-0.11552,-0.10076,-0.086,-0.072,-0.057,-0.043,-0.029,-0.014,0,0.014,0.028,0.042,0.057
3.89,-0.17256,-0.14278,-0.11556,-0.10078,-0.086,-0.072,-0.057,-0.043,-0.029,-0.014,0,0.014,0.028,0.042,0.057
3.9,-0.1726,-0.1428,-0.1156,-0.1008,-0.086,-0.072,-0.057,-0.043,-0.029,-0.014,0,0.014,0.028,0.042,0.057
3.91,-0.17264,-0.14282,-0.11564,-0.10082,-0.086,-0.072,-0.057,-0.043,-0.029,-0.014,0,0.014,0.028,0.042,0.057
3.92,-0.17268,-0.14284,-0.11568,-0.10084,-0.086,-0.072,-0.057,-0.043,-0.029,-0.014,0,0.014,0.028,0.042,0.057
3.93,-0.17272,-0.14286,-0.11572,-0.10086,-0.086,-0.072,-0.057,-0.043,-0.029,-0.014,0,0.014,0.028,0.042,0.057
3.94,-0.17276,-0.14288,-0.11576,-0.10088,-0.086,-0.072,-0.057,-0.043,-0.029,-0.014,0,0.014,0.028,0.042,0.057
3.95,-0.1728,-0.1429,-0.1158,-0.1009,-0.086,-0.072,-0.057,-0.043,-0.029,-0.014,0,0.014,0.028,0.042,0.057
3.96,-0.17284,-0.14292,-0.11584,-0.10092,-0.086,-0.072,-0.057,-0.043,-0.029,-0.014,0,0.014,0.028,0.042,0.057
3.97,-0.17288,-0.14294,-0.11588,-0.10094,-0.086,-0.072,-0.057,-0.043,-0.029,-0.014,0,0.014,0.028,0.042,0.057
3.98,-0.17292,-0.14296,-0.11592,-0.10096,-0.086,-0.072,-0.057,-0.043,-0.029,-0.014,0,0.014,0.028,0.042,0.057
3.99,-0.17296,-0.14298,-0.11596,-0.10098,-0.086,-0.072,-0.057,-0.043,-0.029,-0.014,0,0.014,0.028,0.042,0.057
4,-0.173,-0.143,-0.116,-0.101,-0.086,-0.072,-0.057,-0.043,-0.029,-0.014,0,0.014,0.028,0.042,0.057
4.01,-0.17298,-0.14304,-0.116,-0.10102,-0.08602,-0.072,-0.05702,-0.04302,-0.029,-0.014,0,0.014,0.028,0.042,0.057
4.02,-0.17296,-0.14308,-0.116,-0.10104,-0.08604,-0.072,-0.05704,-0.04304,-0.029,-0.014,0,0.014,0.028,0.042,0.057
4.03,-0.17294,-0.14312,-0.116,-0.10106,-0.08606,-0.072,-0.05706,-0.04306,-0.029,-0.014,0,0.014,0.028,0.042,0.057
4.04,-0.17292,-0.14316,-0.116,-0.10108,-0.08608,-0.072,-0.05708,-0.04308,-0.029,-0.014,0,0.014,0.028,0.042,0.057
4.05,-0.1729,-0.1432,-0.116,-0.1011,-0.0861,-0.072,-0.0571,-0.0431,-0.029,-0.014,0,0.014,0.028,0.042,0.057
4.06,-0.17288,-0.14324,-0.116,-0.10112,-0.08612,-0.072,-0.05712,-0.04312,-0.029,-0.014,0,0.014,0.028,0.042,0.057
4.07,-0.17286,-0.14328,-0.116,-0.10114,-0.08614,-0.072,-0.05714,-0.04314,-0.029,-0.014,0,0.014,0.028,0.042,0.057
4.08,-0.17284,-0.14332,-0.116,-0.10116,-0.08616,-0.072,-0.05716,-0.04316,-0.029,-0.014,0,0.014,0.028,0.042,0.057
4.09,-0.17282,-0.14336,-0.116,-0.10118,-0.08618,-0.072,-0.05718,-0.04318,-0.029,-0.014,0,0.014,0.028,0.042,0.057
4.1,-0.1728,-0.1434,-0.116,-0.1012,-0.0862,-0.072,-0.0572,-0.0432,-0.029,-0.014,0,0.014,0.028,0.042,0.057
4.11,-0.17278,-0.14344,-0.116,-0.10122,-0.08622,-0.072,-0.05722,-0.04322,-0.029,-0.014,0,0.014,0.028,0.042,0.057
4.12,-0.17276,-0.14348,-0.116,-0.10124,-0.08624,-0.072,-0.05724,-0.04324,-0.029,-0.014,0,0.014,0.028,0.042,0.057
4.13,-0.17274,-0.14352,-0.116,-0.10126,-0.08626,-0.072,-0.05726,-0.04326,-0.029,-0.014,0,0.014,0.028,0.042,0.057
4.14,-0.17272,-0.14356,-0.116,-0.10128,-0.08628,-0.072,-0.05728,-0.04328,-0.029,-0.014,0,0.014,0.028,0.042,0.057
4.15,-0.1727,-0.1436,-0.116,-0.1013,-0.0863,-0.072,-0.0573,-0.0433,-0.029,-0.014,0,0.014,0.028,0.042,0.057
4.16,-0.17268,-0.14364,-0.116,-0.10132,-0.08632,-0.072,-0.05732,-0.04332,-0.029,-0.014,0,0.014,0.028,0.042,0.057
4.17,-0.17266,-0.14368,-0.116,-0.10134,-0.08634,-0.072,-0.05734,-0.04334,-0.029,-0.014,0,0.014,0.028,0.042,0.057
4.18,-0.17264,-0.14372,-0.116,-0.10136,-0.08636,-0.072,-0.05736,-0.04336,-0.029,-0.014,0,0.014,0.028,0.042,0.057
4.19,-0.17262,-0.14376,-0.116,-0.10138,-0.08638,-0.072,-0.05738,-0.04338,-0.029,-0.014,0,0.014,0.028,0.042,0.057
4.2,-0.1726,-0.1438,-0.116,-0.1014,-0.0864,-0.072,-0.0574,-0.0434,-0.029,-0.014,0,0.014,0.028,0.042,0.057
4.21,-0.17258,-0.14384,-0.116,-0.10142,-0.08642,-0.072,-0.05742,-0.04342,-0.029,-0.014,0,0.014,0.028,0.042,0.057
4.22,-0.17256,-0.14388,-0.116,-0.10144,-0.08644,-0.072,-0.05744,-0.04344,-0.029,-0.014,0,0.014,0.028,0.042,0.057
4.23,-0.17254,-0.14392,-0.116,-0.10146,-0.08646,-0.072,-0.05746,-0.04346,-0.029,-0.014,0,0.014,0.028,0.042,0.057
4.24,-0.17252,-0.14396,-0.116,-0.10148,-0.08648,-0.072,-0.05748,-0.04348,-0.029,-0.014,0,0.014,0.028,0.042,0.057
4.25,-0.1725,-0.144,-0.116,-0.1015,-0.0865,-0.072,-0.0575,-0.0435,-0.029,-0.014,0,0.014,0.028,0.042,0.057
4.26,-0.17248,-0.14404,-0.116,-0.10152,-0.08652,-0.072,-0.05752,-0.04352,-0.029,-0.014,0,0.014,0.028,0.042,0.057
4.27,-0.17246,-0.14408,-0.116,-0.10154,-0.08654,-0.072,-0.05754,-0.04354,-0.029,-0.014,0,0.014,0.028,0.042,0.057
4.28,-0.17244,-0.14412,-0.116,-0.10156,-0.08656,-0.072,-0.05756,-0.04356,-0.029,-0.014,0,0.014,0.028,0.042,0.057
4.29,-0.17242,-0.14416,-0.116,-0.10158,-0.08658,-0.072,-0.05758,-0.04358,-0.029,-0.014,0,0.014,0.028,0.042,0.057
4.3,-0.1724,-0.1442,-0.116,-0.1016,-0.0866,-0.072,-0.0576,-0.0436,-0.029,-0.014,0,0.014,0.028,0.042,0.057
4.31,-0.17238,-0.14424,-0.116,-0.10162,-0.08662,-0.072,-0.05762,-0.04362,-0.029,-0.014,0,0.014,0.028,0.042,0.057
4.32,-0.17236,-0.14428,-0.116,-0.10164,-0.08664,-0.072,-0.05764,-0.04364,-0.029,-0.014,0,0.014,0.028,0.042,0.057
4.33,-0.17234,-0.14432,-0.116,-0.10166,-0.08666,-0.072,-0.05766,-0.04366,-0.029,-0.014,0,0.014,0.028,0.042,0.057
4.34,-0.17232,-0.14436,-0.116,-0.10168,-0.08668,-0.072,-0.05768,-0.04368,-0.029,-0.014,0,0.014,0.028,0.042,0.057
4.35,-0.1723,-0.1444,-0.116,-0.1017,-0.0867,-0.072,-0.0577,-0.0437,-0.029,-0.014,0,0.014,0.028,0.042,0.057
4.36,-0.17228,-0.14444,-0.116,-0.10172,-0.08672,-0.072,-0.05772,-0.04372,-0.029,-0.014,0,0.014,0.028,0.042,0.057
4.37,-0.17226,-0.14448,-0.116,-0.10174,-0.08674,-0.072,-0.05774,-0.04374,-0.029,-0.014,0,0.014,0.028,0.042,0.057
4.38,-0.17224,-0.14452,-0.116,-0.10176,-0.08676,-0.072,-0.05776,-0.04376,-0.029,-0.014,0,0.014,0.028,0.042,0.057
4.39,-0.17222,-0.14456,-0.116,-0.10178,-0.08678,-0.072,-0.05778,-0.04378,-0.029,-0.014,0,0.014,0.028,0.042,0.057
4.4,-0.1722,-0.1446,-0.116,-0.1018,-0.0868,-0.072,-0.0578,-0.0438,-0.029,-0.014,0,0.014,0.028,0.042,0.057
4.41,-0.17218,-0.14464,-0.116,-0.10182,-0.08682,-0.072,-0.05782,-0.04382,-0.029,-0.014,0,0.014,0.028,0.042,0.057
4.42,-0.17216,-0.14468,-0.116,-0.10184,-0.08684,-0.072,-0.05784,-0.04384,-0.029,-0.014,0,0.014,0.028,0.042,0.057
4.43,-0.17214,-0.14472,-0.116,-0.10186,-0.08686,-0.072,-0.05786,-0.04386,-0.029,-0.014,0,0.014,0.028,0.042,0.057
4.44,-0.17212,-0.14476,-0.116,-0.10188,-0.08688,-0.072,-0.05788,-0.04388,-0.029,-0.014,0,0.014,0.028,0.042,0.057
4.45,-0.1721,-0.1448,-0.116,-0.1019,-0.0869,-0.072,-0.0579,-0.0439,-0.029,-0.014,0,0.014,0.028,0.042,0.057
4.46,-0.17208,-0.14484,-0.116,-0.10192,-0.08692,-0.072,-0.05792,-0.04392,-0.029,-0.014,0,0.014,0.028,0.042,0.057
4.47,-0.17206,-0.14488,-0.116,-0.10194,-0.08694,-0.072,-0.05794,-0.04394,-0.029,-0.014,0,0.014,0.028,0.042,0.057
4.48,-0.17204,-0.14492,-0.116,-0.10196,-0.08696,-0.072,-0.05796,-0.04396,-0.029,-0.014,0,0.014,0.028,0.042,0.057
4.49,-0.17202,-0.14496,-0.116,-0.10198,-0.08698,-0.072,-0.05798,-0.04398,-0.029,-0.014,0,0.014,0.028,0.042,0.057
4.5,-0.172,-0.145,-0.116,-0.102,-0.087,-0.072,-0.058,-0.044,-0.029,-0.014,0,0.014,0.028,0.042,0.057
4.51,-0.17204,-0.145,-0.116,-0.102,-0.087,-0.072,-0.058,-0.044,-0.029,-0.014,0,0.014,0.028,0.042,0.057
4.52,-0.17208,-0.145,-0.116,-0.102,-0.087,-0.072,-0.058,-0.044,-0.029,-0.014,0,0.014,0.028,0.042,0.057
4.53,-0.17212,-0.145,-0.116,-0.102,-0.087,-0.072,-0.058,-0.044,-0.029,-0.014,0,0.014,0.028,0.042,0.057
4.54,-0.17216,-0.145,-0.116,-0.102,-0.087,-0.072,-0.058,-0.044,-0.029,-0.014,0,0.014,0.028,0.042,0.057
4.55,-0.1722,-0.145,-0.116,-0.102,-0.087,-0.072,-0.058,-0.044,-0.029,-0.014,0,0.014,0.028,0.042,0.057
4.56,-0.17224,-0.145,-0.116,-0.102,-0.087,-0.072,-0.058,-0.044,-0.029,-0.014,0,0.014,0.028,0.042,0.057
4.57,-0.17228,-0.145,-0.116,-0.102,-0.087,-0.072,-0.058,-0.044,-0.029,-0.014,0,0.014,0.028,0.042,0.057
4.58,-0.17232,-0.145,-0.116,-0.102,-0.087,-0.072,-0.058,-0.044,-0.029,-0.014,0,0.014,0.028,0.042,0.057
4.59,-0.17236,-0.145,-0.116,-0.102,-0.087,-0.072,-0.058,-0.044,-0.029,-0.014,0,0.014,0.028,0.042,0.057
4.6,-0.1724,-0.145,-0.116,-0.102,-0.087,-0.072,-0.058,-0.044,-0.029,-0.014,0,0.014,0.028,0.042,0.057
4.61,-0.17244,-0.145,-0.116,-0.102,-0.087,-0.072,-0.058,-0.044,-0.029,-0.014,0,0.014,0.028,0.042,0.057
4.62,-0.17248,-0.145,-0.116,-0.102,-0.087,-0.072,-0.058,-0.044,-0.029,-0.014,0,0.014,0.028,0.042,0.057
4.63,-0.17252,-0.145,-0.116,-0.102,-0.087,-0.072,-0.058,-0.044,-0.029,-0.014,0,0.014,0.028,0.042,0.057
4.64,-0.17256,-0.145,-0.116,-0.102,-0.087,-0.072,-0.058,-0.044,-0.029,-0.014,0,0.014,0.028,0.042,0.057
4.65,-0.1726,-0.145,-0.116,-0.102,-0.087,-0.072,-0.058,-0.044,-0.029,-0.014,0,0.014,0.028,0.042,0.057
4.66,-0.17264,-0.145,-0.116,-0.102,-0.087,-0.072,-0.058,-0.044,-0.029,-0.014,0,0.014,0.028,0.042,0.057
4.67,-0.17268,-0.145,-0.116,-0.102,-0.087,-0.072,-0.058,-0.044,-0.029,-0.014,0,0.014,0.028,0.042,0.057
4.68,-0.17272,-0.145,-0.116,-0.102,-0.087,-0.072,-0.058,-0.044,-0.029,-0.014,0,0.014,0.028,0.042,0.057
4.69,-0.17276,-0.145,-0.116,-0.102,-0.087,-0.072,-0.058,-0.044,-0.029,-0.014,0,0.014,0.028,0.042,0.057
4.7,-0.1728,-0.145,-0.116,-0.102,-0.087,-0.072,-0.058,-0.044,-0.029,-0.014,0,0.014,0.028,0.042,0.057
4.71,-0.17284,-0.145,-0.116,-0.102,-0.087,-0.072,-0.058,-0.044,-0.029,-0.014,0,0.014,0.028,0.042,0.057
4.72,-0.17288,-0.145,-0.116,-0.102,-0.087,-0.072,-0.058,-0.044,-0.029,-0.014,0,0.014,0.028,0.042,0.057
4.73,-0.17292,-0.145,-0.116,-0.102,-0.087,-0.072,-0.058,-0.044,-0.029,-0.014,0,0.014,0.028,0.042,0.057
4.74,-0.17296,-0.145,-0.116,-0.102,-0.087,-0.072,-0.058,-0.044,-0.029,-0.014,0,0.014,0.028,0.042,0.057
4.75,-0.173,-0.145,-0.116,-0.102,-0.087,-0.072,-0.058,-0.044,-0.029,-0.014,0,0.014,0.028,0.042,0.057
4.76,-0.17304,-0.145,-0.116,-0.102,-0.087,-0.072,-0.058,-0.044,-0.029,-0.014,0,0.014,0.028,0.042,0.057
4.77,-0.17308,-0.145,-0.116,-0.102,-0.087,-0.072,-0.058,-0.044,-0.029,-0.014,0,0.014,0.028,0.042,0.057
4.78,-0.17312,-0.145,-0.116,-0.102,-0.087,-0.072,-0.058,-0.044,-0.029,-0.014,0,0.014,0.028,0.042,0.057
4.79,-0.17316,-0.145,-0.116,-0.102,-0.087,-0.072,-0.058,-0.044,-0.029,-0.014,0,0.014,0.028,0.042,0.057
4.8,-0.1732,-0.145,-0.116,-0.102,-0.087,-0.072,-0.058,-0.044,-0.029,-0.014,0,0.014,0.028,0.042,0.057
4.81,-0.17324,-0.145,-0.116,-0.102,-0.087,-0.072,-0.058,-0.044,-0.029,-0.014,0,0.014,0.028,0.042,0.057
4.82,-0.17328,-0.145,-0.116,-0.102,-0.087,-0.072,-0.058,-0.044,-0.029,-0.014,0,0.014,0.028,0.042,0.057
4.83,-0.17332,-0.145,-0.116,-0.102,-0.087,-0.072,-0.058,-0.044,-0.029,-0.014,0,0.014,0.028,0.042,0.057
4.84,-0.17336,-0.145,-0.116,-0.102,-0.087,-0.072,-0.058,-0.044,-0.029,-0.014,0,0.014,0.028,0.042,0.057
4.85,-0.1734,-0.145,-0.116,-0.102,-0.087,-0.072,-0.058,-0.044,-0.029,-0.014,0,0.014,0.028,0.042,0.057
4.86,-0.17344,-0.145,-0.116,-0.102,-0.087,-0.072,-0.058,-0.044,-0.029,-0.014,0,0.014,0.028,0.042,0.057
4.87,-0.17348,-0.145,-0.116,-0.102,-0.087,-0.072,-0.058,-0.044,-0.029,-0.014,0,0.014,0.028,0.042,0.057
4.88,-0.17352,-0.145,-0.116,-0.102,-0.087,-0.072,-0.058,-0.044,-0.029,-0.014,0,0.014,0.028,0.042,0.057
4.89,-0.17356,-0.145,-0.116,-0.102,-0.087,-0.072,-0.058,-0.044,-0.029,-0.014,0,0.014,0.028,0.042,0.057
4.9,-0.1736,-0.145,-0.116,-0.102,-0.087,-0.072,-0.058,-0.044,-0.029,-0.014,0,0.014,0.028,0.042,0.057
4.91,-0.17364,-0.145,-0.116,-0.102,-0.087,-0.072,-0.058,-0.044,-0.029,-0.014,0,0.014,0.028,0.042,0.057
4.92,-0.17368,-0.145,-0.116,-0.102,-0.087,-0.072,-0.058,-0.044,-0.029,-0.014,0,0.014,0.028,0.042,0.057
4.93,-0.17372,-0.145,-0.116,-0.102,-0.087,-0.072,-0.058,-0.044,-0.029,-0.014,0,0.014,0.028,0.042,0.057
4.94,-0.17376,-0.145,-0.116,-0.102,-0.087,-0.072,-0.058,-0.044,-0.029,-0.014,0,0.014,0.028,0.042,0.057
4.95,-0.1738,-0.145,-0.116,-0.102,-0.087,-0.072,-0.058,-0.044,-0.029,-0.014,0,0.014,0.028,0.042,0.057
4.96,-0.17384,-0.145,-0.116,-0.102,-0.087,-0.072,-0.058,-0.044,-0.029,-0.014,0,0.014,0.028,0.042,0.057
4.97,-0.17388,-0.145,-0.116,-0.102,-0.087,-0.072,-0.058,-0.044,-0.029,-0.014,0,0.014,0.028,0.042,0.057
4.98,-0.17392,-0.145,-0.116,-0.102,-0.087,-0.072,-0.058,-0.044,-0.029,-0.014,0,0.014,0.028,0.042,0.057
4.99,-0.17396,-0.145,-0.116,-0.102,-0.087,-0.072,-0.058,-0.044,-0.029,-0.014,0,0.014,0.028,0.042,0.057
5,-0.174,-0.145,-0.116,-0.102,-0.087,-0.072,-0.058,-0.044,-0.029,-0.014,0,0.014,0.028,0.042,0.057
5.01,-0.17402,-0.145,-0.116,-0.102,-0.087,-0.072,-0.058,-0.044,-0.029,-0.014,0,0.014,0.028,0.042,0.057
5.02,-0.17404,-0.145,-0.116,-0.102,-0.087,-0.072,-0.058,-0.044,-0.029,-0.014,0,0.014,0.028,0.042,0.057
5.03,-0.17406,-0.145,-0.116,-0.102,-0.087,-0.072,-0.058,-0.044,-0.029,-0.014,0,0.014,0.028,0.042,0.057
5.04,-0.17408,-0.145,-0.116,-0.102,-0.087,-0.072,-0.058,-0.044,-0.029,-0.014,0,0.014,0.028,0.042,0.057
5.05,-0.1741,-0.145,-0.116,-0.102,-0.087,-0.072,-0.058,-0.044,-0.029,-0.014,0,0.014,0.028,0.042,0.057
5.06,-0.17412,-0.145,-0.116,-0.102,-0.087,-0.072,-0.058,-0.044,-0.029,-0.014,0,0.014,0.028,0.042,0.057
5.07,-0.17414,-0.145,-0.116,-0.102,-0.087,-0.072,-0.058,-0.044,-0.029,-0.014,0,0.014,0.028,0.042,0.057
5.08,-0.17416,-0.145,-0.116,-0.102,-0.087,-0.072,-0.058,-0.044,-0.029,-0.014,0,0.014,0.028,0.042,0.057
5.09,-0.17418,-0.145,-0.116,-0.102,-0.087,-0.072,-0.058,-0.044,-0.029,-0.014,0,0.014,0.028,0.042,0.057
5.1,-0.1742,-0.145,-0.116,-0.102,-0.087,-0.072,-0.058,-0.044,-0.029,-0.014,0,0.014,0.028,0.042,0.057
5.11,-0.17422,-0.145,-0.116,-0.102,-0.087,-0.072,-0.058,-0.044,-0.029,-0.014,0,0.014,0.028,0.042,0.057
5.12,-0.17424,-0.145,-0.116,-0.102,-0.087,-0.072,-0.058,-0.044,-0.029,-0.014,0,0.014,0.028,0.042,0.057
5.13,-0.17426,-0.145,-0.116,-0.102,-0.087,-0.072,-0.058,-0.044,-0.029,-0.014,0,0.014,0.028,0.042,0.057
5.14,-0.17428,-0.145,-0.116,-0.102,-0.087,-0.072,-0.058,-0.044,-0.029,-0.014,0,0.014,0.028,0.042,0.057
5.15,-0.1743,-0.145,-0.116,-0.102,-0.087,-0.072,-0.058,-0.044,-0.029,-0.014,0,0.014,0.028,0.042,0.057
5.16,-0.17432,-0.145,-0.116,-0.102,-0.087,-0.072,-0.058,-0.044,-0.029,-0.014,0,0.014,0.028,0.042,0.057
5.17,-0.17434,-0.145,-0.116,-0.102,-0.087,-0.072,-0.058,-0.044,-0.029,-0.014,0,0.014,0.028,0.042,0.057
5.18,-0.17436,-0.145,-0.116,-0.102,-0.087,-0.072,-0.058,-0.044,-0.029,-0.014,0,0.014,0.028,0.042,0.057
5.19,-0.17438,-0.145,-0.116,-0.102,-0.087,-0.072,-0.058,-0.044,-0.029,-0.014,0,0.014,0.028,0.042,0.057
5.2,-0.1744,-0.145,-0.116,-0.102,-0.087,-0.072,-0.058,-0.044,-0.029,-0.014,0,0.014,0.028,0.042,0.057
5.21,-0.17442,-0.145,-0.116,-0.102,-0.087,-0.072,-0.058,-0.044,-0.029,-0.014,0,0.014,0.028,0.042,0.057
5.22,-0.17444,-0.145,-0.116,-0.102,-0.087,-0.072,-0.058,-0.044,-0.029,-0.014,0,0.014,0.028,0.042,0.057
5.23,-0.17446,-0.145,-0.116,-0.102,-0.087,-0.072,-0.058,-0.044,-0.029,-0.014,0,0.014,0.028,0.042,0.057
5.24,-0.17448,-0.145,-0.116,-0.102,-0.087,-0.072,-0.058,-0.044,-0.029,-0.014,0,0.014,0.028,0.042,0.057
5.25,-0.1745,-0.145,-0.116,-0.102,-0.087,-0.072,-0.058,-0.044,-0.029,-0.014,0,0.014,0.028,0.042,0.057
5.26,-0.17452,-0.145,-0.116,-0.102,-0.087,-0.072,-0.058,-0.044,-0.029,-0.014,0,0.014,0.028,0.042,0.057
5.27,-0.17454,-0.145,-0.116,-0.102,-0.087,-0.072,-0.058,-0.044,-0.029,-0.014,0,0.014,0.028,0.042,0.057
5.28,-0.17456,-0.145,-0.116,-0.102,-0.087,-0.072,-0.058,-0.044,-0.029,-0.014,0,0.014,0.028,0.042,0.057
5.29,-0.17458,-0.145,-0.116,-0.102,-0.087,-0.072,-0.058,-0.044,-0.029,-0.014,0,0.014,0.028,0.042,0.057
5.3,-0.1746,-0.145,-0.116,-0.102,-0.087,-0.072,-0.058,-0.044,-0.029,-0.014,0,0.014,0.028,0.042,0.057
5.31,-0.17462,-0.145,-0.116,-0.102,-0.087,-0.072,-0.058,-0.044,-0.029,-0.014,0,0.014,0.028,0.042,0.057
5.32,-0.17464,-0.145,-0.116,-0.102,-0.087,-0.072,-0.058,-0.044,-0.029,-0.014,0,0.014,0.028,0.042,0.057
5.33,-0.17466,-0.145,-0.116,-0.102,-0.087,-0.072,-0.058,-0.044,-0.029,-0.014,0,0.014,0.028,0.042,0.057
5.34,-0.17468,-0.145,-0.116,-0.102,-0.087,-0.072,-0.058,-0.044,-0.029,-0.014,0,0.014,0.028,0.042,0.057
5.35,-0.1747,-0.145,-0.116,-0.102,-0.087,-0.072,-0.058,-0.044,-0.029,-0.014,0,0.014,0.028,0.042,0.057
5.36,-0.17472,-0.145,-0.116,-0.102,-0.087,-0.072,-0.058,-0.044,-0.029,-0.014,0,0.014,0.028,0.042,0.057
5.37,-0.17474,-0.145,-0.116,-0.102,-0.087,-0.072,-0.058,-0.044,-0.029,-0.014,0,0.014,0.028,0.042,0.057
5.38,-0.17476,-0.145,-0.116,-0.102,-0.087,-0.072,-0.058,-0.044,-0.029,-0.014,0,0.014,0.028,0.042,0.057
5.39,-0.17478,-0.145,-0.116,-0.102,-0.087,-0.072,-0.058,-0.044,-0.029,-0.014,0,0.014,0.028,0.042,0.057
5.4,-0.1748,-0.145,-0.116,-0.102,-0.087,-0.072,-0.058,-0.044,-0.029,-0.014,0,0.014,0.028,0.042,0.057
5.41,-0.17482,-0.145,-0.116,-0.102,-0.087,-0.072,-0.058,-0.044,-0.029,-0.014,0,0.014,0.028,0.042,0.057
5.42,-0.17484,-0.145,-0.116,-0.102,-0.087,-0.072,-0.058,-0.044,-0.029,-0.014,0,0.014,0.028,0.042,0.057
5.43,-0.17486,-0.145,-0.116,-0.102,-0.087,-0.072,-0.058,-0.044,-0.029,-0.014,0,0.014,0.028,0.042,0.057
5.44,-0.17488,-0.145,-0.116,-0.102,-0.087,-0.072,-0.058,-0.044,-0.029,-0.014,0,0.014,0.028,0.042,0.057
5.45,-0.1749,-0.145,-0.116,-0.102,-0.087,-0.072,-0.058,-0.044,-0.029,-0.014,0,0.014,0.028,0.042,0.057
5.46,-0.17492,-0.145,-0.116,-0.102,-0.087,-0.072,-0.058,-0.044,-0.029,-0.014,0,0.014,0.028,0.042,0.057
5.47,-0.17494,-0.145,-0.116,-0.102,-0.087,-0.072,-0.058,-0.044,-0.029,-0.014,0,0.014,0.028,0.042,0.057
5.48,-0.17496,-0.145,-0.116,-0.102,-0.087,-0.072,-0.058,-0.044,-0.029,-0.014,0,0.014,0.028,0.042,0.057
5.49,-0.17498,-0.145,-0.116,-0.102,-0.087,-0.072,-0.058,-0.044,-0.029,-0.014,0,0.014,0.028,0.042,0.057
5.5,-0.175,-0.145,-0.116,-0.102,-0.087,-0.072,-0.058,-0.044,-0.029,-0.014,0,0.014,0.028,0.042,0.057
5.51,-0.175,-0.14502,-0.116,-0.102,-0.087,-0.072,-0.058,-0.044,-0.029,-0.014,0,0.014,0.028,0.042,0.057
5.52,-0.175,-0.14504,-0.116,-0.102,-0.087,-0.072,-0.058,-0.044,-0.029,-0.014,0,0.014,0.028,0.042,0.057
5.53,-0.175,-0.14506,-0.116,-0.102,-0.087,-0.072,-0.058,-0.044,-0.029,-0.014,0,0.014,0.028,0.042,0.057
5.54,-0.175,-0.14508,-0.116,-0.102,-0.087,-0.072,-0.058,-0.044,-0.029,-0.014,0,0.014,0.028,0.042,0.057
5.55,-0.175,-0.1451,-0.116,-0.102,-0.087,-0.072,-0.058,-0.044,-0.029,-0.014,0,0.014,0.028,0.042,0.057
5.56,-0.175,-0.14512,-0.116,-0.102,-0.087,-0.072,-0.058,-0.044,-0.029,-0.014,0,0.014,0.028,0.042,0.057
5.57,-0.175,-0.14514,-0.116,-0.102,-0.087,-0.072,-0.058,-0.044,-0.029,-0.014,0,0.014,0.028,0.042,0.057
5.58,-0.175,-0.14516,-0.116,-0.102,-0.087,-0.072,-0.058,-0.044,-0.029,-0.014,0,0.014,0.028,0.042,0.057
5.59,-0.175,-0.14518,-0.116,-0.102,-0.087,-0.072,-0.058,-0.044,-0.029,-0.014,0,0.014,0.028,0.042,0.057
5.6,-0.175,-0.1452,-0.116,-0.102,-0.087,-0.072,-0.058,-0.044,-0.029,-0.014,0,0.014,0.028,0.042,0.057
5.61,-0.175,-0.14522,-0.116,-0.102,-0.087,-0.072,-0.058,-0.044,-0.029,-0.014,0,0.014,0.028,0.042,0.057
5.62,-0.175,-0.14524,-0.116,-0.102,-0.087,-0.072,-0.058,-0.044,-0.029,-0.014,0,0.014,0.028,0.042,0.057
5.63,-0.175,-0.14526,-0.116,-0.102,-0.087,-0.072,-0.058,-0.044,-0.029,-0.014,0,0.014,0.028,0.042,0.057
5.64,-0.175,-0.14528,-0.116,-0.102,-0.087,-0.072,-0.058,-0.044,-0.029,-0.014,0,0.014,0.028,0.042,0.057
5.65,-0.175,-0.1453,-0.116,-0.102,-0.087,-0.072,-0.058,-0.044,-0.029,-0.014,0,0.014,0.028,0.042,0.057
5.66,-0.175,-0.14532,-0.116,-0.102,-0.087,-0.072,-0.058,-0.044,-0.029,-0.014,0,0.014,0.028,0.042,0.057
5.67,-0.175,-0.14534,-0.116,-0.102,-0.087,-0.072,-0.058,-0.044,-0.029,-0.014,0,0.014,0.028,0.042,0.057
5.68,-0.175,-0.14536,-0.116,-0.102,-0.087,-0.072,-0.058,-0.044,-0.029,-0.014,0,0.014,0.028,0.042,0.057
5.69,-0.175,-0.14538,-0.116,-0.102,-0.087,-0.072,-0.058,-0.044,-0.029,-0.014,0,0.014,0.028,0.042,0.057
5.7,-0.175,-0.1454,-0.116,-0.102,-0.087,-0.072,-0.058,-0.044,-0.029,-0.014,0,0.014,0.028,0.042,0.057
5.71,-0.175,-0.14542,-0.116,-0.102,-0.087,-0.072,-0.058,-0.044,-0.029,-0.014,0,0.014,0.028,0.042,0.057
5.72,-0.175,-0.14544,-0.116,-0.102,-0.087,-0.072,-0.058,-0.044,-0.029,-0.014,0,0.014,0.028,0.042,0.057
5.73,-0.175,-0.14546,-0.116,-0.102,-0.087,-0.072,-0.058,-0.044,-0.029,-0.014,0,0.014,0.028,0.042,0.057
5.74,-0.175,-0.14548,-0.116,-0.102,-0.087,-0.072,-0.058,-0.044,-0.029,-0.014,0,0.014,0.028,0.042,0.057
5.75,-0.175,-0.1455,-0.116,-0.102,-0.087,-0.072,-0.058,-0.044,-0.029,-0.014,0,0.014,0.028,0.042,0.057
5.76,-0.175,-0.14552,-0.116,-0.102,-0.087,-0.072,-0.058,-0.044,-0.029,-0.014,0,0.014,0.028,0.042,0.057
5.77,-0.175,-0.14554,-0.116,-0.102,-0.087,-0.072,-0.058,-0.044,-0.029,-0.014,0,0.014,0.028,0.042,0.057
5.78,-0.175,-0.14556,-0.116,-0.102,-0.087,-0.072,-0.058,-0.044,-0.029,-0.014,0,0.014,0.028,0.042,0.057
5.79,-0.175,-0.14558,-0.116,-0.102,-0.087,-0.072,-0.058,-0.044,-0.029,-0.014,0,0.014,0.028,0.042,0.057
5.8,-0.175,-0.1456,-0.116,-0.102,-0.087,-0.072,-0.058,-0.044,-0.029,-0.014,0,0.014,0.028,0.042,0.057
5.81,-0.175,-0.14562,-0.116,-0.102,-0.087,-0.072,-0.058,-0.044,-0.029,-0.014,0,0.014,0.028,0.042,0.057
5.82,-0.175,-0.14564,-0.116,-0.102,-0.087,-0.072,-0.058,-0.044,-0.029,-0.014,0,0.014,0.028,0.042,0.057
5.83,-0.175,-0.14566,-0.116,-0.102,-0.087,-0.072,-0.058,-0.044,-0.029,-0.014,0,0.014,0.028,0.042,0.057
5.84,-0.175,-0.14568,-0.116,-0.102,-0.087,-0.072,-0.058,-0.044,-0.029,-0.014,0,0.014,0.028,0.042,0.057
5.85,-0.175,-0.1457,-0.116,-0.102,-0.087,-0.072,-0.058,-0.044,-0.029,-0.014,0,0.014,0.028,0.042,0.057
5.86,-0.175,-0.14572,-0.116,-0.102,-0.087,-0.072,-0.058,-0.044,-0.029,-0.014,0,0.014,0.028,0.042,0.057
5.87,-0.175,-0.14574,-0.116,-0.102,-0.087,-0.072,-0.058,-0.044,-0.029,-0.014,0,0.014,0.028,0.042,0.057
5.88,-0.175,-0.14576,-0.116,-0.102,-0.087,-0.072,-0.058,-0.044,-0.029,-0.014,0,0.014,0.028,0.042,0.057
5.89,-0.175,-0.14578,-0.116,-0.102,-0.087,-0.072,-0.058,-0.044,-0.029,-0.014,0,0.014,0.028,0.042,0.057
5.9,-0.175,-0.1458,-0.116,-0.102,-0.087,-0.072,-0.058,-0.044,-0.029,-0.014,0,0.014,0.028,0.042,0.057
5.91,-0.175,-0.14582,-0.116,-0.102,-0.087,-0.072,-0.058,-0.044,-0.029,-0.014,0,0.014,0.028,0.042,0.057
5.92,-0.175,-0.14584,-0.116,-0.102,-0.087,-0.072,-0.058,-0.044,-0.029,-0.014,0,0.014,0.028,0.042,0.057
5.93,-0.175,-0.14586,-0.116,-0.102,-0.087,-0.072,-0.058,-0.044,-0.029,-0.014,0,0.014,0.028,0.042,0.057
5.94,-0.175,-0.14588,-0.116,-0.102,-0.087,-0.072,-0.058,-0.044,-0.029,-0.014,0,0.014,0.028,0.042,0.057
5.95,-0.175,-0.1459,-0.116,-0.102,-0.087,-0.072,-0.058,-0.044,-0.029,-0.014,0,0.014,0.028,0.042,0.057
5.96,-0.175,-0.14592,-0.116,-0.102,-0.087,-0.072,-0.058,-0.044,-0.029,-0.014,0,0.014,0.028,0.042,0.057
5.97,-0.175,-0.14594,-0.116,-0.102,-0.087,-0.072,-0.058,-0.044,-0.029,-0.014,0,0.014,0.028,0.042,0.057
5.98,-0.175,-0.14596,-0.116,-0.102,-0.087,-0.072,-0.058,-0.044,-0.029,-0.014,0,0.014,0.028,0.042,0.057
5.99,-0.175,-0.14598,-0.116,-0.102,-0.087,-0.072,-0.058,-0.044,-0.029,-0.014,0,0.014,0.028,0.042,0.057
6,-0.175,-0.146,-0.116,-0.102,-0.087,-0.072,-0.058,-0.044,-0.029,-0.014,0,0.014,0.028,0.042,0.057
6.01,-0.17504,-0.14604,-0.11602,-0.10202,-0.08704,-0.07204,-0.058,-0.044,-0.029,-0.014,0,0.014,0.028,0.042,0.057
6.02,-0.17508,-0.14608,-0.11604,-0.10204,-0.08708,-0.07208,-0.058,-0.044,-0.029,-0.014,0,0.014,0.028,0.042,0.057
6.03,-0.17512,-0.14612,-0.11606,-0.10206,-0.08712,-0.07212,-0.058,-0.044,-0.029,-0.014,0,0.014,0.028,0.042,0.057
6.04,-0.17516,-0.14616,-0.11608,-0.10208,-0.08716,-0.07216,-0.058,-0.044,-0.029,-0.014,0,0.014,0.028,0.042,0.057
6.05,-0.1752,-0.1462,-0.1161,-0.1021,-0.0872,-0.0722,-0.058,-0.044,-0.029,-0.014,0,0.014,0.028,0.042,0.057
6.06,-0.17524,-0.14624,-0.11612,-0.10212,-0.08724,-0.07224,-0.058,-0.044,-0.029,-0.014,0,0.014,0.028,0.042,0.057
6.07,-0.17528,-0.14628,-0.11614,-0.10214,-0.08728,-0.07228,-0.058,-0.044,-0.029,-0.014,0,0.014,0.028,0.042,0.057
6.08,-0.17532,-0.14632,-0.11616,-0.10216,-0.08732,-0.07232,-0.058,-0.044,-0.029,-0.014,0,0.014,0.028,0.042,0.057
6.09,-0.17536,-0.14636,-0.11618,-0.10218,-0.08736,-0.07236,-0.058,-0.044,-0.029,-0.014,0,0.014,0.028,0.042,0.057
6.1,-0.1754,-0.1464,-0.1162,-0.1022,-0.0874,-0.0724,-0.058,-0.044,-0.029,-0.014,0,0.014,0.028,0.042,0.057
6.11,-0.17544,-0.14644,-0.11622,-0.10222,-0.08744,-0.07244,-0.058,-0.044,-0.029,-0.014,0,0.014,0.028,0.042,0.057
6.12,-0.17548,-0.14648,-0.11624,-0.10224,-0.08748,-0.07248,-0.058,-0.044,-0.029,-0.014,0,0.014,0.028,0.042,0.057
6.13,-0.17552,-0.14652,-0.11626,-0.10226,-0.08752,-0.07252,-0.058,-0.044,-0.029,-0.014,0,0.014,0.028,0.042,0.057
6.14,-0.17556,-0.14656,-0.11628,-0.10228,-0.08756,-0.07256,-0.058,-0.044,-0.029,-0.014,0,0.014,0.028,0.042,0.057
6.15,-0.1756,-0.1466,-0.1163,-0.1023,-0.0876,-0.0726,-0.058,-0.044,-0.029,-0.014,0,0.014,0.028,0.042,0.057
6.16,-0.17564,-0.14664,-0.11632,-0.10232,-0.08764,-0.07264,-0.058,-0.044,-0.029,-0.014,0,0.014,0.028,0.042,0.057
6.17,-0.17568,-0.14668,-0.11634,-0.10234,-0.08768,-0.07268,-0.058,-0.044,-0.029,-0.014,0,0.014,0.028,0.042,0.057
6.18,-0.17572,-0.14672,-0.11636,-0.10236,-0.08772,-0.07272,-0.058,-0.044,-0.029,-0.014,0,0.014,0.028,0.042,0.057
6.19,-0.17576,-0.14676,-0.11638,-0.10238,-0.08776,-0.07276,-0.058,-0.044,-0.029,-0.014,0,0.014,0.028,0.042,0.057
6.2,-0.1758,-0.1468,-0.1164,-0.1024,-0.0878,-0.0728,-0.058,-0.044,-0.029,-0.014,0,0.014,0.028,0.042,0.057
6.21,-0.17584,-0.14684,-0.11642,-0.10242,-0.08784,-0.07284,-0.058,-0.044,-0.029,-0.014,0,0.014,0.028,0.042,0.057
6.22,-0.17588,-0.14688,-0.11644,-0.10244,-0.08788,-0.07288,-0.058,-0.044,-0.029,-0.014,0,0.014,0.028,0.042,0.057
6.23,-0.17592,-0.14692,-0.11646,-0.10246,-0.08792,-0.07292,-0.058,-0.044,-0.029,-0.014,0,0.014,0.028,0.042,0.057
6.24,-0.17596,-0.14696,-0.11648,-0.10248,-0.08796,-0.07296,-0.058,-0.044,-0.029,-0.014,0,0.014,0.028,0.042,0.057
6.25,-0.176,-0.147,-0.1165,-0.1025,-0.088,-0.073,-0.058,-0.044,-0.029,-0.014,0,0.014,0.028,0.042,0.057
6.26,-0.17604,-0.14704,-0.11652,-0.10252,-0.08804,-0.07304,-0.058,-0.044,-0.029,-0.014,0,0.014,0.028,0.042,0.057
6.27,-0.17608,-0.14708,-0.11654,-0.10254,-0.08808,-0.07308,-0.058,-0.044,-0.029,-0.014,0,0.014,0.028,0.042,0.057
6.28,-0.17612,-0.14712,-0.11656,-0.10256,-0.08812,-0.07312,-0.058,-0.044,-0.029,-0.014,0,0.014,0.028,0.042,0.057
6.29,-0.17616,-0.14716,-0.11658,-0.10258,-0.08816,-0.07316,-0.058,-0.044,-0.029,-0.014,0,0.014,0.028,0.042,0.057
6.3,-0.1762,-0.1472,-0.1166,-0.1026,-0.0882,-0.0732,-0.058,-0.044,-0.029,-0.014,0,0.014,0.028,0.042,0.057
6.31,-0.17624,-0.14724,-0.11662,-0.10262,-0.08824,-0.07324,-0.058,-0.044,-0.029,-0.014,0,0.014,0.028,0.042,0.057
6.32,-0.17628,-0.14728,-0.11664,-0.10264,-0.08828,-0.07328,-0.058,-0.044,-0.029,-0.014,0,0.014,0.028,0.042,0.057
6.33,-0.17632,-0.14732,-0.11666,-0.10266,-0.08832,-0.07332,-0.058,-0.044,-0.029,-0.014,0,0.014,0.028,0.042,0.057
6.34,-0.17636,-0.14736,-0.11668,-0.10268,-0.08836,-0.07336,-0.058,-0.044,-0.029,-0.014,0,0.014,0.028,0.042,0.057
6.35,-0.1764,-0.1474,-0.1167,-0.1027,-0.0884,-0.0734,-0.058,-0.044,-0.029,-0.014,0,0.014,0.028,0.042,0.057
6.36,-0.17644,-0.14744,-0.11672,-0.10272,-0.08844,-0.07344,-0.058,-0.044,-0.029,-0.014,0,0.014,0.028,0.042,0.057
6.37,-0.17648,-0.14748,-0.11674,-0.10274,-0.08848,-0.07348,-0.058,-0.044,-0.029,-0.014,0,0.014,0.028,0.042,0.057
6.38,-0.17652,-0.14752,-0.11676,-0.10276,-0.08852,-0.07352,-0.058,-0.044,-0.029,-0.014,0,0.014,0.028,0.042,0.057
6.39,-0.17656,-0.14756,-0.11678,-0.10278,-0.08856,-0.07356,-0.058,-0.044,-0.029,-0.014,0,0.014,0.028,0.042,0.057
6.4,-0.1766,-0.1476,-0.1168,-0.1028,-0.0886,-0.0736,-0.058,-0.044,-0.029,-0.014,0,0.014,0.028,0.042,0.057
6.41,-0.17664,-0.14764,-0.11682,-0.10282,-0.08864,-0.07364,-0.058,-0.044,-0.029,-0.014,0,0.014,0.028,0.042,0.057
6.42,-0.17668,-0.14768,-0.11684,-0.10284,-0.08868,-0.07368,-0.058,-0.044,-0.029,-0.014,0,0.014,0.028,0.042,0.057
6.43,-0.17672,-0.14772,-0.11686,-0.10286,-0.08872,-0.07372,-0.058,-0.044,-0.029,-0.014,0,0.014,0.028,0.042,0.057
6.44,-0.17676,-0.14776,-0.11688,-0.10288,-0.08876,-0.07376,-0.058,-0.044,-0.029,-0.014,0,0.014,0.028,0.042,0.057
6.45,-0.1768,-0.1478,-0.1169,-0.1029,-0.0888,-0.0738,-0.058,-0.044,-0.029,-0.014,0,0.014,0.028,0.042,0.057
6.46,-0.17684,-0.14784,-0.11692,-0.10292,-0.08884,-0.07384,-0.058,-0.044,-0.029,-0.014,0,0.014,0.028,0.042,0.057
6.47,-0.17688,-0.14788,-0.11694,-0.10294,-0.08888,-0.07388,-0.058,-0.044,-0.029,-0.014,0,0.014,0.028,0.042,0.057
6.48,-0.17692,-0.14792,-0.11696,-0.10296,-0.08892,-0.07392,-0.058,-0.044,-0.029,-0.014,0,0.014,0.028,0.042,0.057
6.49,-0.17696,-0.14796,-0.11698,-0.10298,-0.08896,-0.07396,-0.058,-0.044,-0.029,-0.014,0,0.014,0.028,0.042,0.057
6.5,-0.177,-0.148,-0.117,-0.103,-0.089,-0.074,-0.058,-0.044,-0.029,-0.014,0,0.014,0.028,0.042,0.057
6.51,-0.17702,-0.148,-0.11704,-0.10302,-0.089,-0.074,-0.058,-0.044,-0.029,-0.014,0,0.014,0.028,0.042,0.057
6.52,-0.17704,-0.148,-0.11708,-0.10304,-0.089,-0.074,-0.058,-0.044,-0.029,-0.014,0,0.014,0.028,0.042,0.057
6.53,-0.17706,-0.148,-0.11712,-0.10306,-0.089,-0.074,-0.058,-0.044,-0.029,-0.014,0,0.014,0.028,0.042,0.057
6.54,-0.17708,-0.148,-0.11716,-0.10308,-0.089,-0.074,-0.058,-0.044,-0.029,-0.014,0,0.014,0.028,0.042,0.057
6.55,-0.1771,-0.148,-0.1172,-0.1031,-0.089,-0.074,-0.058,-0.044,-0.029,-0.014,0,0.014,0.028,0.042,0.057
6.56,-0.17712,-0.148,-0.11724,-0.10312,-0.089,-0.074,-0.058,-0.044,-0.029,-0.014,0,0.014,0.028,0.042,0.057
6.57,-0.17714,-0.148,-0.11728,-0.10314,-0.089,-0.074,-0.058,-0.044,-0.029,-0.014,0,0.014,0.028,0.042,0.057
6.58,-0.17716,-0.148,-0.11732,-0.10316,-0.089,-0.074,-0.058,-0.044,-0.029,-0.014,0,0.014,0.028,0.042,0.057
6.59,-0.17718,-0.148,-0.11736,-0.10318,-0.089,-0.074,-0.058,-0.044,-0.029,-0.014,0,0.014,0.028,0.042,0.057
6.6,-0.1772,-0.148,-0.1174,-0.1032,-0.089,-0.074,-0.058,-0.044,-0.029,-0.014,0,0.014,0.028,0.042,0.057
6.61,-0.17722,-0.148,-0.11744,-0.10322,-0.089,-0.074,-0.058,-0.044,-0.029,-0.014,0,0.014,0.028,0.042,0.057
6.62,-0.17724,-0.148,-0.11748,-0.10324,-0.089,-0.074,-0.058,-0.044,-0.029,-0.014,0,0.014,0.028,0.042,0.057
6.63,-0.17726,-0.148,-0.11752,-0.10326,-0.089,-0.074,-0.058,-0.044,-0.029,-0.014,0,0.014,0.028,0.042,0.057
6.64,-0.17728,-0.148,-0.11756,-0.10328,-0.089,-0.074,-0.058,-0.044,-0.029,-0.014,0,0.014,0.028,0.042,0.057
6.65,-0.1773,-0.148,-0.1176,-0.1033,-0.089,-0.074,-0.058,-0.044,-0.029,-0.014,0,0.014,0.028,0.042,0.057
6.66,-0.17732,-0.148,-0.11764,-0.10332,-0.089,-0.074,-0.058,-0.044,-0.029,-0.014,0,0.014,0.028,0.042,0.057
6.67,-0.17734,-0.148,-0.11768,-0.10334,-0.089,-0.074,-0.058,-0.044,-0.029,-0.014,0,0.014,0.028,0.042,0.057
6.68,-0.17736,-0.148,-0.11772,-0.10336,-0.089,-0.074,-0.058,-0.044,-0.029,-0.014,0,0.014,0.028,0.042,0.057
6.69,-0.17738,-0.148,-0.11776,-0.10338,-0.089,-0.074,-0.058,-0.044,-0.029,-0.014,0,0.014,0.028,0.042,0.057
6.7,-0.1774,-0.148,-0.1178,-0.1034,-0.089,-0.074,-0.058,-0.044,-0.029,-0.014,0,0.014,0.028,0.042,0.057
6.71,-0.17742,-0.148,-0.11784,-0.10342,-0.089,-0.074,-0.058,-0.044,-0.029,-0.014,0,0.014,0.028,0.042,0.057
6.72,-0.17744,-0.148,-0.11788,-0.10344,-0.089,-0.074,-0.058,-0.044,-0.029,-0.014,0,0.014,0.028,0.042,0.057
6.73,-0.17746,-0.148,-0.11792,-0.10346,-0.089,-0.074,-0.058,-0.044,-0.029,-0.014,0,0.014,0.028,0.042,0.057
6.74,-0.17748,-0.148,-0.11796,-0.10348,-0.089,-0.074,-0.058,-0.044,-0.029,-0.014,0,0.014,0.028,0.042,0.057
6.75,-0.1775,-0.148,-0.118,-0.1035,-0.089,-0.074,-0.058,-0.044,-0.029,-0.014,0,0.014,0.028,0.042,0.057
6.76,-0.17752,-0.148,-0.11804,-0.10352,-0.089,-0.074,-0.058,-0.044,-0.029,-0.014,0,0.014,0.028,0.042,0.057
6.77,-0.17754,-0.148,-0.11808,-0.10354,-0.089,-0.074,-0.058,-0.044,-0.029,-0.014,0,0.014,0.028,0.042,0.057
6.78,-0.17756,-0.148,-0.11812,-0.10356,-0.089,-0.074,-0.058,-0.044,-0.029,-0.014,0,0.014,0.028,0.042,0.057
6.79,-0.17758,-0.148,-0.11816,-0.10358,-0.089,-0.074,-0.058,-0.044,-0.029,-0.014,0,0.014,0.028,0.042,0.057
6.8,-0.1776,-0.148,-0.1182,-0.1036,-0.089,-0.074,-0.058,-0.044,-0.029,-0.014,0,0.014,0.028,0.042,0.057
6.81,-0.17762,-0.148,-0.11824,-0.10362,-0.089,-0.074,-0.058,-0.044,-0.029,-0.014,0,0.014,0.028,0.042,0.057
6.82,-0.17764,-0.148,-0.11828,-0.10364,-0.089,-0.074,-0.058,-0.044,-0.029,-0.014,0,0.014,0.028,0.042,0.057
6.83,-0.17766,-0.148,-0.11832,-0.10366,-0.089,-0.074,-0.058,-0.044,-0.029,-0.014,0,0.014,0.028,0.042,0.057
6.84,-0.17768,-0.148,-0.11836,-0.10368,-0.089,-0.074,-0.058,-0.044,-0.029,-0.014,0,0.014,0.028,0.042,0.057
6.85,-0.1777,-0.148,-0.1184,-0.1037,-0.089,-0.074,-0.058,-0.044,-0.029,-0.014,0,0.014,0.028,0.042,0.057
6.86,-0.17772,-0.148,-0.11844,-0.10372,-0.089,-0.074,-0.058,-0.044,-0.029,-0.014,0,0.014,0.028,0.042,0.057
6.87,-0.17774,-0.148,-0.11848,-0.10374,-0.089,-0.074,-0.058,-0.044,-0.029,-0.014,0,0.014,0.028,0.042,0.057
6.88,-0.17776,-0.148,-0.11852,-0.10376,-0.089,-0.074,-0.058,-0.044,-0.029,-0.014,0,0.014,0.028,0.042,0.057
6.89,-0.17778,-0.148,-0.11856,-0.10378,-0.089,-0.074,-0.058,-0.044,-0.029,-0.014,0,0.014,0.028,0.042,0.057
6.9,-0.1778,-0.148,-0.1186,-0.1038,-0.089,-0.074,-0.058,-0.044,-0.029,-0.014,0,0.014,0.028,0.042,0.057
6.91,-0.17782,-0.148,-0.11864,-0.10382,-0.089,-0.074,-0.058,-0.044,-0.029,-0.014,0,0.014,0.028,0.042,0.057
6.92,-0.17784,-0.148,-0.11868,-0.10384,-0.089,-0.074,-0.058,-0.044,-0.029,-0.014,0,0.014,0.028,0.042,0.057
6.93,-0.17786,-0.148,-0.11872,-0.10386,-0.089,-0.074,-0.058,-0.044,-0.029,-0.014,0,0.014,0.028,0.042,0.057
6.94,-0.17788,-0.148,-0.11876,-0.10388,-0.089,-0.074,-0.058,-0.044,-0.029,-0.014,0,0.014,0.028,0.042,0.057
6.95,-0.1779,-0.148,-0.1188,-0.1039,-0.089,-0.074,-0.058,-0.044,-0.029,-0.014,0,0.014,0.028,0.042,0.057
6.96,-0.17792,-0.148,-0.11884,-0.10392,-0.089,-0.074,-0.058,-0.044,-0.029,-0.014,0,0.014,0.028,0.042,0.057
6.97,-0.17794,-0.148,-0.11888,-0.10394,-0.089,-0.074,-0.058,-0.044,-0.029,-0.014,0,0.014,0.028,0.042,0.057
6.98,-0.17796,-0.148,-0.11892,-0.10396,-0.089,-0.074,-0.058,-0.044,-0.029,-0.014,0,0.014,0.028,0.042,0.057
6.99,-0.17798,-0.148,-0.11896,-0.10398,-0.089,-0.074,-0.058,-0.044,-0.029,-0.014,0,0.014,0.028,0.042,0.057
7,-0.178,-0.148,-0.119,-0.104,-0.089,-0.074,-0.058,-0.044,-0.029,-0.014,0,0.014,0.028,0.042,0.057
7.01,-0.17804,-0.14804,-0.119,-0.104,-0.089,-0.074,-0.058,-0.044,-0.029,-0.014,0,0.014,0.028,0.042,0.057
7.02,-0.17808,-0.14808,-0.119,-0.104,-0.089,-0.074,-0.058,-0.044,-0.029,-0.014,0,0.014,0.028,0.042,0.057
7.03,-0.17812,-0.14812,-0.119,-0.104,-0.089,-0.074,-0.058,-0.044,-0.029,-0.014,0,0.014,0.028,0.042,0.057
7.04,-0.17816,-0.14816,-0.119,-0.104,-0.089,-0.074,-0.058,-0.044,-0.029,-0.014,0,0.014,0.028,0.042,0.057
7.05,-0.1782,-0.1482,-0.119,-0.104,-0.089,-0.074,-0.058,-0.044,-0.029,-0.014,0,0.014,0.028,0.042,0.057
7.06,-0.17824,-0.14824,-0.119,-0.104,-0.089,-0.074,-0.058,-0.044,-0.029,-0.014,0,0.014,0.028,0.042,0.057
7.07,-0.17828,-0.14828,-0.119,-0.104,-0.089,-0.074,-0.058,-0.044,-0.029,-0.014,0,0.014,0.028,0.042,0.057
7.08,-0.17832,-0.14832,-0.119,-0.104,-0.089,-0.074,-0.058,-0.044,-0.029,-0.014,0,0.014,0.028,0.042,0.057
7.09,-0.17836,-0.14836,-0.119,-0.104,-0.089,-0.074,-0.058,-0.044,-0.029,-0.014,0,0.014,0.028,0.042,0.057
7.1,-0.1784,-0.1484,-0.119,-0.104,-0.089,-0.074,-0.058,-0.044,-0.029,-0.014,0,0.014,0.028,0.042,0.057
7.11,-0.17844,-0.14844,-0.119,-0.104,-0.089,-0.074,-0.058,-0.044,-0.029,-0.014,0,0.014,0.028,0.042,0.057
7.12,-0.17848,-0.14848,-0.119,-0.104,-0.089,-0.074,-0.058,-0.044,-0.029,-0.014,0,0.014,0.028,0.042,0.057
7.13,-0.17852,-0.14852,-0.119,-0.104,-0.089,-0.074,-0.058,-0.044,-0.029,-0.014,0,0.014,0.028,0.042,0.057
7.14,-0.17856,-0.14856,-0.119,-0.104,-0.089,-0.074,-0.058,-0.044,-0.029,-0.014,0,0.014,0.028,0.042,0.057
7.15,-0.1786,-0.1486,-0.119,-0.104,-0.089,-0.074,-0.058,-0.044,-0.029,-0.014,0,0.014,0.028,0.042,0.057
7.16,-0.17864,-0.14864,-0.119,-0.104,-0.089,-0.074,-0.058,-0.044,-0.029,-0.014,0,0.014,0.028,0.042,0.057
7.17,-0.17868,-0.14868,-0.119,-0.104,-0.089,-0.074,-0.058,-0.044,-0.029,-0.014,0,0.014,0.028,0.042,0.057
7.18,-0.17872,-0.14872,-0.119,-0.104,-0.089,-0.074,-0.058,-0.044,-0.029,-0.014,0,0.014,0.028,0.042,0.057
7.19,-0.17876,-0.14876,-0.119,-0.104,-0.089,-0.074,-0.058,-0.044,-0.029,-0.014,0,0.014,0.028,0.042,0.057
7.2,-0.1788,-0.1488,-0.119,-0.104,-0.089,-0.074,-0.058,-0.044,-0.029,-0.014,0,0.014,0.028,0.042,0.057
7.21,-0.17884,-0.14884,-0.119,-0.104,-0.089,-0.074,-0.058,-0.044,-0.029,-0.014,0,0.014,0.028,0.042,0.057
7.22,-0.17888,-0.14888,-0.119,-0.104,-0.089,-0.074,-0.058,-0.044,-0.029,-0.014,0,0.014,0.028,0.042,0.057
7.23,-0.17892,-0.14892,-0.119,-0.104,-0.089,-0.074,-0.058,-0.044,-0.029,-0.014,0,0.014,0.028,0.042,0.057
7.24,-0.17896,-0.14896,-0.119,-0.104,-0.089,-0.074,-0.058,-0.044,-0.029,-0.014,0,0.014,0.028,0.042,0.057
7.25,-0.179,-0.149,-0.119,-0.104,-0.089,-0.074,-0.058,-0.044,-0.029,-0.014,0,0.014,0.028,0.042,0.057
7.26,-0.17904,-0.14904,-0.119,-0.104,-0.089,-0.074,-0.058,-0.044,-0.029,-0.014,0,0.014,0.028,0.042,0.057
7.27,-0.17908,-0.14908,-0.119,-0.104,-0.089,-0.074,-0.058,-0.044,-0.029,-0.014,0,0.014,0.028,0.042,0.057
7.28,-0.17912,-0.14912,-0.119,-0.104,-0.089,-0.074,-0.058,-0.044,-0.029,-0.014,0,0.014,0.028,0.042,0.057
7.29,-0.17916,-0.14916,-0.119,-0.104,-0.089,-0.074,-0.058,-0.044,-0.029,-0.014,0,0.014,0.028,0.042,0.057
7.3,-0.1792,-0.1492,-0.119,-0.104,-0.089,-0.074,-0.058,-0.044,-0.029,-0.014,0,0.014,0.028,0.042,0.057
7.31,-0.17924,-0.14924,-0.119,-0.104,-0.089,-0.074,-0.058,-0.044,-0.029,-0.014,0,0.014,0.028,0.042,0.057
7.32,-0.17928,-0.14928,-0.119,-0.104,-0.089,-0.074,-0.058,-0.044,-0.029,-0.014,0,0.014,0.028,0.042,0.057
7.33,-0.17932,-0.14932,-0.119,-0.104,-0.089,-0.074,-0.058,-0.044,-0.029,-0.014,0,0.014,0.028,0.042,0.057
7.34,-0.17936,-0.14936,-0.119,-0.104,-0.089,-0.074,-0.058,-0.044,-0.029,-0.014,0,0.014,0.028,0.042,0.057
7.35,-0.1794,-0.1494,-0.119,-0.104,-0.089,-0.074,-0.058,-0.044,-0.029,-0.014,0,0.014,0.028,0.042,0.057
7.36,-0.17944,-0.14944,-0.119,-0.104,-0.089,-0.074,-0.058,-0.044,-0.029,-0.014,0,0.014,0.028,0.042,0.057
7.37,-0.17948,-0.14948,-0.119,-0.104,-0.089,-0.074,-0.058,-0.044,-0.029,-0.014,0,0.014,0.028,0.042,0.057
7.38,-0.17952,-0.14952,-0.119,-0.104,-0.089,-0.074,-0.058,-0.044,-0.029,-0.014,0,0.014,0.028,0.042,0.057
7.39,-0.17956,-0.14956,-0.119,-0.104,-0.089,-0.074,-0.058,-0.044,-0.029,-0.014,0,0.014,0.028,0.042,0.057
7.4,-0.1796,-0.1496,-0.119,-0.104,-0.089,-0.074,-0.058,-0.044,-0.029,-0.014,0,0.014,0.028,0.042,0.057
7.41,-0.17964,-0.14964,-0.119,-0.104,-0.089,-0.074,-0.058,-0.044,-0.029,-0.014,0,0.014,0.028,0.042,0.057
7.42,-0.17968,-0.14968,-0.119,-0.104,-0.089,-0.074,-0.058,-0.044,-0.029,-0.014,0,0.014,0.028,0.042,0.057
7.43,-0.17972,-0.14972,-0.119,-0.104,-0.089,-0.074,-0.058,-0.044,-0.029,-0.014,0,0.014,0.028,0.042,0.057
7.44,-0.17976,-0.14976,-0.119,-0.104,-0.089,-0.074,-0.058,-0.044,-0.029,-0.014,0,0.014,0.028,0.042,0.057
7.45,-0.1798,-0.1498,-0.119,-0.104,-0.089,-0.074,-0.058,-0.044,-0.029,-0.014,0,0.014,0.028,0.042,0.057
7.46,-0.17984,-0.14984,-0.119,-0.104,-0.089,-0.074,-0.058,-0.044,-0.029,-0.014,0,0.014,0.028,0.042,0.057
7.47,-0.17988,-0.14988,-0.119,-0.104,-0.089,-0.074,-0.058,-0.044,-0.029,-0.014,0,0.014,0.028,0.042,0.057
7.48,-0.17992,-0.14992,-0.119,-0.104,-0.089,-0.074,-0.058,-0.044,-0.029,-0.014,0,0.014,0.028,0.042,0.057
7.49,-0.17996,-0.14996,-0.119,-0.104,-0.089,-0.074,-0.058,-0.044,-0.029,-0.014,0,0.014,0.028,0.042,0.057
7.5,-0.18,-0.15,-0.119,-0.104,-0.089,-0.074,-0.058,-0.044,-0.029,-0.014,0,0.014,0.028,0.042,0.057
7.51,-0.180066667,-0.150033333,-0.119066667,-0.104033333,-0.089,-0.074,-0.058066667,-0.044,-0.029,-0.014,0,0.014,0.028,0.042,0.057
7.52,-0.180133333,-0.150066667,-0.119133333,-0.104066667,-0.089,-0.074,-0.058133333,-0.044,-0.029,-0.014,0,0.014,0.028,0.042,0.057
7.53,-0.1802,-0.1501,-0.1192,-0.1041,-0.089,-0.074,-0.0582,-0.044,-0.029,-0.014,0,0.014,0.028,0.042,0.057
7.54,-0.180266667,-0.150133333,-0.119266667,-0.104133333,-0.089,-0.074,-0.058266667,-0.044,-0.029,-0.014,0,0.014,0.028,0.042,0.057
7.55,-0.180333333,-0.150166667,-0.119333333,-0.104166667,-0.089,-0.074,-0.058333333,-0.044,-0.029,-0.014,0,0.014,0.028,0.042,0.057
7.56,-0.1804,-0.1502,-0.1194,-0.1042,-0.089,-0.074,-0.0584,-0.044,-0.029,-0.014,0,0.014,0.028,0.042,0.057
7.57,-0.180466667,-0.150233333,-0.119466667,-0.104233333,-0.089,-0.074,-0.058466667,-0.044,-0.029,-0.014,0,0.014,0.028,0.042,0.057
7.58,-0.180533333,-0.150266667,-0.119533333,-0.104266667,-0.089,-0.074,-0.058533333,-0.044,-0.029,-0.014,0,0.014,0.028,0.042,0.057
7.59,-0.1806,-0.1503,-0.1196,-0.1043,-0.089,-0.074,-0.0586,-0.044,-0.029,-0.014,0,0.014,0.028,0.042,0.057
7.6,-0.180666667,-0.150333333,-0.119666667,-0.104333333,-0.089,-0.074,-0.058666667,-0.044,-0.029,-0.014,0,0.014,0.028,0.042,0.057
7.61,-0.180733333,-0.150366667,-0.119733333,-0.104366667,-0.089,-0.074,-0.058733333,-0.044,-0.029,-0.014,0,0.014,0.028,0.042,0.057
7.62,-0.1808,-0.1504,-0.1198,-0.1044,-0.089,-0.074,-0.0588,-0.044,-0.029,-0.014,0,0.014,0.028,0.042,0.057
7.63,-0.180866667,-0.150433333,-0.119866667,-0.104433333,-0.089,-0.074,-0.058866667,-0.044,-0.029,-0.014,0,0.014,0.028,0.042,0.057
7.64,-0.180933333,-0.150466667,-0.119933333,-0.104466667,-0.089,-0.074,-0.058933333,-0.044,-0.029,-0.014,0,0.014,0.028,0.042,0.057
7.65,-0.181,-0.1505,-0.12,-0.1045,-0.089,-0.074,-0.059,-0.044,-0.029,-0.014,0,0.014,0.028,0.042,0.057
7.66,-0.181066667,-0.150533333,-0.120066667,-0.104533333,-0.089,-0.074,-0.059066667,-0.044,-0.029,-0.014,0,0.014,0.028,0.042,0.057
7.67,-0.181133333,-0.150566667,-0.120133333,-0.104566667,-0.089,-0.074,-0.059133333,-0.044,-0.029,-0.014,0,0.014,0.028,0.042,0.057
7.68,-0.1812,-0.1506,-0.1202,-0.1046,-0.089,-0.074,-0.0592,-0.044,-0.029,-0.014,0,0.014,0.028,0.042,0.057
7.69,-0.181266667,-0.150633333,-0.120266667,-0.104633333,-0.089,-0.074,-0.059266667,-0.044,-0.029,-0.014,0,0.014,0.028,0.042,0.057
7.7,-0.181333333,-0.150666667,-0.120333333,-0.104666667,-0.089,-0.074,-0.059333333,-0.044,-0.029,-0.014,0,0.014,0.028,0.042,0.057
7.71,-0.1814,-0.1507,-0.1204,-0.1047,-0.089,-0.074,-0.0594,-0.044,-0.029,-0.014,0,0.014,0.028,0.042,0.057
7.72,-0.181466667,-0.150733333,-0.120466667,-0.104733333,-0.089,-0.074,-0.059466667,-0.044,-0.029,-0.014,0,0.014,0.028,0.042,0.057
7.73,-0.181533333,-0.150766667,-0.120533333,-0.104766667,-0.089,-0.074,-0.059533333,-0.044,-0.029,-0.014,0,0.014,0.028,0.042,0.057
7.74,-0.1816,-0.1508,-0.1206,-0.1048,-0.089,-0.074,-0.0596,-0.044,-0.029,-0.014,0,0.014,0.028,0.042,0.057
7.75,-0.181666667,-0.150833333,-0.120666667,-0.104833333,-0.089,-0.074,-0.059666667,-0.044,-0.029,-0.014,0,0.014,0.028,0.042,0.057
7.76,-0.181733333,-0.150866667,-0.120733333,-0.104866667,-0.089,-0.074,-0.059733333,-0.044,-0.029,-0.014,0,0.014,0.028,0.042,0.057
7.77,-0.1818,-0.1509,-0.1208,-0.1049,-0.089,-0.074,-0.0598,-0.044,-0.029,-0.014,0,0.014,0.028,0.042,0.057
7.78,-0.181866667,-0.150933333,-0.120866667,-0.104933333,-0.089,-0.074,-0.059866667,-0.044,-0.029,-0.014,0,0.014,0.028,0.042,0.057
7.79,-0.181933333,-0.150966667,-0.120933333,-0.104966667,-0.089,-0.074,-0.059933333,-0.044,-0.029,-0.014,0,0.014,0.028,0.042,0.057
7.8,-0.182,-0.151,-0.121,-0.105,-0.089,-0.074,-0.06,-0.044,-0.029,-0.014,0,0.014,0.028,0.042,0.057
7.81,-0.1822,-0.1512,-0.121,-0.1051,-0.0892,-0.0742,-0.06,-0.044,-0.029,-0.014,0,0.014,0.028,0.042,0.0569
7.82,-0.1824,-0.1514,-0.121,-0.1052,-0.0894,-0.0744,-0.06,-0.044,-0.029,-0.014,0,0.014,0.028,0.042,0.0568
7.83,-0.1826,-0.1516,-0.121,-0.1053,-0.0896,-0.0746,-0.06,-0.044,-0.029,-0.014,0,0.014,0.028,0.042,0.0567
7.84,-0.1828,-0.1518,-0.121,-0.1054,-0.0898,-0.0748,-0.06,-0.044,-0.029,-0.014,0,0.014,0.028,0.042,0.0566
7.85,-0.183,-0.152,-0.121,-0.1055,-0.09,-0.075,-0.06,-0.044,-0.029,-0.014,0,0.014,0.028,0.042,0.0565
7.86,-0.1832,-0.1522,-0.121,-0.1056,-0.0902,-0.0752,-0.06,-0.044,-0.029,-0.014,0,0.014,0.028,0.042,0.0564
7.87,-0.1834,-0.1524,-0.121,-0.1057,-0.0904,-0.0754,-0.06,-0.044,-0.029,-0.014,0,0.014,0.028,0.042,0.0563
7.88,-0.1836,-0.1526,-0.121,-0.1058,-0.0906,-0.0756,-0.06,-0.044,-0.029,-0.014,0,0.014,0.028,0.042,0.0562
7.89,-0.1838,-0.1528,-0.121,-0.1059,-0.0908,-0.0758,-0.06,-0.044,-0.029,-0.014,0,0.014,0.028,0.042,0.0561
7.9,-0.184,-0.153,-0.121,-0.106,-0.091,-0.076,-0.06,-0.044,-0.029,-0.014,0,0.014,0.028,0.042,0.056
7.91,-0.1841,-0.153,-0.1211,-0.106,-0.0909,-0.0759,-0.06,-0.044,-0.029,-0.014,0,0.014,0.028,0.042,0.0561
7.92,-0.1842,-0.153,-0.1212,-0.106,-0.0908,-0.0758,-0.06,-0.044,-0.029,-0.014,0,0.014,0.028,0.042,0.0562
7.93,-0.1843,-0.153,-0.1213,-0.106,-0.0907,-0.0757,-0.06,-0.044,-0.029,-0.014,0,0.014,0.028,0.042,0.0563
7.94,-0.1844,-0.153,-0.1214,-0.106,-0.0906,-0.0756,-0.06,-0.044,-0.029,-0.014,0,0.014,0.028,0.042,0.0564
7.95,-0.1845,-0.153,-0.1215,-0.106,-0.0905,-0.0755,-0.06,-0.044,-0.029,-0.014,0,0.014,0.028,0.042,0.0565
7.96,-0.1846,-0.153,-0.1216,-0.106,-0.0904,-0.0754,-0.06,-0.044,-0.029,-0.014,0,0.014,0.028,0.042,0.0566
7.97,-0.1847,-0.153,-0.1217,-0.106,-0.0903,-0.0753,-0.06,-0.044,-0.029,-0.014,0,0.014,0.028,0.042,0.0567
7.98,-0.1848,-0.153,-0.1218,-0.106,-0.0902,-0.0752,-0.06,-0.044,-0.029,-0.014,0,0.014,0.028,0.042,0.0568
7.99,-0.1849,-0.153,-0.1219,-0.106,-0.0901,-0.0751,-0.06,-0.044,-0.029,-0.014,0,0.014,0.028,0.042,0.0569
8,-0.185,-0.153,-0.122,-0.106,-0.09,-0.075,-0.06,-0.044,-0.029,-0.014,0,0.014,0.028,0.042,0.057
8.01,-0.185,-0.1529,-0.1219,-0.106,-0.09,-0.0749,-0.0599,-0.044,-0.029,-0.014,0,0.014,0.028,0.042,0.0569
8.02,-0.185,-0.1528,-0.1218,-0.106,-0.09,-0.0748,-0.0598,-0.044,-0.029,-0.014,0,0.014,0.028,0.042,0.0568
8.03,-0.185,-0.1527,-0.1217,-0.106,-0.09,-0.0747,-0.0597,-0.044,-0.029,-0.014,0,0.014,0.028,0.042,0.0567
8.04,-0.185,-0.1526,-0.1216,-0.106,-0.09,-0.0746,-0.0596,-0.044,-0.029,-0.014,0,0.014,0.028,0.042,0.0566
8.05,-0.185,-0.1525,-0.1215,-0.106,-0.09,-0.0745,-0.0595,-0.044,-0.029,-0.014,0,0.014,0.028,0.042,0.0565
8.06,-0.185,-0.1524,-0.1214,-0.106,-0.09,-0.0744,-0.0594,-0.044,-0.029,-0.014,0,0.014,0.028,0.042,0.0564
8.07,-0.185,-0.1523,-0.1213,-0.106,-0.09,-0.0743,-0.0593,-0.044,-0.029,-0.014,0,0.014,0.028,0.042,0.0563
8.08,-0.185,-0.1522,-0.1212,-0.106,-0.09,-0.0742,-0.0592,-0.044,-0.029,-0.014,0,0.014,0.028,0.042,0.0562
8.09,-0.185,-0.1521,-0.1211,-0.106,-0.09,-0.0741,-0.0591,-0.044,-0.029,-0.014,0,0.014,0.028,0.042,0.0561
8.1,-0.185,-0.152,-0.121,-0.106,-0.09,-0.074,-0.059,-0.044,-0.029,-0.014,0,0.014,0.028,0.042,0.056
8.11,-0.1851,-0.1521,-0.121,-0.106,-0.09,-0.074,-0.059,-0.044,-0.029,-0.014,0,0.014,0.028,0.042,0.056
8.12,-0.1852,-0.1522,-0.121,-0.106,-0.09,-0.074,-0.059,-0.044,-0.029,-0.014,0,0.014,0.028,0.042,0.056
8.13,-0.1853,-0.1523,-0.121,-0.106,-0.09,-0.074,-0.059,-0.044,-0.029,-0.014,0,0.014,0.028,0.042,0.056
8.14,-0.1854,-0.1524,-0.121,-0.106,-0.09,-0.074,-0.059,-0.044,-0.029,-0.014,0,0.014,0.028,0.042,0.056
8.15,-0.1855,-0.1525,-0.121,-0.106,-0.09,-0.074,-0.059,-0.044,-0.029,-0.014,0,0.014,0.028,0.042,0.056
8.16,-0.1856,-0.1526,-0.121,-0.106,-0.09,-0.074,-0.059,-0.044,-0.029,-0.014,0,0.014,0.028,0.042,0.056
8.17,-0.1857,-0.1527,-0.121,-0.106,-0.09,-0.074,-0.059,-0.044,-0.029,-0.014,0,0.014,0.028,0.042,0.056
8.18,-0.1858,-0.1528,-0.121,-0.106,-0.09,-0.074,-0.059,-0.044,-0.029,-0.014,0,0.014,0.028,0.042,0.056
8.19,-0.1859,-0.1529,-0.121,-0.106,-0.09,-0.074,-0.059,-0.044,-0.029,-0.014,0,0.014,0.028,0.042,0.056
8.2,-0.186,-0.153,-0.121,-0.106,-0.09,-0.074,-0.059,-0.044,-0.029,-0.014,0,0.014,0.028,0.042,0.056
8.21,-0.1862,-0.1531,-0.1211,-0.106,-0.09,-0.0741,-0.0591,-0.044,-0.029,-0.014,0,0.014,0.0279,0.0419,0.0559
8.22,-0.1864,-0.1532,-0.1212,-0.106,-0.09,-0.0742,-0.0592,-0.044,-0.029,-0.014,0,0.014,0.0278,0.0418,0.0558
8.23,-0.1866,-0.1533,-0.1213,-0.106,-0.09,-0.0743,-0.0593,-0.044,-0.029,-0.014,0,0.014,0.0277,0.0417,0.0557
8.24,-0.1868,-0.1534,-0.1214,-0.106,-0.09,-0.0744,-0.0594,-0.044,-0.029,-0.014,0,0.014,0.0276,0.0416,0.0556
8.25,-0.187,-0.1535,-0.1215,-0.106,-0.09,-0.0745,-0.0595,-0.044,-0.029,-0.014,0,0.014,0.0275,0.0415,0.0555
8.26,-0.1872,-0.1536,-0.1216,-0.106,-0.09,-0.0746,-0.0596,-0.044,-0.029,-0.014,0,0.014,0.0274,0.0414,0.0554
8.27,-0.1874,-0.1537,-0.1217,-0.106,-0.09,-0.0747,-0.0597,-0.044,-0.029,-0.014,0,0.014,0.0273,0.0413,0.0553
8.28,-0.1876,-0.1538,-0.1218,-0.106,-0.09,-0.0748,-0.0598,-0.044,-0.029,-0.014,0,0.014,0.0272,0.0412,0.0552
8.29,-0.1878,-0.1539,-0.1219,-0.106,-0.09,-0.0749,-0.0599,-0.044,-0.029,-0.014,0,0.014,0.0271,0.0411,0.0551
8.3,-0.188,-0.154,-0.122,-0.106,-0.09,-0.075,-0.06,-0.044,-0.029,-0.014,0,0.014,0.027,0.041,0.055
8.31,-0.1881,-0.1542,-0.122,-0.106,-0.09,-0.075,-0.06,-0.044,-0.029,-0.014,0,0.014,0.0271,0.041,0.0549
8.32,-0.1882,-0.1544,-0.122,-0.106,-0.09,-0.075,-0.06,-0.044,-0.029,-0.014,0,0.014,0.0272,0.041,0.0548
8.33,-0.1883,-0.1546,-0.122,-0.106,-0.09,-0.075,-0.06,-0.044,-0.029,-0.014,0,0.014,0.0273,0.041,0.0547
8.34,-0.1884,-0.1548,-0.122,-0.106,-0.09,-0.075,-0.06,-0.044,-0.029,-0.014,0,0.014,0.0274,0.041,0.0546
8.35,-0.1885,-0.155,-0.122,-0.106,-0.09,-0.075,-0.06,-0.044,-0.029,-0.014,0,0.014,0.0275,0.041,0.0545
8.36,-0.1886,-0.1552,-0.122,-0.106,-0.09,-0.075,-0.06,-0.044,-0.029,-0.014,0,0.014,0.0276,0.041,0.0544
8.37,-0.1887,-0.1554,-0.122,-0.106,-0.09,-0.075,-0.06,-0.044,-0.029,-0.014,0,0.014,0.0277,0.041,0.0543
8.38,-0.1888,-0.1556,-0.122,-0.106,-0.09,-0.075,-0.06,-0.044,-0.029,-0.014,0,0.014,0.0278,0.041,0.0542
8.39,-0.1889,-0.1558,-0.122,-0.106,-0.09,-0.075,-0.06,-0.044,-0.029,-0.014,0,0.014,0.0279,0.041,0.0541
8.4,-0.189,-0.156,-0.122,-0.106,-0.09,-0.075,-0.06,-0.044,-0.029,-0.014,0,0.014,0.028,0.041,0.054
8.41,-0.1891,-0.1561,-0.1221,-0.1061,-0.0901,-0.0751,-0.0601,-0.0441,-0.029,-0.014,0,0.014,0.028,0.041,0.054
8.42,-0.1892,-0.1562,-0.1222,-0.1062,-0.0902,-0.0752,-0.0602,-0.0442,-0.029,-0.014,0,0.014,0.028,0.041,0.054
8.43,-0.1893,-0.1563,-0.1223,-0.1063,-0.0903,-0.0753,-0.0603,-0.0443,-0.029,-0.014,0,0.014,0.028,0.041,0.054
8.44,-0.1894,-0.1564,-0.1224,-0.1064,-0.0904,-0.0754,-0.0604,-0.0444,-0.029,-0.014,0,0.014,0.028,0.041,0.054
8.45,-0.1895,-0.1565,-0.1225,-0.1065,-0.0905,-0.0755,-0.0605,-0.0445,-0.029,-0.014,0,0.014,0.028,0.041,0.054
8.46,-0.1896,-0.1566,-0.1226,-0.1066,-0.0906,-0.0756,-0.0606,-0.0446,-0.029,-0.014,0,0.014,0.028,0.041,0.054
8.47,-0.1897,-0.1567,-0.1227,-0.1067,-0.0907,-0.0757,-0.0607,-0.0447,-0.029,-0.014,0,0.014,0.028,0.041,0.054
8.48,-0.1898,-0.1568,-0.1228,-0.1068,-0.0908,-0.0758,-0.0608,-0.0448,-0.029,-0.014,0,0.014,0.028,0.041,0.054
8.49,-0.1899,-0.1569,-0.1229,-0.1069,-0.0909,-0.0759,-0.0609,-0.0449,-0.029,-0.014,0,0.014,0.028,0.041,0.054
8.5,-0.19,-0.157,-0.123,-0.107,-0.091,-0.076,-0.061,-0.045,-0.029,-0.014,0,0.014,0.028,0.041,0.054
8.51,-0.1903,-0.1571,-0.1232,-0.1072,-0.0912,-0.0761,-0.061,-0.0451,-0.0291,-0.0141,0,0.014,0.028,0.041,0.054
8.52,-0.1906,-0.1572,-0.1234,-0.1074,-0.0914,-0.0762,-0.061,-0.0452,-0.0292,-0.0142,0,0.014,0.028,0.041,0.054
8.53,-0.1909,-0.1573,-0.1236,-0.1076,-0.0916,-0.0763,-0.061,-0.0453,-0.0293,-0.0143,0,0.014,0.028,0.041,0.054
8.54,-0.1912,-0.1574,-0.1238,-0.1078,-0.0918,-0.0764,-0.061,-0.0454,-0.0294,-0.0144,0,0.014,0.028,0.041,0.054
8.55,-0.1915,-0.1575,-0.124,-0.108,-0.092,-0.0765,-0.061,-0.0455,-0.0295,-0.0145,0,0.014,0.028,0.041,0.054
8.56,-0.1918,-0.1576,-0.1242,-0.1082,-0.0922,-0.0766,-0.061,-0.0456,-0.0296,-0.0146,0,0.014,0.028,0.041,0.054
8.57,-0.1921,-0.1577,-0.1244,-0.1084,-0.0924,-0.0767,-0.061,-0.0457,-0.0297,-0.0147,0,0.014,0.028,0.041,0.054
8.58,-0.1924,-0.1578,-0.1246,-0.1086,-0.0926,-0.0768,-0.061,-0.0458,-0.0298,-0.0148,0,0.014,0.028,0.041,0.054
8.59,-0.1927,-0.1579,-0.1248,-0.1088,-0.0928,-0.0769,-0.061,-0.0459,-0.0299,-0.0149,0,0.014,0.028,0.041,0.054
8.6,-0.193,-0.158,-0.125,-0.109,-0.093,-0.077,-0.061,-0.046,-0.03,-0.015,0,0.014,0.028,0.041,0.054
8.61,-0.19345,-0.1584,-0.1253,-0.10925,-0.0932,-0.07715,-0.0611,-0.04605,-0.03005,-0.01505,0,0.014,0.02795,0.0409,0.05385
8.62,-0.1939,-0.1588,-0.1256,-0.1095,-0.0934,-0.0773,-0.0612,-0.0461,-0.0301,-0.0151,0,0.014,0.0279,0.0408,0.0537
8.63,-0.19435,-0.1592,-0.1259,-0.10975,-0.0936,-0.07745,-0.0613,-0.04615,-0.03015,-0.01515,0,0.014,0.02785,0.0407,0.05355
8.64,-0.1948,-0.1596,-0.1262,-0.11,-0.0938,-0.0776,-0.0614,-0.0462,-0.0302,-0.0152,0,0.014,0.0278,0.0406,0.0534
8.65,-0.19525,-0.16,-0.1265,-0.11025,-0.094,-0.07775,-0.0615,-0.04625,-0.03025,-0.01525,0,0.014,0.02775,0.0405,0.05325
8.66,-0.1957,-0.1604,-0.1268,-0.1105,-0.0942,-0.0779,-0.0616,-0.0463,-0.0303,-0.0153,0,0.014,0.0277,0.0404,0.0531
8.67,-0.19615,-0.1608,-0.1271,-0.11075,-0.0944,-0.07805,-0.0617,-0.04635,-0.03035,-0.01535,0,0.014,0.02765,0.0403,0.05295
8.68,-0.1966,-0.1612,-0.1274,-0.111,-0.0946,-0.0782,-0.0618,-0.0464,-0.0304,-0.0154,0,0.014,0.0276,0.0402,0.0528
8.69,-0.19705,-0.1616,-0.1277,-0.11125,-0.0948,-0.07835,-0.0619,-0.04645,-0.03045,-0.01545,0,0.014,0.02755,0.0401,0.05265
8.7,-0.1975,-0.162,-0.128,-0.1115,-0.095,-0.0785,-0.062,-0.0465,-0.0305,-0.0155,0,0.014,0.0275,0.04,0.0525
8.71,-0.19795,-0.1624,-0.1283,-0.11175,-0.0952,-0.07865,-0.0621,-0.04655,-0.03055,-0.01555,0,0.014,0.02745,0.0399,0.05235
8.72,-0.1984,-0.1628,-0.1286,-0.112,-0.0954,-0.0788,-0.0622,-0.0466,-0.0306,-0.0156,0,0.014,0.0274,0.0398,0.0522
8.73,-0.19885,-0.1632,-0.1289,-0.11225,-0.0956,-0.07895,-0.0623,-0.04665,-0.03065,-0.01565,0,0.014,0.02735,0.0397,0.05205
8.74,-0.1993,-0.1636,-0.1292,-0.1125,-0.0958,-0.0791,-0.0624,-0.0467,-0.0307,-0.0157,0,0.014,0.0273,0.0396,0.0519
8.75,-0.19975,-0.164,-0.1295,-0.11275,-0.096,-0.07925,-0.0625,-0.04675,-0.03075,-0.01575,0,0.014,0.02725,0.0395,0.05175
8.76,-0.2002,-0.1644,-0.1298,-0.113,-0.0962,-0.0794,-0.0626,-0.0468,-0.0308,-0.0158,0,0.014,0.0272,0.0394,0.0516
8.77,-0.20065,-0.1648,-0.1301,-0.11325,-0.0964,-0.07955,-0.0627,-0.04685,-0.03085,-0.01585,0,0.014,0.02715,0.0393,0.05145
8.78,-0.2011,-0.1652,-0.1304,-0.1135,-0.0966,-0.0797,-0.0628,-0.0469,-0.0309,-0.0159,0,0.014,0.0271,0.0392,0.0513
8.79,-0.20155,-0.1656,-0.1307,-0.11375,-0.0968,-0.07985,-0.0629,-0.04695,-0.03095,-0.01595,0,0.014,0.02705,0.0391,0.05115
8.8,-0.202,-0.166,-0.131,-0.114,-0.097,-0.08,-0.063,-0.047,-0.031,-0.016,0,0.014,0.027,0.039,0.051
8.81,-0.2029,-0.1668,-0.1316,-0.1144,-0.0973,-0.0802,-0.0632,-0.0472,-0.0312,-0.016,0,0.0139,0.0269,0.0385,0.05
8.82,-0.2038,-0.1676,-0.1322,-0.1148,-0.0976,-0.0804,-0.0634,-0.0474,-0.0314,-0.016,0,0.0138,0.0268,0.038,0.049
8.83,-0.2047,-0.1684,-0.1328,-0.1152,-0.0979,-0.0806,-0.0636,-0.0476,-0.0316,-0.016,0,0.0137,0.0267,0.0375,0.048
8.84,-0.2056,-0.1692,-0.1334,-0.1156,-0.0982,-0.0808,-0.0638,-0.0478,-0.0318,-0.016,0,0.0136,0.0266,0.037,0.047
8.85,-0.2065,-0.17,-0.134,-0.116,-0.0985,-0.081,-0.064,-0.048,-0.032,-0.016,0,0.0135,0.0265,0.0365,0.046
8.86,-0.2074,-0.1708,-0.1346,-0.1164,-0.0988,-0.0812,-0.0642,-0.0482,-0.0322,-0.016,0,0.0134,0.0264,0.036,0.045
8.87,-0.2083,-0.1716,-0.1352,-0.1168,-0.0991,-0.0814,-0.0644,-0.0484,-0.0324,-0.016,0,0.0133,0.0263,0.0355,0.044
8.88,-0.2092,-0.1724,-0.1358,-0.1172,-0.0994,-0.0816,-0.0646,-0.0486,-0.0326,-0.016,0,0.0132,0.0262,0.035,0.043
8.89,-0.2101,-0.1732,-0.1364,-0.1176,-0.0997,-0.0818,-0.0648,-0.0488,-0.0328,-0.016,0,0.0131,0.0261,0.0345,0.042
8.9,-0.211,-0.174,-0.137,-0.118,-0.1,-0.082,-0.065,-0.049,-0.033,-0.016,0,0.013,0.026,0.034,0.041
8.91,-0.212666667,-0.1755,-0.138166667,-0.119333333,-0.101166667,-0.083166667,-0.066,-0.0495,-0.033166667,-0.016166667,0,0.0125,0.025166667,0.032,0.037833333
8.92,-0.214333333,-0.177,-0.139333333,-0.120666667,-0.102333333,-0.084333333,-0.067,-0.05,-0.033333333,-0.016333333,0,0.012,0.024333333,0.03,0.034666667
8.93,-0.216,-0.1785,-0.1405,-0.122,-0.1035,-0.0855,-0.068,-0.0505,-0.0335,-0.0165,0,0.0115,0.0235,0.028,0.0315
8.94,-0.217666667,-0.18,-0.141666667,-0.123333333,-0.104666667,-0.086666667,-0.069,-0.051,-0.033666667,-0.016666667,0,0.011,0.022666667,0.026,0.028333333
8.95,-0.219333333,-0.1815,-0.142833333,-0.124666667,-0.105833333,-0.087833333,-0.07,-0.0515,-0.033833333,-0.016833333,0,0.0105,0.021833333,0.024,0.025166667
8.96,-0.221,-0.183,-0.144,-0.126,-0.107,-0.089,-0.071,-0.052,-0.034,-0.017,0,0.01,0.021,0.022,0.022
8.97,-0.223,-0.185,-0.146,-0.128,-0.109,-0.091,-0.073,-0.054,-0.035,-0.018,0,0.01,0.019,0.019,0.019
8.98,-0.225,-0.186,-0.148,-0.13,-0.112,-0.093,-0.074,-0.055,-0.036,-0.018,0,0.008,0.017,0.015,0.013
8.99,-0.227,-0.189,-0.151,-0.132,-0.113,-0.094,-0.076,-0.058,-0.039,-0.02,0,0.006,0.012,0.01,0.007
9,-0.228,-0.19,-0.152,-0.134,-0.116,-0.096,-0.077,-0.058,-0.04,-0.02,0,0.003,0.006,0.002,-0.001
9.01,-0.231,-0.193,-0.154,-0.136,-0.119,-0.1,-0.081,-0.062,-0.043,-0.022,0,0,-0.001,-0.004,-0.007
