level,list_-3.0,list_-2.5,list_-2.0,list_-1.5,list_-1.0,list_-0.5,list_0.0,list_0.5,list_1.0,list_1.5,list_2.0,list_2.5,list_3.0
0,24.0,20.0,14.0,11.0,5.0,2.0,0.0,0.0,0.0,0.0,0.0,0.0,0.0
10,24.0,19.9,14.1,11.0,5.2,2.1,0.0,-0.3,-0.5,-0.7,-0.9,-1.0,-1.1
20,24.0,19.8,14.2,11.0,5.4,2.2,0.0,-0.6,-1.0,-1.4,-1.8,-2.0,-2.2
30,24.0,19.7,14.3,11.0,5.6,2.3,0.0,-0.8999999999999999,-1.5,-2.0999999999999996,-2.7,-3.0,-3.3000000000000003
40,24.0,19.6,14.4,11.0,5.8,2.4,0.0,-1.2,-2.0,-2.8,-3.6,-4.0,-4.4
50,24.0,19.5,14.5,11.0,6.0,2.5,0.0,-1.5,-2.5,-3.5,-4.5,-5.0,-5.5
60,24.0,19.4,14.6,11.0,6.2,2.6,0.0,-1.7999999999999998,-3.0,-4.199999999999999,-5.4,-6.0,-6.6000000000000005
70,24.0,19.3,14.7,11.0,6.4,2.7,0.0,-2.1,-3.5,-4.8999999999999995,-6.3,-7.0,-7.700000000000001
80,24.0,19.2,14.8,11.0,6.6,2.8,0.0,-2.4,-4.0,-5.6,-7.2,-8.0,-8.8
90,24.0,19.1,14.9,11.0,6.8,2.9,0.0,-2.6999999999999997,-4.5,-6.3,-8.1,-9.0,-9.9
100,24.0,19.0,15.0,11.0,7.0,3.0,0.0,-3.0,-5.0,-7.0,-9.0,-10.0,-11.0
110,24.0,19.0,15.0,11.0,7.0,3.0,0.0,-3.0,-5.0,-7.0,-9.0,-10.0,-11.0
120,24.0,19.0,15.0,11.0,7.0,3.0,0.0,-3.0,-5.0,-7.0,-9.0,-10.0,-11.0
130,24.0,19.0,15.0,11.0,7.0,3.0,0.0,-3.0,-5.0,-7.0,-9.0,-10.0,-11.0
140,24.0,19.0,15.0,11.0,7.0,3.0,0.0,-3.0,-5.0,-7.0,-9.0,-10.0,-11.0
150,24.0,19.0,15.0,11.0,7.0,3.0,0.0,-3.0,-5.0,-7.0,-9.0,-10.0,-11.0
160,24.0,19.0,15.0,11.0,7.0,3.0,0.0,-3.0,-5.0,-7.0,-9.0,-10.0,-11.0
170,24.0,19.0,15.0,11.0,7.0,3.0,0.0,-3.0,-5.0,-7.0,-9.0,-10.0,-11.0
180,24.0,19.0,15.0,11.0,7.0,3.0,0.0,-3.0,-5.0,-7.0,-9.0,-10.0,-11.0
190,24.0,19.0,15.0,11.0,7.0,3.0,0.0,-3.0,-5.0,-7.0,-9.0,-10.0,-11.0
200,24.0,19.0,15.0,11.0,7.0,3.0,0.0,-3.0,-5.0,-7.0,-9.0,-10.0,-11.0
210,24.0,19.0,15.0,11.0,7.0,3.0,0.0,-3.0,-5.0,-7.0,-9.0,-10.0,-11.0
220,24.0,19.0,15.0,11.0,7.0,3.0,0.0,-3.0,-5.0,-7.0,-9.0,-10.0,-11.0
230,24.0,19.0,15.0,11.0,7.0,3.0,0.0,-3.0,-5.0,-7.0,-9.0,-10.0,-11.0
240,24.0,19.0,15.0,11.0,7.0,3.0,0.0,-3.0,-5.0,-7.0,-9.0,-10.0,-11.0
250,24.0,19.0,15.0,11.0,7.0,3.0,0.0,-3.0,-5.0,-7.0,-9.0,-10.0,-11.0
260,24.0,19.0,15.0,11.0,7.0,3.0,0.0,-3.0,-5.0,-7.0,-9.0,-10.0,-11.0
270,24.0,19.0,15.0,11.0,7.0,3.0,0.0,-3.0,-5.0,-7.0,-9.0,-10.0,-11.0
280,24.0,19.0,15.0,11.0,7.0,3.0,0.0,-3.0,-5.0,-7.0,-9.0,-10.0,-11.0
290,24.0,19.0,15.0,11.0,7.0,3.0,0.0,-3.0,-5.0,-7.0,-9.0,-10.0,-11.0
300,24.0,19.0,15.0,11.0,7.0,3.0,0.0,-3.0,-5.0,-7.0,-9.0,-10.0,-11.0
310,24.0,19.0,15.0,10.9,7.0,3.0,0.0,-3.0,-5.0,-7.0,-9.0,-10.0,-11.1
320,24.0,19.0,15.0,10.8,7.0,3.0,0.0,-3.0,-5.0,-7.0,-9.0,-10.0,-11.2
330,24.0,19.0,15.0,10.7,7.0,3.0,0.0,-3.0,-5.0,-7.0,-9.0,-10.0,-11.3
340,24.0,19.0,15.0,10.6,7.0,3.0,0.0,-3.0,-5.0,-7.0,-9.0,-10.0,-11.4
350,24.0,19.0,15.0,10.5,7.0,3.0,0.0,-3.0,-5.0,-7.0,-9.0,-10.0,-11.5
360,24.0,19.0,15.0,10.4,7.0,3.0,0.0,-3.0,-5.0,-7.0,-9.0,-10.0,-11.6
370,24.0,19.0,15.0,10.3,7.0,3.0,0.0,-3.0,-5.0,-7.0,-9.0,-10.0,-11.7
380,24.0,19.0,15.0,10.2,7.0,3.0,0.0,-3.0,-5.0,-7.0,-9.0,-10.0,-11.8
390,24.0,19.0,15.0,10.1,7.0,3.0,0.0,-3.0,-5.0,-7.0,-9.0,-10.0,-11.9
400,24.0,19.0,15.0,10.0,7.0,3.0,0.0,-3.0,-5.0,-7.0,-9.0,-10.0,-12.0
410,24.0,19.0,15.0,10.0,7.0,3.0,0.0,-3.0,-5.0,-7.0,-9.0,-10.1,-12.0
420,24.0,19.0,15.0,10.0,7.0,3.0,0.0,-3.0,-5.0,-7.0,-9.0,-10.2,-12.0
430,24.0,19.0,15.0,10.0,7.0,3.0,0.0,-3.0,-5.0,-7.0,-9.0,-10.3,-12.0
440,24.0,19.0,15.0,10.0,7.0,3.0,0.0,-3.0,-5.0,-7.0,-9.0,-10.4,-12.0
450,24.0,19.0,15.0,10.0,7.0,3.0,0.0,-3.0,-5.0,-7.0,-9.0,-10.5,-12.0
460,24.0,19.0,15.0,10.0,7.0,3.0,0.0,-3.0,-5.0,-7.0,-9.0,-10.6,-12.0
470,24.0,19.0,15.0,10.0,7.0,3.0,0.0,-3.0,-5.0,-7.0,-9.0,-10.7,-12.0
480,24.0,19.0,15.0,10.0,7.0,3.0,0.0,-3.0,-5.0,-7.0,-9.0,-10.8,-12.0
490,24.0,19.0,15.0,10.0,7.0,3.0,0.0,-3.0,-5.0,-7.0,-9.0,-10.9,-12.0
500,24.0,19.0,15.0,10.0,7.0,3.0,0.0,-3.0,-5.0,-7.0,-9.0,-11.0,-12.0
510,23.98,19.0,14.98,10.0,7.0,3.0,0.0,-3.0,-5.0,-7.02,-9.0,-11.0,-12.0
520,23.96,19.0,14.96,10.0,7.0,3.0,0.0,-3.0,-5.0,-7.04,-9.0,-11.0,-12.0
530,23.94,19.0,14.94,10.0,7.0,3.0,0.0,-3.0,-5.0,-7.06,-9.0,-11.0,-12.0
540,23.92,19.0,14.92,10.0,7.0,3.0,0.0,-3.0,-5.0,-7.08,-9.0,-11.0,-12.0
550,23.9,19.0,14.9,10.0,7.0,3.0,0.0,-3.0,-5.0,-7.1,-9.0,-11.0,-12.0
560,23.88,19.0,14.88,10.0,7.0,3.0,0.0,-3.0,-5.0,-7.12,-9.0,-11.0,-12.0
570,23.86,19.0,14.86,10.0,7.0,3.0,0.0,-3.0,-5.0,-7.14,-9.0,-11.0,-12.0
580,23.84,19.0,14.84,10.0,7.0,3.0,0.0,-3.0,-5.0,-7.16,-9.0,-11.0,-12.0
590,23.82,19.0,14.82,10.0,7.0,3.0,0.0,-3.0,-5.0,-7.18,-9.0,-11.0,-12.0
600,23.8,19.0,14.8,10.0,7.0,3.0,0.0,-3.0,-5.0,-7.2,-9.0,-11.0,-12.0
610,23.78,19.0,14.78,10.0,7.0,3.0,0.0,-3.0,-5.0,-7.22,-9.0,-11.0,-12.0
620,23.76,19.0,14.76,10.0,7.0,3.0,0.0,-3.0,-5.0,-7.24,-9.0,-11.0,-12.0
630,23.74,19.0,14.74,10.0,7.0,3.0,0.0,-3.0,-5.0,-7.26,-9.0,-11.0,-12.0
640,23.72,19.0,14.72,10.0,7.0,3.0,0.0,-3.0,-5.0,-7.28,-9.0,-11.0,-12.0
650,23.7,19.0,14.7,10.0,7.0,3.0,0.0,-3.0,-5.0,-7.3,-9.0,-11.0,-12.0
660,23.68,19.0,14.68,10.0,7.0,3.0,0.0,-3.0,-5.0,-7.32,-9.0,-11.0,-12.0
670,23.66,19.0,14.66,10.0,7.0,3.0,0.0,-3.0,-5.0,-7.34,-9.0,-11.0,-12.0
680,23.64,19.0,14.64,10.0,7.0,3.0,0.0,-3.0,-5.0,-7.36,-9.0,-11.0,-12.0
690,23.62,19.0,14.62,10.0,7.0,3.0,0.0,-3.0,-5.0,-7.38,-9.0,-11.0,-12.0
700,23.6,19.0,14.6,10.0,7.0,3.0,0.0,-3.0,-5.0,-7.4,-9.0,-11.0,-12.0
710,23.58,19.0,14.58,10.0,7.0,3.0,0.0,-3.0,-5.0,-7.42,-9.0,-11.0,-12.0
720,23.56,19.0,14.56,10.0,7.0,3.0,0.0,-3.0,-5.0,-7.44,-9.0,-11.0,-12.0
730,23.54,19.0,14.54,10.0,7.0,3.0,0.0,-3.0,-5.0,-7.46,-9.0,-11.0,-12.0
740,23.52,19.0,14.52,10.0,7.0,3.0,0.0,-3.0,-5.0,-7.48,-9.0,-11.0,-12.0
750,23.5,19.0,14.5,10.0,7.0,3.0,0.0,-3.0,-5.0,-7.5,-9.0,-11.0,-12.0
760,23.48,19.0,14.48,10.0,7.0,3.0,0.0,-3.0,-5.0,-7.52,-9.0,-11.0,-12.0
770,23.46,19.0,14.46,10.0,7.0,3.0,0.0,-3.0,-5.0,-7.54,-9.0,-11.0,-12.0
780,23.44,19.0,14.44,10.0,7.0,3.0,0.0,-3.0,-5.0,-7.5600000000000005,-9.0,-11.0,-12.0
790,23.42,19.0,14.42,10.0,7.0,3.0,0.0,-3.0,-5.0,-7.58,-9.0,-11.0,-12.0
800,23.4,19.0,14.4,10.0,7.0,3.0,0.0,-3.0,-5.0,-7.6,-9.0,-11.0,-12.0
810,23.38,19.0,14.38,10.0,7.0,3.0,0.0,-3.0,-5.0,-7.62,-9.0,-11.0,-12.0
820,23.36,19.0,14.36,10.0,7.0,3.0,0.0,-3.0,-5.0,-7.64,-9.0,-11.0,-12.0
830,23.34,19.0,14.34,10.0,7.0,3.0,0.0,-3.0,-5.0,-7.66,-9.0,-11.0,-12.0
840,23.32,19.0,14.32,10.0,7.0,3.0,0.0,-3.0,-5.0,-7.68,-9.0,-11.0,-12.0
850,23.3,19.0,14.3,10.0,7.0,3.0,0.0,-3.0,-5.0,-7.7,-9.0,-11.0,-12.0
860,23.28,19.0,14.28,10.0,7.0,3.0,0.0,-3.0,-5.0,-7.72,-9.0,-11.0,-12.0
870,23.26,19.0,14.26,10.0,7.0,3.0,0.0,-3.0,-5.0,-7.74,-9.0,-11.0,-12.0
880,23.24,19.0,14.24,10.0,7.0,3.0,0.0,-3.0,-5.0,-7.76,-9.0,-11.0,-12.0
890,23.22,19.0,14.22,10.0,7.0,3.0,0.0,-3.0,-5.0,-7.78,-9.0,-11.0,-12.0
900,23.2,19.0,14.2,10.0,7.0,3.0,0.0,-3.0,-5.0,-7.8,-9.0,-11.0,-12.0
910,23.18,19.0,14.18,10.0,7.0,3.0,0.0,-3.0,-5.0,-7.82,-9.0,-11.0,-12.0
920,23.16,19.0,14.16,10.0,7.0,3.0,0.0,-3.0,-5.0,-7.84,-9.0,-11.0,-12.0
930,23.14,19.0,14.14,10.0,7.0,3.0,0.0,-3.0,-5.0,-7.86,-9.0,-11.0,-12.0
940,23.12,19.0,14.12,10.0,7.0,3.0,0.0,-3.0,-5.0,-7.88,-9.0,-11.0,-12.0
950,23.1,19.0,14.1,10.0,7.0,3.0,0.0,-3.0,-5.0,-7.9,-9.0,-11.0,-12.0
960,23.08,19.0,14.08,10.0,7.0,3.0,0.0,-3.0,-5.0,-7.92,-9.0,-11.0,-12.0
970,23.06,19.0,14.06,10.0,7.0,3.0,0.0,-3.0,-5.0,-7.94,-9.0,-11.0,-12.0
980,23.04,19.0,14.04,10.0,7.0,3.0,0.0,-3.0,-5.0,-7.96,-9.0,-11.0,-12.0
990,23.02,19.0,14.02,10.0,7.0,3.0,0.0,-3.0,-5.0,-7.98,-9.0,-11.0,-12.0
1000,23.0,19.0,14.0,10.0,7.0,3.0,0.0,-3.0,-5.0,-8.0,-9.0,-11.0,-12.0
1010,23.0,18.98,14.0,10.0,6.98,3.0,0.0,-3.0,-5.0,-8.0,-9.02,-11.0,-12.02
1020,23.0,18.96,14.0,10.0,6.96,3.0,0.0,-3.0,-5.0,-8.0,-9.04,-11.0,-12.04
1030,23.0,18.94,14.0,10.0,6.94,3.0,0.0,-3.0,-5.0,-8.0,-9.06,-11.0,-12.06
1040,23.0,18.92,14.0,10.0,6.92,3.0,0.0,-3.0,-5.0,-8.0,-9.08,-11.0,-12.08
1050,23.0,18.9,14.0,10.0,6.9,3.0,0.0,-3.0,-5.0,-8.0,-9.1,-11.0,-12.1
1060,23.0,18.88,14.0,10.0,6.88,3.0,0.0,-3.0,-5.0,-8.0,-9.12,-11.0,-12.12
1070,23.0,18.86,14.0,10.0,6.86,3.0,0.0,-3.0,-5.0,-8.0,-9.14,-11.0,-12.14
1080,23.0,18.84,14.0,10.0,6.84,3.0,0.0,-3.0,-5.0,-8.0,-9.16,-11.0,-12.16
1090,23.0,18.82,14.0,10.0,6.82,3.0,0.0,-3.0,-5.0,-8.0,-9.18,-11.0,-12.18
1100,23.0,18.8,14.0,10.0,6.8,3.0,0.0,-3.0,-5.0,-8.0,-9.2,-11.0,-12.2
1110,23.0,18.78,14.0,10.0,6.78,3.0,0.0,-3.0,-5.0,-8.0,-9.22,-11.0,-12.22
1120,23.0,18.76,14.0,10.0,6.76,3.0,0.0,-3.0,-5.0,-8.0,-9.24,-11.0,-12.24
1130,23.0,18.74,14.0,10.0,6.74,3.0,0.0,-3.0,-5.0,-8.0,-9.26,-11.0,-12.26
1140,23.0,18.72,14.0,10.0,6.72,3.0,0.0,-3.0,-5.0,-8.0,-9.28,-11.0,-12.28
1150,23.0,18.7,14.0,10.0,6.7,3.0,0.0,-3.0,-5.0,-8.0,-9.3,-11.0,-12.3
1160,23.0,18.68,14.0,10.0,6.68,3.0,0.0,-3.0,-5.0,-8.0,-9.32,-11.0,-12.32
1170,23.0,18.66,14.0,10.0,6.66,3.0,0.0,-3.0,-5.0,-8.0,-9.34,-11.0,-12.34
1180,23.0,18.64,14.0,10.0,6.64,3.0,0.0,-3.0,-5.0,-8.0,-9.36,-11.0,-12.36
1190,23.0,18.62,14.0,10.0,6.62,3.0,0.0,-3.0,-5.0,-8.0,-9.38,-11.0,-12.38
1200,23.0,18.6,14.0,10.0,6.6,3.0,0.0,-3.0,-5.0,-8.0,-9.4,-11.0,-12.4
1210,23.0,18.58,14.0,10.0,6.58,3.0,0.0,-3.0,-5.0,-8.0,-9.42,-11.0,-12.42
1220,23.0,18.56,14.0,10.0,6.56,3.0,0.0,-3.0,-5.0,-8.0,-9.44,-11.0,-12.44
1230,23.0,18.54,14.0,10.0,6.54,3.0,0.0,-3.0,-5.0,-8.0,-9.46,-11.0,-12.46
1240,23.0,18.52,14.0,10.0,6.52,3.0,0.0,-3.0,-5.0,-8.0,-9.48,-11.0,-12.48
1250,23.0,18.5,14.0,10.0,6.5,3.0,0.0,-3.0,-5.0,-8.0,-9.5,-11.0,-12.5
1260,23.0,18.48,14.0,10.0,6.48,3.0,0.0,-3.0,-5.0,-8.0,-9.52,-11.0,-12.52
1270,23.0,18.46,14.0,10.0,6.46,3.0,0.0,-3.0,-5.0,-8.0,-9.54,-11.0,-12.54
1280,23.0,18.44,14.0,10.0,6.4399999999999995,3.0,0.0,-3.0,-5.0,-8.0,-9.56,-11.0,-12.56
1290,23.0,18.42,14.0,10.0,6.42,3.0,0.0,-3.0,-5.0,-8.0,-9.58,-11.0,-12.58
1300,23.0,18.4,14.0,10.0,6.4,3.0,0.0,-3.0,-5.0,-8.0,-9.6,-11.0,-12.6
1310,23.0,18.38,14.0,10.0,6.38,3.0,0.0,-3.0,-5.0,-8.0,-9.62,-11.0,-12.62
1320,23.0,18.36,14.0,10.0,6.36,3.0,0.0,-3.0,-5.0,-8.0,-9.64,-11.0,-12.64
1330,23.0,18.34,14.0,10.0,6.34,3.0,0.0,-3.0,-5.0,-8.0,-9.66,-11.0,-12.66
1340,23.0,18.32,14.0,10.0,6.32,3.0,0.0,-3.0,-5.0,-8.0,-9.68,-11.0,-12.68
1350,23.0,18.3,14.0,10.0,6.3,3.0,0.0,-3.0,-5.0,-8.0,-9.7,-11.0,-12.7
1360,23.0,18.28,14.0,10.0,6.28,3.0,0.0,-3.0,-5.0,-8.0,-9.72,-11.0,-12.72
1370,23.0,18.26,14.0,10.0,6.26,3.0,0.0,-3.0,-5.0,-8.0,-9.74,-11.0,-12.74
1380,23.0,18.24,14.0,10.0,6.24,3.0,0.0,-3.0,-5.0,-8.0,-9.76,-11.0,-12.76
1390,23.0,18.22,14.0,10.0,6.22,3.0,0.0,-3.0,-5.0,-8.0,-9.78,-11.0,-12.78
1400,23.0,18.2,14.0,10.0,6.2,3.0,0.0,-3.0,-5.0,-8.0,-9.8,-11.0,-12.8
1410,23.0,18.18,14.0,10.0,6.18,3.0,0.0,-3.0,-5.0,-8.0,-9.82,-11.0,-12.82
1420,23.0,18.16,14.0,10.0,6.16,3.0,0.0,-3.0,-5.0,-8.0,-9.84,-11.0,-12.84
1430,23.0,18.14,14.0,10.0,6.14,3.0,0.0,-3.0,-5.0,-8.0,-9.86,-11.0,-12.86
1440,23.0,18.12,14.0,10.0,6.12,3.0,0.0,-3.0,-5.0,-8.0,-9.88,-11.0,-12.88
1450,23.0,18.1,14.0,10.0,6.1,3.0,0.0,-3.0,-5.0,-8.0,-9.9,-11.0,-12.9
1460,23.0,18.08,14.0,10.0,6.08,3.0,0.0,-3.0,-5.0,-8.0,-9.92,-11.0,-12.92
1470,23.0,18.06,14.0,10.0,6.06,3.0,0.0,-3.0,-5.0,-8.0,-9.94,-11.0,-12.94
1480,23.0,18.04,14.0,10.0,6.04,3.0,0.0,-3.0,-5.0,-8.0,-9.96,-11.0,-12.96
1490,23.0,18.02,14.0,10.0,6.02,3.0,0.0,-3.0,-5.0,-8.0,-9.98,-11.0,-12.98
1500,23.0,18.0,14.0,10.0,6.0,3.0,0.0,-3.0,-5.0,-8.0,-10.0,-11.0,-13.0
1510,22.98,18.0,14.0,10.0,6.0,3.0,0.0,-3.0,-5.0,-8.0,-10.0,-11.02,-13.02
1520,22.96,18.0,14.0,10.0,6.0,3.0,0.0,-3.0,-5.0,-8.0,-10.0,-11.04,-13.04
1530,22.94,18.0,14.0,10.0,6.0,3.0,0.0,-3.0,-5.0,-8.0,-10.0,-11.06,-13.06
1540,22.92,18.0,14.0,10.0,6.0,3.0,0.0,-3.0,-5.0,-8.0,-10.0,-11.08,-13.08
1550,22.9,18.0,14.0,10.0,6.0,3.0,0.0,-3.0,-5.0,-8.0,-10.0,-11.1,-13.1
1560,22.88,18.0,14.0,10.0,6.0,3.0,0.0,-3.0,-5.0,-8.0,-10.0,-11.12,-13.12
1570,22.86,18.0,14.0,10.0,6.0,3.0,0.0,-3.0,-5.0,-8.0,-10.0,-11.14,-13.14
1580,22.84,18.0,14.0,10.0,6.0,3.0,0.0,-3.0,-5.0,-8.0,-10.0,-11.16,-13.16
1590,22.82,18.0,14.0,10.0,6.0,3.0,0.0,-3.0,-5.0,-8.0,-10.0,-11.18,-13.18
1600,22.8,18.0,14.0,10.0,6.0,3.0,0.0,-3.0,-5.0,-8.0,-10.0,-11.2,-13.2
1610,22.78,18.0,14.0,10.0,6.0,3.0,0.0,-3.0,-5.0,-8.0,-10.0,-11.22,-13.22
1620,22.76,18.0,14.0,10.0,6.0,3.0,0.0,-3.0,-5.0,-8.0,-10.0,-11.24,-13.24
1630,22.74,18.0,14.0,10.0,6.0,3.0,0.0,-3.0,-5.0,-8.0,-10.0,-11.26,-13.26
1640,22.72,18.0,14.0,10.0,6.0,3.0,0.0,-3.0,-5.0,-8.0,-10.0,-11.28,-13.28
1650,22.7,18.0,14.0,10.0,6.0,3.0,0.0,-3.0,-5.0,-8.0,-10.0,-11.3,-13.3
1660,22.68,18.0,14.0,10.0,6.0,3.0,0.0,-3.0,-5.0,-8.0,-10.0,-11.32,-13.32
1670,22.66,18.0,14.0,10.0,6.0,3.0,0.0,-3.0,-5.0,-8.0,-10.0,-11.34,-13.34
1680,22.64,18.0,14.0,10.0,6.0,3.0,0.0,-3.0,-5.0,-8.0,-10.0,-11.36,-13.36
1690,22.62,18.0,14.0,10.0,6.0,3.0,0.0,-3.0,-5.0,-8.0,-10.0,-11.38,-13.38
1700,22.6,18.0,14.0,10.0,6.0,3.0,0.0,-3.0,-5.0,-8.0,-10.0,-11.4,-13.4
1710,22.58,18.0,14.0,10.0,6.0,3.0,0.0,-3.0,-5.0,-8.0,-10.0,-11.42,-13.42
1720,22.56,18.0,14.0,10.0,6.0,3.0,0.0,-3.0,-5.0,-8.0,-10.0,-11.44,-13.44
1730,22.54,18.0,14.0,10.0,6.0,3.0,0.0,-3.0,-5.0,-8.0,-10.0,-11.46,-13.46
1740,22.52,18.0,14.0,10.0,6.0,3.0,0.0,-3.0,-5.0,-8.0,-10.0,-11.48,-13.48
1750,22.5,18.0,14.0,10.0,6.0,3.0,0.0,-3.0,-5.0,-8.0,-10.0,-11.5,-13.5
1760,22.48,18.0,14.0,10.0,6.0,3.0,0.0,-3.0,-5.0,-8.0,-10.0,-11.52,-13.52
1770,22.46,18.0,14.0,10.0,6.0,3.0,0.0,-3.0,-5.0,-8.0,-10.0,-11.54,-13.54
1780,22.44,18.0,14.0,10.0,6.0,3.0,0.0,-3.0,-5.0,-8.0,-10.0,-11.56,-13.56
1790,22.42,18.0,14.0,10.0,6.0,3.0,0.0,-3.0,-5.0,-8.0,-10.0,-11.58,-13.58
1800,22.4,18.0,14.0,10.0,6.0,3.0,0.0,-3.0,-5.0,-8.0,-10.0,-11.6,-13.6
1810,22.38,18.0,14.0,10.0,6.0,3.0,0.0,-3.0,-5.0,-8.0,-10.0,-11.62,-13.62
1820,22.36,18.0,14.0,10.0,6.0,3.0,0.0,-3.0,-5.0,-8.0,-10.0,-11.64,-13.64
1830,22.34,18.0,14.0,10.0,6.0,3.0,0.0,-3.0,-5.0,-8.0,-10.0,-11.66,-13.66
1840,22.32,18.0,14.0,10.0,6.0,3.0,0.0,-3.0,-5.0,-8.0,-10.0,-11.68,-13.68
1850,22.3,18.0,14.0,10.0,6.0,3.0,0.0,-3.0,-5.0,-8.0,-10.0,-11.7,-13.7
1860,22.28,18.0,14.0,10.0,6.0,3.0,0.0,-3.0,-5.0,-8.0,-10.0,-11.72,-13.72
1870,22.26,18.0,14.0,10.0,6.0,3.0,0.0,-3.0,-5.0,-8.0,-10.0,-11.74,-13.74
1880,22.24,18.0,14.0,10.0,6.0,3.0,0.0,-3.0,-5.0,-8.0,-10.0,-11.76,-13.76
1890,22.22,18.0,14.0,10.0,6.0,3.0,0.0,-3.0,-5.0,-8.0,-10.0,-11.78,-13.78
1900,22.2,18.0,14.0,10.0,6.0,3.0,0.0,-3.0,-5.0,-8.0,-10.0,-11.8,-13.8
1910,22.18,18.0,14.0,10.0,6.0,3.0,0.0,-3.0,-5.0,-8.0,-10.0,-11.82,-13.82
1920,22.16,18.0,14.0,10.0,6.0,3.0,0.0,-3.0,-5.0,-8.0,-10.0,-11.84,-13.84
1930,22.14,18.0,14.0,10.0,6.0,3.0,0.0,-3.0,-5.0,-8.0,-10.0,-11.86,-13.86
1940,22.12,18.0,14.0,10.0,6.0,3.0,0.0,-3.0,-5.0,-8.0,-10.0,-11.88,-13.88
1950,22.1,18.0,14.0,10.0,6.0,3.0,0.0,-3.0,-5.0,-8.0,-10.0,-11.9,-13.9
1960,22.08,18.0,14.0,10.0,6.0,3.0,0.0,-3.0,-5.0,-8.0,-10.0,-11.92,-13.92
1970,22.06,18.0,14.0,10.0,6.0,3.0,0.0,-3.0,-5.0,-8.0,-10.0,-11.94,-13.94
1980,22.04,18.0,14.0,10.0,6.0,3.0,0.0,-3.0,-5.0,-8.0,-10.0,-11.96,-13.96
1990,22.02,18.0,14.0,10.0,6.0,3.0,0.0,-3.0,-5.0,-8.0,-10.0,-11.98,-13.98
2000,22.0,18.0,14.0,10.0,6.0,3.0,0.0,-3.0,-5.0,-8.0,-10.0,-12.0,-14.0
2010,21.98,17.98,13.98,10.0,6.0,3.0,0.0,-3.0,-5.02,-8.0,-10.0,-12.0,-14.0
2020,21.96,17.96,13.96,10.0,6.0,3.0,0.0,-3.0,-5.04,-8.0,-10.0,-12.0,-14.0
2030,21.94,17.94,13.94,10.0,6.0,3.0,0.0,-3.0,-5.06,-8.0,-10.0,-12.0,-14.0
2040,21.92,17.92,13.92,10.0,6.0,3.0,0.0,-3.0,-5.08,-8.0,-10.0,-12.0,-14.0
2050,21.9,17.9,13.9,10.0,6.0,3.0,0.0,-3.0,-5.1,-8.0,-10.0,-12.0,-14.0
2060,21.88,17.88,13.88,10.0,6.0,3.0,0.0,-3.0,-5.12,-8.0,-10.0,-12.0,-14.0
2070,21.86,17.86,13.86,10.0,6.0,3.0,0.0,-3.0,-5.14,-8.0,-10.0,-12.0,-14.0
2080,21.84,17.84,13.84,10.0,6.0,3.0,0.0,-3.0,-5.16,-8.0,-10.0,-12.0,-14.0
2090,21.82,17.82,13.82,10.0,6.0,3.0,0.0,-3.0,-5.18,-8.0,-10.0,-12.0,-14.0
2100,21.8,17.8,13.8,10.0,6.0,3.0,0.0,-3.0,-5.2,-8.0,-10.0,-12.0,-14.0
2110,21.78,17.78,13.78,10.0,6.0,3.0,0.0,-3.0,-5.22,-8.0,-10.0,-12.0,-14.0
2120,21.76,17.76,13.76,10.0,6.0,3.0,0.0,-3.0,-5.24,-8.0,-10.0,-12.0,-14.0
2130,21.74,17.74,13.74,10.0,6.0,3.0,0.0,-3.0,-5.26,-8.0,-10.0,-12.0,-14.0
2140,21.72,17.72,13.72,10.0,6.0,3.0,0.0,-3.0,-5.28,-8.0,-10.0,-12.0,-14.0
2150,21.7,17.7,13.7,10.0,6.0,3.0,0.0,-3.0,-5.3,-8.0,-10.0,-12.0,-14.0
2160,21.68,17.68,13.68,10.0,6.0,3.0,0.0,-3.0,-5.32,-8.0,-10.0,-12.0,-14.0
2170,21.66,17.66,13.66,10.0,6.0,3.0,0.0,-3.0,-5.34,-8.0,-10.0,-12.0,-14.0
2180,21.64,17.64,13.64,10.0,6.0,3.0,0.0,-3.0,-5.36,-8.0,-10.0,-12.0,-14.0
2190,21.62,17.62,13.62,10.0,6.0,3.0,0.0,-3.0,-5.38,-8.0,-10.0,-12.0,-14.0
2200,21.6,17.6,13.6,10.0,6.0,3.0,0.0,-3.0,-5.4,-8.0,-10.0,-12.0,-14.0
2210,21.58,17.58,13.58,10.0,6.0,3.0,0.0,-3.0,-5.42,-8.0,-10.0,-12.0,-14.0
2220,21.56,17.56,13.56,10.0,6.0,3.0,0.0,-3.0,-5.44,-8.0,-10.0,-12.0,-14.0
2230,21.54,17.54,13.54,10.0,6.0,3.0,0.0,-3.0,-5.46,-8.0,-10.0,-12.0,-14.0
2240,21.52,17.52,13.52,10.0,6.0,3.0,0.0,-3.0,-5.48,-8.0,-10.0,-12.0,-14.0
2250,21.5,17.5,13.5,10.0,6.0,3.0,0.0,-3.0,-5.5,-8.0,-10.0,-12.0,-14.0
2260,21.48,17.48,13.48,10.0,6.0,3.0,0.0,-3.0,-5.52,-8.0,-10.0,-12.0,-14.0
2270,21.46,17.46,13.46,10.0,6.0,3.0,0.0,-3.0,-5.54,-8.0,-10.0,-12.0,-14.0
2280,21.44,17.44,13.44,10.0,6.0,3.0,0.0,-3.0,-5.5600000000000005,-8.0,-10.0,-12.0,-14.0
2290,21.42,17.42,13.42,10.0,6.0,3.0,0.0,-3.0,-5.58,-8.0,-10.0,-12.0,-14.0
2300,21.4,17.4,13.4,10.0,6.0,3.0,0.0,-3.0,-5.6,-8.0,-10.0,-12.0,-14.0
2310,21.38,17.38,13.38,10.0,6.0,3.0,0.0,-3.0,-5.62,-8.0,-10.0,-12.0,-14.0
2320,21.36,17.36,13.36,10.0,6.0,3.0,0.0,-3.0,-5.64,-8.0,-10.0,-12.0,-14.0
2330,21.34,17.34,13.34,10.0,6.0,3.0,0.0,-3.0,-5.66,-8.0,-10.0,-12.0,-14.0
2340,21.32,17.32,13.32,10.0,6.0,3.0,0.0,-3.0,-5.68,-8.0,-10.0,-12.0,-14.0
2350,21.3,17.3,13.3,10.0,6.0,3.0,0.0,-3.0,-5.7,-8.0,-10.0,-12.0,-14.0
2360,21.28,17.28,13.28,10.0,6.0,3.0,0.0,-3.0,-5.72,-8.0,-10.0,-12.0,-14.0
2370,21.26,17.26,13.26,10.0,6.0,3.0,0.0,-3.0,-5.74,-8.0,-10.0,-12.0,-14.0
2380,21.24,17.24,13.24,10.0,6.0,3.0,0.0,-3.0,-5.76,-8.0,-10.0,-12.0,-14.0
2390,21.22,17.22,13.22,10.0,6.0,3.0,0.0,-3.0,-5.78,-8.0,-10.0,-12.0,-14.0
2400,21.2,17.2,13.2,10.0,6.0,3.0,0.0,-3.0,-5.8,-8.0,-10.0,-12.0,-14.0
2410,21.18,17.18,13.18,10.0,6.0,3.0,0.0,-3.0,-5.82,-8.0,-10.0,-12.0,-14.0
2420,21.16,17.16,13.16,10.0,6.0,3.0,0.0,-3.0,-5.84,-8.0,-10.0,-12.0,-14.0
2430,21.14,17.14,13.14,10.0,6.0,3.0,0.0,-3.0,-5.86,-8.0,-10.0,-12.0,-14.0
2440,21.12,17.12,13.12,10.0,6.0,3.0,0.0,-3.0,-5.88,-8.0,-10.0,-12.0,-14.0
2450,21.1,17.1,13.1,10.0,6.0,3.0,0.0,-3.0,-5.9,-8.0,-10.0,-12.0,-14.0
2460,21.08,17.08,13.08,10.0,6.0,3.0,0.0,-3.0,-5.92,-8.0,-10.0,-12.0,-14.0
2470,21.06,17.06,13.06,10.0,6.0,3.0,0.0,-3.0,-5.94,-8.0,-10.0,-12.0,-14.0
2480,21.04,17.04,13.04,10.0,6.0,3.0,0.0,-3.0,-5.96,-8.0,-10.0,-12.0,-14.0
2490,21.02,17.02,13.02,10.0,6.0,3.0,0.0,-3.0,-5.98,-8.0,-10.0,-12.0,-14.0
2500,21.0,17.0,13.0,10.0,6.0,3.0,0.0,-3.0,-6.0,-8.0,-10.0,-12.0,-14.0
2510,21.0,17.0,13.0,10.0,6.0,3.0,0.0,-3.0,-6.0,-8.0,-10.02,-12.02,-14.02
2520,21.0,17.0,13.0,10.0,6.0,3.0,0.0,-3.0,-6.0,-8.0,-10.04,-12.04,-14.04
2530,21.0,17.0,13.0,10.0,6.0,3.0,0.0,-3.0,-6.0,-8.0,-10.06,-12.06,-14.06
2540,21.0,17.0,13.0,10.0,6.0,3.0,0.0,-3.0,-6.0,-8.0,-10.08,-12.08,-14.08
2550,21.0,17.0,13.0,10.0,6.0,3.0,0.0,-3.0,-6.0,-8.0,-10.1,-12.1,-14.1
2560,21.0,17.0,13.0,10.0,6.0,3.0,0.0,-3.0,-6.0,-8.0,-10.12,-12.12,-14.12
2570,21.0,17.0,13.0,10.0,6.0,3.0,0.0,-3.0,-6.0,-8.0,-10.14,-12.14,-14.14
2580,21.0,17.0,13.0,10.0,6.0,3.0,0.0,-3.0,-6.0,-8.0,-10.16,-12.16,-14.16
2590,21.0,17.0,13.0,10.0,6.0,3.0,0.0,-3.0,-6.0,-8.0,-10.18,-12.18,-14.18
2600,21.0,17.0,13.0,10.0,6.0,3.0,0.0,-3.0,-6.0,-8.0,-10.2,-12.2,-14.2
2610,21.0,17.0,13.0,10.0,6.0,3.0,0.0,-3.0,-6.0,-8.0,-10.22,-12.22,-14.22
2620,21.0,17.0,13.0,10.0,6.0,3.0,0.0,-3.0,-6.0,-8.0,-10.24,-12.24,-14.24
2630,21.0,17.0,13.0,10.0,6.0,3.0,0.0,-3.0,-6.0,-8.0,-10.26,-12.26,-14.26
2640,21.0,17.0,13.0,10.0,6.0,3.0,0.0,-3.0,-6.0,-8.0,-10.28,-12.28,-14.28
2650,21.0,17.0,13.0,10.0,6.0,3.0,0.0,-3.0,-6.0,-8.0,-10.3,-12.3,-14.3
2660,21.0,17.0,13.0,10.0,6.0,3.0,0.0,-3.0,-6.0,-8.0,-10.32,-12.32,-14.32
2670,21.0,17.0,13.0,10.0,6.0,3.0,0.0,-3.0,-6.0,-8.0,-10.34,-12.34,-14.34
2680,21.0,17.0,13.0,10.0,6.0,3.0,0.0,-3.0,-6.0,-8.0,-10.36,-12.36,-14.36
2690,21.0,17.0,13.0,10.0,6.0,3.0,0.0,-3.0,-6.0,-8.0,-10.38,-12.38,-14.38
2700,21.0,17.0,13.0,10.0,6.0,3.0,0.0,-3.0,-6.0,-8.0,-10.4,-12.4,-14.4
2710,21.0,17.0,13.0,10.0,6.0,3.0,0.0,-3.0,-6.0,-8.0,-10.42,-12.42,-14.42
2720,21.0,17.0,13.0,10.0,6.0,3.0,0.0,-3.0,-6.0,-8.0,-10.44,-12.44,-14.44
2730,21.0,17.0,13.0,10.0,6.0,3.0,0.0,-3.0,-6.0,-8.0,-10.46,-12.46,-14.46
2740,21.0,17.0,13.0,10.0,6.0,3.0,0.0,-3.0,-6.0,-8.0,-10.48,-12.48,-14.48
2750,21.0,17.0,13.0,10.0,6.0,3.0,0.0,-3.0,-6.0,-8.0,-10.5,-12.5,-14.5
2760,21.0,17.0,13.0,10.0,6.0,3.0,0.0,-3.0,-6.0,-8.0,-10.52,-12.52,-14.52
2770,21.0,17.0,13.0,10.0,6.0,3.0,0.0,-3.0,-6.0,-8.0,-10.54,-12.54,-14.54
2780,21.0,17.0,13.0,10.0,6.0,3.0,0.0,-3.0,-6.0,-8.0,-10.56,-12.56,-14.56
2790,21.0,17.0,13.0,10.0,6.0,3.0,0.0,-3.0,-6.0,-8.0,-10.58,-12.58,-14.58
2800,21.0,17.0,13.0,10.0,6.0,3.0,0.0,-3.0,-6.0,-8.0,-10.6,-12.6,-14.6
2810,21.0,17.0,13.0,10.0,6.0,3.0,0.0,-3.0,-6.0,-8.0,-10.62,-12.62,-14.62
2820,21.0,17.0,13.0,10.0,6.0,3.0,0.0,-3.0,-6.0,-8.0,-10.64,-12.64,-14.64
2830,21.0,17.0,13.0,10.0,6.0,3.0,0.0,-3.0,-6.0,-8.0,-10.66,-12.66,-14.66
2840,21.0,17.0,13.0,10.0,6.0,3.0,0.0,-3.0,-6.0,-8.0,-10.68,-12.68,-14.68
2850,21.0,17.0,13.0,10.0,6.0,3.0,0.0,-3.0,-6.0,-8.0,-10.7,-12.7,-14.7
2860,21.0,17.0,13.0,10.0,6.0,3.0,0.0,-3.0,-6.0,-8.0,-10.72,-12.72,-14.72
2870,21.0,17.0,13.0,10.0,6.0,3.0,0.0,-3.0,-6.0,-8.0,-10.74,-12.74,-14.74
2880,21.0,17.0,13.0,10.0,6.0,3.0,0.0,-3.0,-6.0,-8.0,-10.76,-12.76,-14.76
2890,21.0,17.0,13.0,10.0,6.0,3.0,0.0,-3.0,-6.0,-8.0,-10.78,-12.78,-14.78
2900,21.0,17.0,13.0,10.0,6.0,3.0,0.0,-3.0,-6.0,-8.0,-10.8,-12.8,-14.8
2910,21.0,17.0,13.0,10.0,6.0,3.0,0.0,-3.0,-6.0,-8.0,-10.82,-12.82,-14.82
2920,21.0,17.0,13.0,10.0,6.0,3.0,0.0,-3.0,-6.0,-8.0,-10.84,-12.84,-14.84
2930,21.0,17.0,13.0,10.0,6.0,3.0,0.0,-3.0,-6.0,-8.0,-10.86,-12.86,-14.86
2940,21.0,17.0,13.0,10.0,6.0,3.0,0.0,-3.0,-6.0,-8.0,-10.88,-12.88,-14.88
2950,21.0,17.0,13.0,10.0,6.0,3.0,0.0,-3.0,-6.0,-8.0,-10.9,-12.9,-14.9
2960,21.0,17.0,13.0,10.0,6.0,3.0,0.0,-3.0,-6.0,-8.0,-10.92,-12.92,-14.92
2970,21.0,17.0,13.0,10.0,6.0,3.0,0.0,-3.0,-6.0,-8.0,-10.94,-12.94,-14.94
2980,21.0,17.0,13.0,10.0,6.0,3.0,0.0,-3.0,-6.0,-8.0,-10.96,-12.96,-14.96
2990,21.0,17.0,13.0,10.0,6.0,3.0,0.0,-3.0,-6.0,-8.0,-10.98,-12.98,-14.98
3000,21.0,17.0,13.0,10.0,6.0,3.0,0.0,-3.0,-6.0,-8.0,-11.0,-13.0,-15.0
3010,20.98,16.98,13.0,9.98,6.0,3.0,0.0,-3.0,-6.0,-8.0,-11.0,-13.0,-15.02
3020,20.96,16.96,13.0,9.96,6.0,3.0,0.0,-3.0,-6.0,-8.0,-11.0,-13.0,-15.04
3030,20.94,16.94,13.0,9.94,6.0,3.0,0.0,-3.0,-6.0,-8.0,-11.0,-13.0,-15.06
3040,20.92,16.92,13.0,9.92,6.0,3.0,0.0,-3.0,-6.0,-8.0,-11.0,-13.0,-15.08
3050,20.9,16.9,13.0,9.9,6.0,3.0,0.0,-3.0,-6.0,-8.0,-11.0,-13.0,-15.1
3060,20.88,16.88,13.0,9.88,6.0,3.0,0.0,-3.0,-6.0,-8.0,-11.0,-13.0,-15.12
3070,20.86,16.86,13.0,9.86,6.0,3.0,0.0,-3.0,-6.0,-8.0,-11.0,-13.0,-15.14
3080,20.84,16.84,13.0,9.84,6.0,3.0,0.0,-3.0,-6.0,-8.0,-11.0,-13.0,-15.16
3090,20.82,16.82,13.0,9.82,6.0,3.0,0.0,-3.0,-6.0,-8.0,-11.0,-13.0,-15.18
3100,20.8,16.8,13.0,9.8,6.0,3.0,0.0,-3.0,-6.0,-8.0,-11.0,-13.0,-15.2
3110,20.78,16.78,13.0,9.78,6.0,3.0,0.0,-3.0,-6.0,-8.0,-11.0,-13.0,-15.22
3120,20.76,16.76,13.0,9.76,6.0,3.0,0.0,-3.0,-6.0,-8.0,-11.0,-13.0,-15.24
3130,20.74,16.74,13.0,9.74,6.0,3.0,0.0,-3.0,-6.0,-8.0,-11.0,-13.0,-15.26
3140,20.72,16.72,13.0,9.72,6.0,3.0,0.0,-3.0,-6.0,-8.0,-11.0,-13.0,-15.28
3150,20.7,16.7,13.0,9.7,6.0,3.0,0.0,-3.0,-6.0,-8.0,-11.0,-13.0,-15.3
3160,20.68,16.68,13.0,9.68,6.0,3.0,0.0,-3.0,-6.0,-8.0,-11.0,-13.0,-15.32
3170,20.66,16.66,13.0,9.66,6.0,3.0,0.0,-3.0,-6.0,-8.0,-11.0,-13.0,-15.34
3180,20.64,16.64,13.0,9.64,6.0,3.0,0.0,-3.0,-6.0,-8.0,-11.0,-13.0,-15.36
3190,20.62,16.62,13.0,9.62,6.0,3.0,0.0,-3.0,-6.0,-8.0,-11.0,-13.0,-15.38
3200,20.6,16.6,13.0,9.6,6.0,3.0,0.0,-3.0,-6.0,-8.0,-11.0,-13.0,-15.4
3210,20.58,16.58,13.0,9.58,6.0,3.0,0.0,-3.0,-6.0,-8.0,-11.0,-13.0,-15.42
3220,20.56,16.56,13.0,9.56,6.0,3.0,0.0,-3.0,-6.0,-8.0,-11.0,-13.0,-15.44
3230,20.54,16.54,13.0,9.54,6.0,3.0,0.0,-3.0,-6.0,-8.0,-11.0,-13.0,-15.46
3240,20.52,16.52,13.0,9.52,6.0,3.0,0.0,-3.0,-6.0,-8.0,-11.0,-13.0,-15.48
3250,20.5,16.5,13.0,9.5,6.0,3.0,0.0,-3.0,-6.0,-8.0,-11.0,-13.0,-15.5
3260,20.48,16.48,13.0,9.48,6.0,3.0,0.0,-3.0,-6.0,-8.0,-11.0,-13.0,-15.52
3270,20.46,16.46,13.0,9.46,6.0,3.0,0.0,-3.0,-6.0,-8.0,-11.0,-13.0,-15.54
3280,20.44,16.44,13.0,9.44,6.0,3.0,0.0,-3.0,-6.0,-8.0,-11.0,-13.0,-15.56
3290,20.42,16.42,13.0,9.42,6.0,3.0,0.0,-3.0,-6.0,-8.0,-11.0,-13.0,-15.58
3300,20.4,16.4,13.0,9.4,6.0,3.0,0.0,-3.0,-6.0,-8.0,-11.0,-13.0,-15.6
3310,20.38,16.38,13.0,9.38,6.0,3.0,0.0,-3.0,-6.0,-8.0,-11.0,-13.0,-15.62
3320,20.36,16.36,13.0,9.36,6.0,3.0,0.0,-3.0,-6.0,-8.0,-11.0,-13.0,-15.64
3330,20.34,16.34,13.0,9.34,6.0,3.0,0.0,-3.0,-6.0,-8.0,-11.0,-13.0,-15.66
3340,20.32,16.32,13.0,9.32,6.0,3.0,0.0,-3.0,-6.0,-8.0,-11.0,-13.0,-15.68
3350,20.3,16.3,13.0,9.3,6.0,3.0,0.0,-3.0,-6.0,-8.0,-11.0,-13.0,-15.7
3360,20.28,16.28,13.0,9.28,6.0,3.0,0.0,-3.0,-6.0,-8.0,-11.0,-13.0,-15.72
3370,20.26,16.26,13.0,9.26,6.0,3.0,0.0,-3.0,-6.0,-8.0,-11.0,-13.0,-15.74
3380,20.24,16.24,13.0,9.24,6.0,3.0,0.0,-3.0,-6.0,-8.0,-11.0,-13.0,-15.76
3390,20.22,16.22,13.0,9.22,6.0,3.0,0.0,-3.0,-6.0,-8.0,-11.0,-13.0,-15.78
3400,20.2,16.2,13.0,9.2,6.0,3.0,0.0,-3.0,-6.0,-8.0,-11.0,-13.0,-15.8
3410,20.18,16.18,13.0,9.18,6.0,3.0,0.0,-3.0,-6.0,-8.0,-11.0,-13.0,-15.82
3420,20.16,16.16,13.0,9.16,6.0,3.0,0.0,-3.0,-6.0,-8.0,-11.0,-13.0,-15.84
3430,20.14,16.14,13.0,9.14,6.0,3.0,0.0,-3.0,-6.0,-8.0,-11.0,-13.0,-15.86
3440,20.12,16.12,13.0,9.12,6.0,3.0,0.0,-3.0,-6.0,-8.0,-11.0,-13.0,-15.88
3450,20.1,16.1,13.0,9.1,6.0,3.0,0.0,-3.0,-6.0,-8.0,-11.0,-13.0,-15.9
3460,20.08,16.08,13.0,9.08,6.0,3.0,0.0,-3.0,-6.0,-8.0,-11.0,-13.0,-15.92
3470,20.06,16.06,13.0,9.06,6.0,3.0,0.0,-3.0,-6.0,-8.0,-11.0,-13.0,-15.94
3480,20.04,16.04,13.0,9.04,6.0,3.0,0.0,-3.0,-6.0,-8.0,-11.0,-13.0,-15.96
3490,20.02,16.02,13.0,9.02,6.0,3.0,0.0,-3.0,-6.0,-8.0,-11.0,-13.0,-15.98
3500,20.0,16.0,13.0,9.0,6.0,3.0,0.0,-3.0,-6.0,-8.0,-11.0,-13.0,-16.0
3510,19.98,16.0,12.98,9.0,6.0,3.0,0.0,-3.0,-6.0,-8.02,-11.0,-13.02,-16.0
3520,19.96,16.0,12.96,9.0,6.0,3.0,0.0,-3.0,-6.0,-8.04,-11.0,-13.04,-16.0
3530,19.94,16.0,12.94,9.0,6.0,3.0,0.0,-3.0,-6.0,-8.06,-11.0,-13.06,-16.0
3540,19.92,16.0,12.92,9.0,6.0,3.0,0.0,-3.0,-6.0,-8.08,-11.0,-13.08,-16.0
3550,19.9,16.0,12.9,9.0,6.0,3.0,0.0,-3.0,-6.0,-8.1,-11.0,-13.1,-16.0
3560,19.88,16.0,12.88,9.0,6.0,3.0,0.0,-3.0,-6.0,-8.12,-11.0,-13.12,-16.0
3570,19.86,16.0,12.86,9.0,6.0,3.0,0.0,-3.0,-6.0,-8.14,-11.0,-13.14,-16.0
3580,19.84,16.0,12.84,9.0,6.0,3.0,0.0,-3.0,-6.0,-8.16,-11.0,-13.16,-16.0
3590,19.82,16.0,12.82,9.0,6.0,3.0,0.0,-3.0,-6.0,-8.18,-11.0,-13.18,-16.0
3600,19.8,16.0,12.8,9.0,6.0,3.0,0.0,-3.0,-6.0,-8.2,-11.0,-13.2,-16.0
3610,19.78,16.0,12.78,9.0,6.0,3.0,0.0,-3.0,-6.0,-8.22,-11.0,-13.22,-16.0
3620,19.76,16.0,12.76,9.0,6.0,3.0,0.0,-3.0,-6.0,-8.24,-11.0,-13.24,-16.0
3630,19.74,16.0,12.74,9.0,6.0,3.0,0.0,-3.0,-6.0,-8.26,-11.0,-13.26,-16.0
3640,19.72,16.0,12.72,9.0,6.0,3.0,0.0,-3.0,-6.0,-8.28,-11.0,-13.28,-16.0
3650,19.7,16.0,12.7,9.0,6.0,3.0,0.0,-3.0,-6.0,-8.3,-11.0,-13.3,-16.0
3660,19.68,16.0,12.68,9.0,6.0,3.0,0.0,-3.0,-6.0,-8.32,-11.0,-13.32,-16.0
3670,19.66,16.0,12.66,9.0,6.0,3.0,0.0,-3.0,-6.0,-8.34,-11.0,-13.34,-16.0
3680,19.64,16.0,12.64,9.0,6.0,3.0,0.0,-3.0,-6.0,-8.36,-11.0,-13.36,-16.0
3690,19.62,16.0,12.62,9.0,6.0,3.0,0.0,-3.0,-6.0,-8.38,-11.0,-13.38,-16.0
3700,19.6,16.0,12.6,9.0,6.0,3.0,0.0,-3.0,-6.0,-8.4,-11.0,-13.4,-16.0
3710,19.58,16.0,12.58,9.0,6.0,3.0,0.0,-3.0,-6.0,-8.42,-11.0,-13.42,-16.0
3720,19.56,16.0,12.56,9.0,6.0,3.0,0.0,-3.0,-6.0,-8.44,-11.0,-13.44,-16.0
3730,19.54,16.0,12.54,9.0,6.0,3.0,0.0,-3.0,-6.0,-8.46,-11.0,-13.46,-16.0
3740,19.52,16.0,12.52,9.0,6.0,3.0,0.0,-3.0,-6.0,-8.48,-11.0,-13.48,-16.0
3750,19.5,16.0,12.5,9.0,6.0,3.0,0.0,-3.0,-6.0,-8.5,-11.0,-13.5,-16.0
3760,19.48,16.0,12.48,9.0,6.0,3.0,0.0,-3.0,-6.0,-8.52,-11.0,-13.52,-16.0
3770,19.46,16.0,12.46,9.0,6.0,3.0,0.0,-3.0,-6.0,-8.54,-11.0,-13.54,-16.0
3780,19.44,16.0,12.44,9.0,6.0,3.0,0.0,-3.0,-6.0,-8.56,-11.0,-13.56,-16.0
3790,19.42,16.0,12.42,9.0,6.0,3.0,0.0,-3.0,-6.0,-8.58,-11.0,-13.58,-16.0
3800,19.4,16.0,12.4,9.0,6.0,3.0,0.0,-3.0,-6.0,-8.6,-11.0,-13.6,-16.0
3810,19.38,16.0,12.38,9.0,6.0,3.0,0.0,-3.0,-6.0,-8.62,-11.0,-13.62,-16.0
3820,19.36,16.0,12.36,9.0,6.0,3.0,0.0,-3.0,-6.0,-8.64,-11.0,-13.64,-16.0
3830,19.34,16.0,12.34,9.0,6.0,3.0,0.0,-3.0,-6.0,-8.66,-11.0,-13.66,-16.0
3840,19.32,16.0,12.32,9.0,6.0,3.0,0.0,-3.0,-6.0,-8.68,-11.0,-13.68,-16.0
3850,19.3,16.0,12.3,9.0,6.0,3.0,0.0,-3.0,-6.0,-8.7,-11.0,-13.7,-16.0
3860,19.28,16.0,12.28,9.0,6.0,3.0,0.0,-3.0,-6.0,-8.72,-11.0,-13.72,-16.0
3870,19.26,16.0,12.26,9.0,6.0,3.0,0.0,-3.0,-6.0,-8.74,-11.0,-13.74,-16.0
3880,19.24,16.0,12.24,9.0,6.0,3.0,0.0,-3.0,-6.0,-8.76,-11.0,-13.76,-16.0
3890,19.22,16.0,12.22,9.0,6.0,3.0,0.0,-3.0,-6.0,-8.78,-11.0,-13.78,-16.0
3900,19.2,16.0,12.2,9.0,6.0,3.0,0.0,-3.0,-6.0,-8.8,-11.0,-13.8,-16.0
3910,19.18,16.0,12.18,9.0,6.0,3.0,0.0,-3.0,-6.0,-8.82,-11.0,-13.82,-16.0
3920,19.16,16.0,12.16,9.0,6.0,3.0,0.0,-3.0,-6.0,-8.84,-11.0,-13.84,-16.0
3930,19.14,16.0,12.14,9.0,6.0,3.0,0.0,-3.0,-6.0,-8.86,-11.0,-13.86,-16.0
3940,19.12,16.0,12.12,9.0,6.0,3.0,0.0,-3.0,-6.0,-8.88,-11.0,-13.88,-16.0
3950,19.1,16.0,12.1,9.0,6.0,3.0,0.0,-3.0,-6.0,-8.9,-11.0,-13.9,-16.0
3960,19.08,16.0,12.08,9.0,6.0,3.0,0.0,-3.0,-6.0,-8.92,-11.0,-13.92,-16.0
3970,19.06,16.0,12.06,9.0,6.0,3.0,0.0,-3.0,-6.0,-8.94,-11.0,-13.94,-16.0
3980,19.04,16.0,12.04,9.0,6.0,3.0,0.0,-3.0,-6.0,-8.96,-11.0,-13.96,-16.0
3990,19.02,16.0,12.02,9.0,6.0,3.0,0.0,-3.0,-6.0,-8.98,-11.0,-13.98,-16.0
4000,19.0,16.0,12.0,9.0,6.0,3.0,0.0,-3.0,-6.0,-9.0,-11.0,-14.0,-16.0
4010,18.98,15.98,12.0,9.0,6.0,3.0,0.0,-3.0,-6.0,-9.0,-11.02,-14.0,-16.02
4020,18.96,15.96,12.0,9.0,6.0,3.0,0.0,-3.0,-6.0,-9.0,-11.04,-14.0,-16.04
4030,18.94,15.94,12.0,9.0,6.0,3.0,0.0,-3.0,-6.0,-9.0,-11.06,-14.0,-16.06
4040,18.92,15.92,12.0,9.0,6.0,3.0,0.0,-3.0,-6.0,-9.0,-11.08,-14.0,-16.08
4050,18.9,15.9,12.0,9.0,6.0,3.0,0.0,-3.0,-6.0,-9.0,-11.1,-14.0,-16.1
4060,18.88,15.88,12.0,9.0,6.0,3.0,0.0,-3.0,-6.0,-9.0,-11.12,-14.0,-16.12
4070,18.86,15.86,12.0,9.0,6.0,3.0,0.0,-3.0,-6.0,-9.0,-11.14,-14.0,-16.14
4080,18.84,15.84,12.0,9.0,6.0,3.0,0.0,-3.0,-6.0,-9.0,-11.16,-14.0,-16.16
4090,18.82,15.82,12.0,9.0,6.0,3.0,0.0,-3.0,-6.0,-9.0,-11.18,-14.0,-16.18
4100,18.8,15.8,12.0,9.0,6.0,3.0,0.0,-3.0,-6.0,-9.0,-11.2,-14.0,-16.2
4110,18.78,15.78,12.0,9.0,6.0,3.0,0.0,-3.0,-6.0,-9.0,-11.22,-14.0,-16.22
4120,18.76,15.76,12.0,9.0,6.0,3.0,0.0,-3.0,-6.0,-9.0,-11.24,-14.0,-16.24
4130,18.74,15.74,12.0,9.0,6.0,3.0,0.0,-3.0,-6.0,-9.0,-11.26,-14.0,-16.26
4140,18.72,15.72,12.0,9.0,6.0,3.0,0.0,-3.0,-6.0,-9.0,-11.28,-14.0,-16.28
4150,18.7,15.7,12.0,9.0,6.0,3.0,0.0,-3.0,-6.0,-9.0,-11.3,-14.0,-16.3
4160,18.68,15.68,12.0,9.0,6.0,3.0,0.0,-3.0,-6.0,-9.0,-11.32,-14.0,-16.32
4170,18.66,15.66,12.0,9.0,6.0,3.0,0.0,-3.0,-6.0,-9.0,-11.34,-14.0,-16.34
4180,18.64,15.64,12.0,9.0,6.0,3.0,0.0,-3.0,-6.0,-9.0,-11.36,-14.0,-16.36
4190,18.62,15.62,12.0,9.0,6.0,3.0,0.0,-3.0,-6.0,-9.0,-11.38,-14.0,-16.38
4200,18.6,15.6,12.0,9.0,6.0,3.0,0.0,-3.0,-6.0,-9.0,-11.4,-14.0,-16.4
4210,18.58,15.58,12.0,9.0,6.0,3.0,0.0,-3.0,-6.0,-9.0,-11.42,-14.0,-16.42
4220,18.56,15.56,12.0,9.0,6.0,3.0,0.0,-3.0,-6.0,-9.0,-11.44,-14.0,-16.44
4230,18.54,15.54,12.0,9.0,6.0,3.0,0.0,-3.0,-6.0,-9.0,-11.46,-14.0,-16.46
4240,18.52,15.52,12.0,9.0,6.0,3.0,0.0,-3.0,-6.0,-9.0,-11.48,-14.0,-16.48
4250,18.5,15.5,12.0,9.0,6.0,3.0,0.0,-3.0,-6.0,-9.0,-11.5,-14.0,-16.5
4260,18.48,15.48,12.0,9.0,6.0,3.0,0.0,-3.0,-6.0,-9.0,-11.52,-14.0,-16.52
4270,18.46,15.46,12.0,9.0,6.0,3.0,0.0,-3.0,-6.0,-9.0,-11.54,-14.0,-16.54
4280,18.44,15.44,12.0,9.0,6.0,3.0,0.0,-3.0,-6.0,-9.0,-11.56,-14.0,-16.56
4290,18.42,15.42,12.0,9.0,6.0,3.0,0.0,-3.0,-6.0,-9.0,-11.58,-14.0,-16.58
4300,18.4,15.4,12.0,9.0,6.0,3.0,0.0,-3.0,-6.0,-9.0,-11.6,-14.0,-16.6
4310,18.38,15.38,12.0,9.0,6.0,3.0,0.0,-3.0,-6.0,-9.0,-11.62,-14.0,-16.62
4320,18.36,15.36,12.0,9.0,6.0,3.0,0.0,-3.0,-6.0,-9.0,-11.64,-14.0,-16.64
4330,18.34,15.34,12.0,9.0,6.0,3.0,0.0,-3.0,-6.0,-9.0,-11.66,-14.0,-16.66
4340,18.32,15.32,12.0,9.0,6.0,3.0,0.0,-3.0,-6.0,-9.0,-11.68,-14.0,-16.68
4350,18.3,15.3,12.0,9.0,6.0,3.0,0.0,-3.0,-6.0,-9.0,-11.7,-14.0,-16.7
4360,18.28,15.28,12.0,9.0,6.0,3.0,0.0,-3.0,-6.0,-9.0,-11.72,-14.0,-16.72
4370,18.26,15.26,12.0,9.0,6.0,3.0,0.0,-3.0,-6.0,-9.0,-11.74,-14.0,-16.74
4380,18.24,15.24,12.0,9.0,6.0,3.0,0.0,-3.0,-6.0,-9.0,-11.76,-14.0,-16.76
4390,18.22,15.22,12.0,9.0,6.0,3.0,0.0,-3.0,-6.0,-9.0,-11.78,-14.0,-16.78
4400,18.2,15.2,12.0,9.0,6.0,3.0,0.0,-3.0,-6.0,-9.0,-11.8,-14.0,-16.8
4410,18.18,15.18,12.0,9.0,6.0,3.0,0.0,-3.0,-6.0,-9.0,-11.82,-14.0,-16.82
4420,18.16,15.16,12.0,9.0,6.0,3.0,0.0,-3.0,-6.0,-9.0,-11.84,-14.0,-16.84
4430,18.14,15.14,12.0,9.0,6.0,3.0,0.0,-3.0,-6.0,-9.0,-11.86,-14.0,-16.86
4440,18.12,15.12,12.0,9.0,6.0,3.0,0.0,-3.0,-6.0,-9.0,-11.88,-14.0,-16.88
4450,18.1,15.1,12.0,9.0,6.0,3.0,0.0,-3.0,-6.0,-9.0,-11.9,-14.0,-16.9
4460,18.08,15.08,12.0,9.0,6.0,3.0,0.0,-3.0,-6.0,-9.0,-11.92,-14.0,-16.92
4470,18.06,15.06,12.0,9.0,6.0,3.0,0.0,-3.0,-6.0,-9.0,-11.94,-14.0,-16.94
4480,18.04,15.04,12.0,9.0,6.0,3.0,0.0,-3.0,-6.0,-9.0,-11.96,-14.0,-16.96
4490,18.02,15.02,12.0,9.0,6.0,3.0,0.0,-3.0,-6.0,-9.0,-11.98,-14.0,-16.98
4500,18.0,15.0,12.0,9.0,6.0,3.0,0.0,-3.0,-6.0,-9.0,-12.0,-14.0,-17.0
4510,18.0,15.0,12.0,9.0,6.0,3.0,0.0,-3.0,-6.0,-9.0,-12.0,-14.02,-17.02
4520,18.0,15.0,12.0,9.0,6.0,3.0,0.0,-3.0,-6.0,-9.0,-12.0,-14.04,-17.04
4530,18.0,15.0,12.0,9.0,6.0,3.0,0.0,-3.0,-6.0,-9.0,-12.0,-14.06,-17.06
4540,18.0,15.0,12.0,9.0,6.0,3.0,0.0,-3.0,-6.0,-9.0,-12.0,-14.08,-17.08
4550,18.0,15.0,12.0,9.0,6.0,3.0,0.0,-3.0,-6.0,-9.0,-12.0,-14.1,-17.1
4560,18.0,15.0,12.0,9.0,6.0,3.0,0.0,-3.0,-6.0,-9.0,-12.0,-14.12,-17.12
4570,18.0,15.0,12.0,9.0,6.0,3.0,0.0,-3.0,-6.0,-9.0,-12.0,-14.14,-17.14
4580,18.0,15.0,12.0,9.0,6.0,3.0,0.0,-3.0,-6.0,-9.0,-12.0,-14.16,-17.16
4590,18.0,15.0,12.0,9.0,6.0,3.0,0.0,-3.0,-6.0,-9.0,-12.0,-14.18,-17.18
4600,18.0,15.0,12.0,9.0,6.0,3.0,0.0,-3.0,-6.0,-9.0,-12.0,-14.2,-17.2
4610,18.0,15.0,12.0,9.0,6.0,3.0,0.0,-3.0,-6.0,-9.0,-12.0,-14.22,-17.22
4620,18.0,15.0,12.0,9.0,6.0,3.0,0.0,-3.0,-6.0,-9.0,-12.0,-14.24,-17.24
4630,18.0,15.0,12.0,9.0,6.0,3.0,0.0,-3.0,-6.0,-9.0,-12.0,-14.26,-17.26
4640,18.0,15.0,12.0,9.0,6.0,3.0,0.0,-3.0,-6.0,-9.0,-12.0,-14.28,-17.28
4650,18.0,15.0,12.0,9.0,6.0,3.0,0.0,-3.0,-6.0,-9.0,-12.0,-14.3,-17.3
4660,18.0,15.0,12.0,9.0,6.0,3.0,0.0,-3.0,-6.0,-9.0,-12.0,-14.32,-17.32
4670,18.0,15.0,12.0,9.0,6.0,3.0,0.0,-3.0,-6.0,-9.0,-12.0,-14.34,-17.34
4680,18.0,15.0,12.0,9.0,6.0,3.0,0.0,-3.0,-6.0,-9.0,-12.0,-14.36,-17.36
4690,18.0,15.0,12.0,9.0,6.0,3.0,0.0,-3.0,-6.0,-9.0,-12.0,-14.38,-17.38
4700,18.0,15.0,12.0,9.0,6.0,3.0,0.0,-3.0,-6.0,-9.0,-12.0,-14.4,-17.4
4710,18.0,15.0,12.0,9.0,6.0,3.0,0.0,-3.0,-6.0,-9.0,-12.0,-14.42,-17.42
4720,18.0,15.0,12.0,9.0,6.0,3.0,0.0,-3.0,-6.0,-9.0,-12.0,-14.44,-17.44
4730,18.0,15.0,12.0,9.0,6.0,3.0,0.0,-3.0,-6.0,-9.0,-12.0,-14.46,-17.46
4740,18.0,15.0,12.0,9.0,6.0,3.0,0.0,-3.0,-6.0,-9.0,-12.0,-14.48,-17.48
4750,18.0,15.0,12.0,9.0,6.0,3.0,0.0,-3.0,-6.0,-9.0,-12.0,-14.5,-17.5
4760,18.0,15.0,12.0,9.0,6.0,3.0,0.0,-3.0,-6.0,-9.0,-12.0,-14.52,-17.52
4770,18.0,15.0,12.0,9.0,6.0,3.0,0.0,-3.0,-6.0,-9.0,-12.0,-14.54,-17.54
4780,18.0,15.0,12.0,9.0,6.0,3.0,0.0,-3.0,-6.0,-9.0,-12.0,-14.56,-17.56
4790,18.0,15.0,12.0,9.0,6.0,3.0,0.0,-3.0,-6.0,-9.0,-12.0,-14.58,-17.58
4800,18.0,15.0,12.0,9.0,6.0,3.0,0.0,-3.0,-6.0,-9.0,-12.0,-14.6,-17.6
4810,18.0,15.0,12.0,9.0,6.0,3.0,0.0,-3.0,-6.0,-9.0,-12.0,-14.62,-17.62
4820,18.0,15.0,12.0,9.0,6.0,3.0,0.0,-3.0,-6.0,-9.0,-12.0,-14.64,-17.64
4830,18.0,15.0,12.0,9.0,6.0,3.0,0.0,-3.0,-6.0,-9.0,-12.0,-14.66,-17.66
4840,18.0,15.0,12.0,9.0,6.0,3.0,0.0,-3.0,-6.0,-9.0,-12.0,-14.68,-17.68
4850,18.0,15.0,12.0,9.0,6.0,3.0,0.0,-3.0,-6.0,-9.0,-12.0,-14.7,-17.7
4860,18.0,15.0,12.0,9.0,6.0,3.0,0.0,-3.0,-6.0,-9.0,-12.0,-14.72,-17.72
4870,18.0,15.0,12.0,9.0,6.0,3.0,0.0,-3.0,-6.0,-9.0,-12.0,-14.74,-17.74
4880,18.0,15.0,12.0,9.0,6.0,3.0,0.0,-3.0,-6.0,-9.0,-12.0,-14.76,-17.76
4890,18.0,15.0,12.0,9.0,6.0,3.0,0.0,-3.0,-6.0,-9.0,-12.0,-14.78,-17.78
4900,18.0,15.0,12.0,9.0,6.0,3.0,0.0,-3.0,-6.0,-9.0,-12.0,-14.8,-17.8
4910,18.0,15.0,12.0,9.0,6.0,3.0,0.0,-3.0,-6.0,-9.0,-12.0,-14.82,-17.82
4920,18.0,15.0,12.0,9.0,6.0,3.0,0.0,-3.0,-6.0,-9.0,-12.0,-14.84,-17.84
4930,18.0,15.0,12.0,9.0,6.0,3.0,0.0,-3.0,-6.0,-9.0,-12.0,-14.86,-17.86
4940,18.0,15.0,12.0,9.0,6.0,3.0,0.0,-3.0,-6.0,-9.0,-12.0,-14.88,-17.88
4950,18.0,15.0,12.0,9.0,6.0,3.0,0.0,-3.0,-6.0,-9.0,-12.0,-14.9,-17.9
4960,18.0,15.0,12.0,9.0,6.0,3.0,0.0,-3.0,-6.0,-9.0,-12.0,-14.92,-17.92
4970,18.0,15.0,12.0,9.0,6.0,3.0,0.0,-3.0,-6.0,-9.0,-12.0,-14.94,-17.94
4980,18.0,15.0,12.0,9.0,6.0,3.0,0.0,-3.0,-6.0,-9.0,-12.0,-14.96,-17.96
4990,18.0,15.0,12.0,9.0,6.0,3.0,0.0,-3.0,-6.0,-9.0,-12.0,-14.98,-17.98
5000,18.0,15.0,12.0,9.0,6.0,3.0,0.0,-3.0,-6.0,-9.0,-12.0,-15.0,-18.0
5010,17.98,14.98,12.0,9.0,6.0,3.0,0.0,-3.0,-6.0,-9.0,-12.0,-15.0,-18.0
5020,17.96,14.96,12.0,9.0,6.0,3.0,0.0,-3.0,-6.0,-9.0,-12.0,-15.0,-18.0
5030,17.94,14.94,12.0,9.0,6.0,3.0,0.0,-3.0,-6.0,-9.0,-12.0,-15.0,-18.0
5040,17.92,14.92,12.0,9.0,6.0,3.0,0.0,-3.0,-6.0,-9.0,-12.0,-15.0,-18.0
5050,17.9,14.9,12.0,9.0,6.0,3.0,0.0,-3.0,-6.0,-9.0,-12.0,-15.0,-18.0
5060,17.88,14.88,12.0,9.0,6.0,3.0,0.0,-3.0,-6.0,-9.0,-12.0,-15.0,-18.0
5070,17.86,14.86,12.0,9.0,6.0,3.0,0.0,-3.0,-6.0,-9.0,-12.0,-15.0,-18.0
5080,17.84,14.84,12.0,9.0,6.0,3.0,0.0,-3.0,-6.0,-9.0,-12.0,-15.0,-18.0
5090,17.82,14.82,12.0,9.0,6.0,3.0,0.0,-3.0,-6.0,-9.0,-12.0,-15.0,-18.0
5100,17.8,14.8,12.0,9.0,6.0,3.0,0.0,-3.0,-6.0,-9.0,-12.0,-15.0,-18.0
5110,17.78,14.78,12.0,9.0,6.0,3.0,0.0,-3.0,-6.0,-9.0,-12.0,-15.0,-18.0
5120,17.76,14.76,12.0,9.0,6.0,3.0,0.0,-3.0,-6.0,-9.0,-12.0,-15.0,-18.0
5130,17.74,14.74,12.0,9.0,6.0,3.0,0.0,-3.0,-6.0,-9.0,-12.0,-15.0,-18.0
5140,17.72,14.72,12.0,9.0,6.0,3.0,0.0,-3.0,-6.0,-9.0,-12.0,-15.0,-18.0
5150,17.7,14.7,12.0,9.0,6.0,3.0,0.0,-3.0,-6.0,-9.0,-12.0,-15.0,-18.0
5160,17.68,14.68,12.0,9.0,6.0,3.0,0.0,-3.0,-6.0,-9.0,-12.0,-15.0,-18.0
5170,17.66,14.66,12.0,9.0,6.0,3.0,0.0,-3.0,-6.0,-9.0,-12.0,-15.0,-18.0
5180,17.64,14.64,12.0,9.0,6.0,3.0,0.0,-3.0,-6.0,-9.0,-12.0,-15.0,-18.0
5190,17.62,14.62,12.0,9.0,6.0,3.0,0.0,-3.0,-6.0,-9.0,-12.0,-15.0,-18.0
5200,17.6,14.6,12.0,9.0,6.0,3.0,0.0,-3.0,-6.0,-9.0,-12.0,-15.0,-18.0
5210,17.58,14.58,12.0,9.0,6.0,3.0,0.0,-3.0,-6.0,-9.0,-12.0,-15.0,-18.0
5220,17.56,14.56,12.0,9.0,6.0,3.0,0.0,-3.0,-6.0,-9.0,-12.0,-15.0,-18.0
5230,17.54,14.54,12.0,9.0,6.0,3.0,0.0,-3.0,-6.0,-9.0,-12.0,-15.0,-18.0
5240,17.52,14.52,12.0,9.0,6.0,3.0,0.0,-3.0,-6.0,-9.0,-12.0,-15.0,-18.0
5250,17.5,14.5,12.0,9.0,6.0,3.0,0.0,-3.0,-6.0,-9.0,-12.0,-15.0,-18.0
5260,17.48,14.48,12.0,9.0,6.0,3.0,0.0,-3.0,-6.0,-9.0,-12.0,-15.0,-18.0
5270,17.46,14.46,12.0,9.0,6.0,3.0,0.0,-3.0,-6.0,-9.0,-12.0,-15.0,-18.0
5280,17.44,14.44,12.0,9.0,6.0,3.0,0.0,-3.0,-6.0,-9.0,-12.0,-15.0,-18.0
5290,17.42,14.42,12.0,9.0,6.0,3.0,0.0,-3.0,-6.0,-9.0,-12.0,-15.0,-18.0
5300,17.4,14.4,12.0,9.0,6.0,3.0,0.0,-3.0,-6.0,-9.0,-12.0,-15.0,-18.0
5310,17.38,14.38,12.0,9.0,6.0,3.0,0.0,-3.0,-6.0,-9.0,-12.0,-15.0,-18.0
5320,17.36,14.36,12.0,9.0,6.0,3.0,0.0,-3.0,-6.0,-9.0,-12.0,-15.0,-18.0
5330,17.34,14.34,12.0,9.0,6.0,3.0,0.0,-3.0,-6.0,-9.0,-12.0,-15.0,-18.0
5340,17.32,14.32,12.0,9.0,6.0,3.0,0.0,-3.0,-6.0,-9.0,-12.0,-15.0,-18.0
5350,17.3,14.3,12.0,9.0,6.0,3.0,0.0,-3.0,-6.0,-9.0,-12.0,-15.0,-18.0
5360,17.28,14.28,12.0,9.0,6.0,3.0,0.0,-3.0,-6.0,-9.0,-12.0,-15.0,-18.0
5370,17.26,14.26,12.0,9.0,6.0,3.0,0.0,-3.0,-6.0,-9.0,-12.0,-15.0,-18.0
5380,17.24,14.24,12.0,9.0,6.0,3.0,0.0,-3.0,-6.0,-9.0,-12.0,-15.0,-18.0
5390,17.22,14.22,12.0,9.0,6.0,3.0,0.0,-3.0,-6.0,-9.0,-12.0,-15.0,-18.0
5400,17.2,14.2,12.0,9.0,6.0,3.0,0.0,-3.0,-6.0,-9.0,-12.0,-15.0,-18.0
5410,17.18,14.18,12.0,9.0,6.0,3.0,0.0,-3.0,-6.0,-9.0,-12.0,-15.0,-18.0
5420,17.16,14.16,12.0,9.0,6.0,3.0,0.0,-3.0,-6.0,-9.0,-12.0,-15.0,-18.0
5430,17.14,14.14,12.0,9.0,6.0,3.0,0.0,-3.0,-6.0,-9.0,-12.0,-15.0,-18.0
5440,17.12,14.12,12.0,9.0,6.0,3.0,0.0,-3.0,-6.0,-9.0,-12.0,-15.0,-18.0
5450,17.1,14.1,12.0,9.0,6.0,3.0,0.0,-3.0,-6.0,-9.0,-12.0,-15.0,-18.0
5460,17.08,14.08,12.0,9.0,6.0,3.0,0.0,-3.0,-6.0,-9.0,-12.0,-15.0,-18.0
5470,17.06,14.06,12.0,9.0,6.0,3.0,0.0,-3.0,-6.0,-9.0,-12.0,-15.0,-18.0
5480,17.04,14.04,12.0,9.0,6.0,3.0,0.0,-3.0,-6.0,-9.0,-12.0,-15.0,-18.0
5490,17.02,14.02,12.0,9.0,6.0,3.0,0.0,-3.0,-6.0,-9.0,-12.0,-15.0,-18.0
5500,17.0,14.0,12.0,9.0,6.0,3.0,0.0,-3.0,-6.0,-9.0,-12.0,-15.0,-18.0
5510,16.98,14.0,11.98,9.0,6.0,3.0,0.0,-3.0,-6.0,-9.0,-12.0,-15.02,-18.02
5520,16.96,14.0,11.96,9.0,6.0,3.0,0.0,-3.0,-6.0,-9.0,-12.0,-15.04,-18.04
5530,16.94,14.0,11.94,9.0,6.0,3.0,0.0,-3.0,-6.0,-9.0,-12.0,-15.06,-18.06
5540,16.92,14.0,11.92,9.0,6.0,3.0,0.0,-3.0,-6.0,-9.0,-12.0,-15.08,-18.08
5550,16.9,14.0,11.9,9.0,6.0,3.0,0.0,-3.0,-6.0,-9.0,-12.0,-15.1,-18.1
5560,16.88,14.0,11.88,9.0,6.0,3.0,0.0,-3.0,-6.0,-9.0,-12.0,-15.12,-18.12
5570,16.86,14.0,11.86,9.0,6.0,3.0,0.0,-3.0,-6.0,-9.0,-12.0,-15.14,-18.14
5580,16.84,14.0,11.84,9.0,6.0,3.0,0.0,-3.0,-6.0,-9.0,-12.0,-15.16,-18.16
5590,16.82,14.0,11.82,9.0,6.0,3.0,0.0,-3.0,-6.0,-9.0,-12.0,-15.18,-18.18
5600,16.8,14.0,11.8,9.0,6.0,3.0,0.0,-3.0,-6.0,-9.0,-12.0,-15.2,-18.2
5610,16.78,14.0,11.78,9.0,6.0,3.0,0.0,-3.0,-6.0,-9.0,-12.0,-15.22,-18.22
5620,16.76,14.0,11.76,9.0,6.0,3.0,0.0,-3.0,-6.0,-9.0,-12.0,-15.24,-18.24
5630,16.74,14.0,11.74,9.0,6.0,3.0,0.0,-3.0,-6.0,-9.0,-12.0,-15.26,-18.26
5640,16.72,14.0,11.72,9.0,6.0,3.0,0.0,-3.0,-6.0,-9.0,-12.0,-15.28,-18.28
5650,16.7,14.0,11.7,9.0,6.0,3.0,0.0,-3.0,-6.0,-9.0,-12.0,-15.3,-18.3
5660,16.68,14.0,11.68,9.0,6.0,3.0,0.0,-3.0,-6.0,-9.0,-12.0,-15.32,-18.32
5670,16.66,14.0,11.66,9.0,6.0,3.0,0.0,-3.0,-6.0,-9.0,-12.0,-15.34,-18.34
5680,16.64,14.0,11.64,9.0,6.0,3.0,0.0,-3.0,-6.0,-9.0,-12.0,-15.36,-18.36
5690,16.62,14.0,11.62,9.0,6.0,3.0,0.0,-3.0,-6.0,-9.0,-12.0,-15.38,-18.38
5700,16.6,14.0,11.6,9.0,6.0,3.0,0.0,-3.0,-6.0,-9.0,-12.0,-15.4,-18.4
5710,16.58,14.0,11.58,9.0,6.0,3.0,0.0,-3.0,-6.0,-9.0,-12.0,-15.42,-18.42
5720,16.56,14.0,11.56,9.0,6.0,3.0,0.0,-3.0,-6.0,-9.0,-12.0,-15.44,-18.44
5730,16.54,14.0,11.54,9.0,6.0,3.0,0.0,-3.0,-6.0,-9.0,-12.0,-15.46,-18.46
5740,16.52,14.0,11.52,9.0,6.0,3.0,0.0,-3.0,-6.0,-9.0,-12.0,-15.48,-18.48
5750,16.5,14.0,11.5,9.0,6.0,3.0,0.0,-3.0,-6.0,-9.0,-12.0,-15.5,-18.5
5760,16.48,14.0,11.48,9.0,6.0,3.0,0.0,-3.0,-6.0,-9.0,-12.0,-15.52,-18.52
5770,16.46,14.0,11.46,9.0,6.0,3.0,0.0,-3.0,-6.0,-9.0,-12.0,-15.54,-18.54
5780,16.44,14.0,11.44,9.0,6.0,3.0,0.0,-3.0,-6.0,-9.0,-12.0,-15.56,-18.56
5790,16.42,14.0,11.42,9.0,6.0,3.0,0.0,-3.0,-6.0,-9.0,-12.0,-15.58,-18.58
5800,16.4,14.0,11.4,9.0,6.0,3.0,0.0,-3.0,-6.0,-9.0,-12.0,-15.6,-18.6
5810,16.38,14.0,11.38,9.0,6.0,3.0,0.0,-3.0,-6.0,-9.0,-12.0,-15.62,-18.62
5820,16.36,14.0,11.36,9.0,6.0,3.0,0.0,-3.0,-6.0,-9.0,-12.0,-15.64,-18.64
5830,16.34,14.0,11.34,9.0,6.0,3.0,0.0,-3.0,-6.0,-9.0,-12.0,-15.66,-18.66
5840,16.32,14.0,11.32,9.0,6.0,3.0,0.0,-3.0,-6.0,-9.0,-12.0,-15.68,-18.68
5850,16.3,14.0,11.3,9.0,6.0,3.0,0.0,-3.0,-6.0,-9.0,-12.0,-15.7,-18.7
5860,16.28,14.0,11.28,9.0,6.0,3.0,0.0,-3.0,-6.0,-9.0,-12.0,-15.72,-18.72
5870,16.26,14.0,11.26,9.0,6.0,3.0,0.0,-3.0,-6.0,-9.0,-12.0,-15.74,-18.74
5880,16.24,14.0,11.24,9.0,6.0,3.0,0.0,-3.0,-6.0,-9.0,-12.0,-15.76,-18.76
5890,16.22,14.0,11.22,9.0,6.0,3.0,0.0,-3.0,-6.0,-9.0,-12.0,-15.78,-18.78
5900,16.2,14.0,11.2,9.0,6.0,3.0,0.0,-3.0,-6.0,-9.0,-12.0,-15.8,-18.8
5910,16.18,14.0,11.18,9.0,6.0,3.0,0.0,-3.0,-6.0,-9.0,-12.0,-15.82,-18.82
5920,16.16,14.0,11.16,9.0,6.0,3.0,0.0,-3.0,-6.0,-9.0,-12.0,-15.84,-18.84
5930,16.14,14.0,11.14,9.0,6.0,3.0,0.0,-3.0,-6.0,-9.0,-12.0,-15.86,-18.86
5940,16.12,14.0,11.12,9.0,6.0,3.0,0.0,-3.0,-6.0,-9.0,-12.0,-15.88,-18.88
5950,16.1,14.0,11.1,9.0,6.0,3.0,0.0,-3.0,-6.0,-9.0,-12.0,-15.9,-18.9
5960,16.08,14.0,11.08,9.0,6.0,3.0,0.0,-3.0,-6.0,-9.0,-12.0,-15.92,-18.92
5970,16.06,14.0,11.06,9.0,6.0,3.0,0.0,-3.0,-6.0,-9.0,-12.0,-15.94,-18.94
5980,16.04,14.0,11.04,9.0,6.0,3.0,0.0,-3.0,-6.0,-9.0,-12.0,-15.96,-18.96
5990,16.02,14.0,11.02,9.0,6.0,3.0,0.0,-3.0,-6.0,-9.0,-12.0,-15.98,-18.98
6000,16.0,14.0,11.0,9.0,6.0,3.0,0.0,-3.0,-6.0,-9.0,-12.0,-16.0,-19.0
6010,16.0,13.98,11.0,8.98,6.0,3.0,0.0,-3.0,-6.0,-9.0,-12.02,-16.0,-19.02
6020,16.0,13.96,11.0,8.96,6.0,3.0,0.0,-3.0,-6.0,-9.0,-12.04,-16.0,-19.04
6030,16.0,13.94,11.0,8.94,6.0,3.0,0.0,-3.0,-6.0,-9.0,-12.06,-16.0,-19.06
6040,16.0,13.92,11.0,8.92,6.0,3.0,0.0,-3.0,-6.0,-9.0,-12.08,-16.0,-19.08
6050,16.0,13.9,11.0,8.9,6.0,3.0,0.0,-3.0,-6.0,-9.0,-12.1,-16.0,-19.1
6060,16.0,13.88,11.0,8.88,6.0,3.0,0.0,-3.0,-6.0,-9.0,-12.12,-16.0,-19.12
6070,16.0,13.86,11.0,8.86,6.0,3.0,0.0,-3.0,-6.0,-9.0,-12.14,-16.0,-19.14
6080,16.0,13.84,11.0,8.84,6.0,3.0,0.0,-3.0,-6.0,-9.0,-12.16,-16.0,-19.16
6090,16.0,13.82,11.0,8.82,6.0,3.0,0.0,-3.0,-6.0,-9.0,-12.18,-16.0,-19.18
6100,16.0,13.8,11.0,8.8,6.0,3.0,0.0,-3.0,-6.0,-9.0,-12.2,-16.0,-19.2
6110,16.0,13.78,11.0,8.78,6.0,3.0,0.0,-3.0,-6.0,-9.0,-12.22,-16.0,-19.22
6120,16.0,13.76,11.0,8.76,6.0,3.0,0.0,-3.0,-6.0,-9.0,-12.24,-16.0,-19.24
6130,16.0,13.74,11.0,8.74,6.0,3.0,0.0,-3.0,-6.0,-9.0,-12.26,-16.0,-19.26
6140,16.0,13.72,11.0,8.72,6.0,3.0,0.0,-3.0,-6.0,-9.0,-12.28,-16.0,-19.28
6150,16.0,13.7,11.0,8.7,6.0,3.0,0.0,-3.0,-6.0,-9.0,-12.3,-16.0,-19.3
6160,16.0,13.68,11.0,8.68,6.0,3.0,0.0,-3.0,-6.0,-9.0,-12.32,-16.0,-19.32
6170,16.0,13.66,11.0,8.66,6.0,3.0,0.0,-3.0,-6.0,-9.0,-12.34,-16.0,-19.34
6180,16.0,13.64,11.0,8.64,6.0,3.0,0.0,-3.0,-6.0,-9.0,-12.36,-16.0,-19.36
6190,16.0,13.62,11.0,8.62,6.0,3.0,0.0,-3.0,-6.0,-9.0,-12.38,-16.0,-19.38
6200,16.0,13.6,11.0,8.6,6.0,3.0,0.0,-3.0,-6.0,-9.0,-12.4,-16.0,-19.4
6210,16.0,13.58,11.0,8.58,6.0,3.0,0.0,-3.0,-6.0,-9.0,-12.42,-16.0,-19.42
6220,16.0,13.56,11.0,8.56,6.0,3.0,0.0,-3.0,-6.0,-9.0,-12.44,-16.0,-19.44
6230,16.0,13.54,11.0,8.54,6.0,3.0,0.0,-3.0,-6.0,-9.0,-12.46,-16.0,-19.46
6240,16.0,13.52,11.0,8.52,6.0,3.0,0.0,-3.0,-6.0,-9.0,-12.48,-16.0,-19.48
6250,16.0,13.5,11.0,8.5,6.0,3.0,0.0,-3.0,-6.0,-9.0,-12.5,-16.0,-19.5
6260,16.0,13.48,11.0,8.48,6.0,3.0,0.0,-3.0,-6.0,-9.0,-12.52,-16.0,-19.52
6270,16.0,13.46,11.0,8.46,6.0,3.0,0.0,-3.0,-6.0,-9.0,-12.54,-16.0,-19.54
6280,16.0,13.44,11.0,8.44,6.0,3.0,0.0,-3.0,-6.0,-9.0,-12.56,-16.0,-19.56
6290,16.0,13.42,11.0,8.42,6.0,3.0,0.0,-3.0,-6.0,-9.0,-12.58,-16.0,-19.58
6300,16.0,13.4,11.0,8.4,6.0,3.0,0.0,-3.0,-6.0,-9.0,-12.6,-16.0,-19.6
6310,16.0,13.38,11.0,8.38,6.0,3.0,0.0,-3.0,-6.0,-9.0,-12.62,-16.0,-19.62
6320,16.0,13.36,11.0,8.36,6.0,3.0,0.0,-3.0,-6.0,-9.0,-12.64,-16.0,-19.64
6330,16.0,13.34,11.0,8.34,6.0,3.0,0.0,-3.0,-6.0,-9.0,-12.66,-16.0,-19.66
6340,16.0,13.32,11.0,8.32,6.0,3.0,0.0,-3.0,-6.0,-9.0,-12.68,-16.0,-19.68
6350,16.0,13.3,11.0,8.3,6.0,3.0,0.0,-3.0,-6.0,-9.0,-12.7,-16.0,-19.7
6360,16.0,13.28,11.0,8.28,6.0,3.0,0.0,-3.0,-6.0,-9.0,-12.72,-16.0,-19.72
6370,16.0,13.26,11.0,8.26,6.0,3.0,0.0,-3.0,-6.0,-9.0,-12.74,-16.0,-19.74
6380,16.0,13.24,11.0,8.24,6.0,3.0,0.0,-3.0,-6.0,-9.0,-12.76,-16.0,-19.76
6390,16.0,13.22,11.0,8.22,6.0,3.0,0.0,-3.0,-6.0,-9.0,-12.78,-16.0,-19.78
6400,16.0,13.2,11.0,8.2,6.0,3.0,0.0,-3.0,-6.0,-9.0,-12.8,-16.0,-19.8
6410,16.0,13.18,11.0,8.18,6.0,3.0,0.0,-3.0,-6.0,-9.0,-12.82,-16.0,-19.82
6420,16.0,13.16,11.0,8.16,6.0,3.0,0.0,-3.0,-6.0,-9.0,-12.84,-16.0,-19.84
6430,16.0,13.14,11.0,8.14,6.0,3.0,0.0,-3.0,-6.0,-9.0,-12.86,-16.0,-19.86
6440,16.0,13.12,11.0,8.12,6.0,3.0,0.0,-3.0,-6.0,-9.0,-12.88,-16.0,-19.88
6450,16.0,13.1,11.0,8.1,6.0,3.0,0.0,-3.0,-6.0,-9.0,-12.9,-16.0,-19.9
6460,16.0,13.08,11.0,8.08,6.0,3.0,0.0,-3.0,-6.0,-9.0,-12.92,-16.0,-19.92
6470,16.0,13.06,11.0,8.06,6.0,3.0,0.0,-3.0,-6.0,-9.0,-12.94,-16.0,-19.94
6480,16.0,13.04,11.0,8.04,6.0,3.0,0.0,-3.0,-6.0,-9.0,-12.96,-16.0,-19.96
6490,16.0,13.02,11.0,8.02,6.0,3.0,0.0,-3.0,-6.0,-9.0,-12.98,-16.0,-19.98
6500,16.0,13.0,11.0,8.0,6.0,3.0,0.0,-3.0,-6.0,-9.0,-13.0,-16.0,-20.0
6510,15.98,13.0,11.0,8.0,6.0,3.0,0.0,-3.0,-6.0,-9.02,-13.0,-16.02,-20.02
6520,15.96,13.0,11.0,8.0,6.0,3.0,0.0,-3.0,-6.0,-9.04,-13.0,-16.04,-20.04
6530,15.94,13.0,11.0,8.0,6.0,3.0,0.0,-3.0,-6.0,-9.06,-13.0,-16.06,-20.06
6540,15.92,13.0,11.0,8.0,6.0,3.0,0.0,-3.0,-6.0,-9.08,-13.0,-16.08,-20.08
6550,15.9,13.0,11.0,8.0,6.0,3.0,0.0,-3.0,-6.0,-9.1,-13.0,-16.1,-20.1
6560,15.88,13.0,11.0,8.0,6.0,3.0,0.0,-3.0,-6.0,-9.12,-13.0,-16.12,-20.12
6570,15.86,13.0,11.0,8.0,6.0,3.0,0.0,-3.0,-6.0,-9.14,-13.0,-16.14,-20.14
6580,15.84,13.0,11.0,8.0,6.0,3.0,0.0,-3.0,-6.0,-9.16,-13.0,-16.16,-20.16
6590,15.82,13.0,11.0,8.0,6.0,3.0,0.0,-3.0,-6.0,-9.18,-13.0,-16.18,-20.18
6600,15.8,13.0,11.0,8.0,6.0,3.0,0.0,-3.0,-6.0,-9.2,-13.0,-16.2,-20.2
6610,15.78,13.0,11.0,8.0,6.0,3.0,0.0,-3.0,-6.0,-9.22,-13.0,-16.22,-20.22
6620,15.76,13.0,11.0,8.0,6.0,3.0,0.0,-3.0,-6.0,-9.24,-13.0,-16.24,-20.24
6630,15.74,13.0,11.0,8.0,6.0,3.0,0.0,-3.0,-6.0,-9.26,-13.0,-16.26,-20.26
6640,15.72,13.0,11.0,8.0,6.0,3.0,0.0,-3.0,-6.0,-9.28,-13.0,-16.28,-20.28
6650,15.7,13.0,11.0,8.0,6.0,3.0,0.0,-3.0,-6.0,-9.3,-13.0,-16.3,-20.3
6660,15.68,13.0,11.0,8.0,6.0,3.0,0.0,-3.0,-6.0,-9.32,-13.0,-16.32,-20.32
6670,15.66,13.0,11.0,8.0,6.0,3.0,0.0,-3.0,-6.0,-9.34,-13.0,-16.34,-20.34
6680,15.64,13.0,11.0,8.0,6.0,3.0,0.0,-3.0,-6.0,-9.36,-13.0,-16.36,-20.36
6690,15.62,13.0,11.0,8.0,6.0,3.0,0.0,-3.0,-6.0,-9.38,-13.0,-16.38,-20.38
6700,15.6,13.0,11.0,8.0,6.0,3.0,0.0,-3.0,-6.0,-9.4,-13.0,-16.4,-20.4
6710,15.58,13.0,11.0,8.0,6.0,3.0,0.0,-3.0,-6.0,-9.42,-13.0,-16.42,-20.42
6720,15.56,13.0,11.0,8.0,6.0,3.0,0.0,-3.0,-6.0,-9.44,-13.0,-16.44,-20.44
6730,15.54,13.0,11.0,8.0,6.0,3.0,0.0,-3.0,-6.0,-9.46,-13.0,-16.46,-20.46
6740,15.52,13.0,11.0,8.0,6.0,3.0,0.0,-3.0,-6.0,-9.48,-13.0,-16.48,-20.48
6750,15.5,13.0,11.0,8.0,6.0,3.0,0.0,-3.0,-6.0,-9.5,-13.0,-16.5,-20.5
6760,15.48,13.0,11.0,8.0,6.0,3.0,0.0,-3.0,-6.0,-9.52,-13.0,-16.52,-20.52
6770,15.46,13.0,11.0,8.0,6.0,3.0,0.0,-3.0,-6.0,-9.54,-13.0,-16.54,-20.54
6780,15.44,13.0,11.0,8.0,6.0,3.0,0.0,-3.0,-6.0,-9.56,-13.0,-16.56,-20.56
6790,15.42,13.0,11.0,8.0,6.0,3.0,0.0,-3.0,-6.0,-9.58,-13.0,-16.58,-20.58
6800,15.4,13.0,11.0,8.0,6.0,3.0,0.0,-3.0,-6.0,-9.6,-13.0,-16.6,-20.6
6810,15.38,13.0,11.0,8.0,6.0,3.0,0.0,-3.0,-6.0,-9.62,-13.0,-16.62,-20.62
6820,15.36,13.0,11.0,8.0,6.0,3.0,0.0,-3.0,-6.0,-9.64,-13.0,-16.64,-20.64
6830,15.34,13.0,11.0,8.0,6.0,3.0,0.0,-3.0,-6.0,-9.66,-13.0,-16.66,-20.66
6840,15.32,13.0,11.0,8.0,6.0,3.0,0.0,-3.0,-6.0,-9.68,-13.0,-16.68,-20.68
6850,15.3,13.0,11.0,8.0,6.0,3.0,0.0,-3.0,-6.0,-9.7,-13.0,-16.7,-20.7
6860,15.28,13.0,11.0,8.0,6.0,3.0,0.0,-3.0,-6.0,-9.72,-13.0,-16.72,-20.72
6870,15.26,13.0,11.0,8.0,6.0,3.0,0.0,-3.0,-6.0,-9.74,-13.0,-16.74,-20.74
6880,15.24,13.0,11.0,8.0,6.0,3.0,0.0,-3.0,-6.0,-9.76,-13.0,-16.76,-20.76
6890,15.22,13.0,11.0,8.0,6.0,3.0,0.0,-3.0,-6.0,-9.78,-13.0,-16.78,-20.78
6900,15.2,13.0,11.0,8.0,6.0,3.0,0.0,-3.0,-6.0,-9.8,-13.0,-16.8,-20.8
6910,15.18,13.0,11.0,8.0,6.0,3.0,0.0,-3.0,-6.0,-9.82,-13.0,-16.82,-20.82
6920,15.16,13.0,11.0,8.0,6.0,3.0,0.0,-3.0,-6.0,-9.84,-13.0,-16.84,-20.84
6930,15.14,13.0,11.0,8.0,6.0,3.0,0.0,-3.0,-6.0,-9.86,-13.0,-16.86,-20.86
6940,15.12,13.0,11.0,8.0,6.0,3.0,0.0,-3.0,-6.0,-9.88,-13.0,-16.88,-20.88
6950,15.1,13.0,11.0,8.0,6.0,3.0,0.0,-3.0,-6.0,-9.9,-13.0,-16.9,-20.9
6960,15.08,13.0,11.0,8.0,6.0,3.0,0.0,-3.0,-6.0,-9.92,-13.0,-16.92,-20.92
6970,15.06,13.0,11.0,8.0,6.0,3.0,0.0,-3.0,-6.0,-9.94,-13.0,-16.94,-20.94
6980,15.04,13.0,11.0,8.0,6.0,3.0,0.0,-3.0,-6.0,-9.96,-13.0,-16.96,-20.96
6990,15.02,13.0,11.0,8.0,6.0,3.0,0.0,-3.0,-6.0,-9.98,-13.0,-16.98,-20.98
7000,15.0,13.0,11.0,8.0,6.0,3.0,0.0,-3.0,-6.0,-10.0,-13.0,-17.0,-21.0
7010,14.98,12.98,10.98,8.0,6.0,3.0,0.0,-3.0,-6.0,-10.0,-13.0,-17.0,-21.0
7020,14.96,12.96,10.96,8.0,6.0,3.0,0.0,-3.0,-6.0,-10.0,-13.0,-17.0,-21.0
7030,14.94,12.94,10.94,8.0,6.0,3.0,0.0,-3.0,-6.0,-10.0,-13.0,-17.0,-21.0
7040,14.92,12.92,10.92,8.0,6.0,3.0,0.0,-3.0,-6.0,-10.0,-13.0,-17.0,-21.0
7050,14.9,12.9,10.9,8.0,6.0,3.0,0.0,-3.0,-6.0,-10.0,-13.0,-17.0,-21.0
7060,14.88,12.88,10.88,8.0,6.0,3.0,0.0,-3.0,-6.0,-10.0,-13.0,-17.0,-21.0
7070,14.86,12.86,10.86,8.0,6.0,3.0,0.0,-3.0,-6.0,-10.0,-13.0,-17.0,-21.0
7080,14.84,12.84,10.84,8.0,6.0,3.0,0.0,-3.0,-6.0,-10.0,-13.0,-17.0,-21.0
7090,14.82,12.82,10.82,8.0,6.0,3.0,0.0,-3.0,-6.0,-10.0,-13.0,-17.0,-21.0
7100,14.8,12.8,10.8,8.0,6.0,3.0,0.0,-3.0,-6.0,-10.0,-13.0,-17.0,-21.0
7110,14.78,12.78,10.78,8.0,6.0,3.0,0.0,-3.0,-6.0,-10.0,-13.0,-17.0,-21.0
7120,14.76,12.76,10.76,8.0,6.0,3.0,0.0,-3.0,-6.0,-10.0,-13.0,-17.0,-21.0
7130,14.74,12.74,10.74,8.0,6.0,3.0,0.0,-3.0,-6.0,-10.0,-13.0,-17.0,-21.0
7140,14.72,12.72,10.72,8.0,6.0,3.0,0.0,-3.0,-6.0,-10.0,-13.0,-17.0,-21.0
7150,14.7,12.7,10.7,8.0,6.0,3.0,0.0,-3.0,-6.0,-10.0,-13.0,-17.0,-21.0
7160,14.68,12.68,10.68,8.0,6.0,3.0,0.0,-3.0,-6.0,-10.0,-13.0,-17.0,-21.0
7170,14.66,12.66,10.66,8.0,6.0,3.0,0.0,-3.0,-6.0,-10.0,-13.0,-17.0,-21.0
7180,14.64,12.64,10.64,8.0,6.0,3.0,0.0,-3.0,-6.0,-10.0,-13.0,-17.0,-21.0
7190,14.62,12.62,10.62,8.0,6.0,3.0,0.0,-3.0,-6.0,-10.0,-13.0,-17.0,-21.0
7200,14.6,12.6,10.6,8.0,6.0,3.0,0.0,-3.0,-6.0,-10.0,-13.0,-17.0,-21.0
7210,14.58,12.58,10.58,8.0,6.0,3.0,0.0,-3.0,-6.0,-10.0,-13.0,-17.0,-21.0
7220,14.56,12.56,10.56,8.0,6.0,3.0,0.0,-3.0,-6.0,-10.0,-13.0,-17.0,-21.0
7230,14.54,12.54,10.54,8.0,6.0,3.0,0.0,-3.0,-6.0,-10.0,-13.0,-17.0,-21.0
7240,14.52,12.52,10.52,8.0,6.0,3.0,0.0,-3.0,-6.0,-10.0,-13.0,-17.0,-21.0
7250,14.5,12.5,10.5,8.0,6.0,3.0,0.0,-3.0,-6.0,-10.0,-13.0,-17.0,-21.0
7260,14.48,12.48,10.48,8.0,6.0,3.0,0.0,-3.0,-6.0,-10.0,-13.0,-17.0,-21.0
7270,14.46,12.46,10.46,8.0,6.0,3.0,0.0,-3.0,-6.0,-10.0,-13.0,-17.0,-21.0
7280,14.44,12.44,10.44,8.0,6.0,3.0,0.0,-3.0,-6.0,-10.0,-13.0,-17.0,-21.0
7290,14.42,12.42,10.42,8.0,6.0,3.0,0.0,-3.0,-6.0,-10.0,-13.0,-17.0,-21.0
7300,14.4,12.4,10.4,8.0,6.0,3.0,0.0,-3.0,-6.0,-10.0,-13.0,-17.0,-21.0
7310,14.38,12.38,10.38,8.0,6.0,3.0,0.0,-3.0,-6.0,-10.0,-13.0,-17.0,-21.0
7320,14.36,12.36,10.36,8.0,6.0,3.0,0.0,-3.0,-6.0,-10.0,-13.0,-17.0,-21.0
7330,14.34,12.34,10.34,8.0,6.0,3.0,0.0,-3.0,-6.0,-10.0,-13.0,-17.0,-21.0
7340,14.32,12.32,10.32,8.0,6.0,3.0,0.0,-3.0,-6.0,-10.0,-13.0,-17.0,-21.0
7350,14.3,12.3,10.3,8.0,6.0,3.0,0.0,-3.0,-6.0,-10.0,-13.0,-17.0,-21.0
7360,14.28,12.28,10.28,8.0,6.0,3.0,0.0,-3.0,-6.0,-10.0,-13.0,-17.0,-21.0
7370,14.26,12.26,10.26,8.0,6.0,3.0,0.0,-3.0,-6.0,-10.0,-13.0,-17.0,-21.0
7380,14.24,12.24,10.24,8.0,6.0,3.0,0.0,-3.0,-6.0,-10.0,-13.0,-17.0,-21.0
7390,14.22,12.22,10.22,8.0,6.0,3.0,0.0,-3.0,-6.0,-10.0,-13.0,-17.0,-21.0
7400,14.2,12.2,10.2,8.0,6.0,3.0,0.0,-3.0,-6.0,-10.0,-13.0,-17.0,-21.0
7410,14.18,12.18,10.18,8.0,6.0,3.0,0.0,-3.0,-6.0,-10.0,-13.0,-17.0,-21.0
7420,14.16,12.16,10.16,8.0,6.0,3.0,0.0,-3.0,-6.0,-10.0,-13.0,-17.0,-21.0
7430,14.14,12.14,10.14,8.0,6.0,3.0,0.0,-3.0,-6.0,-10.0,-13.0,-17.0,-21.0
7440,14.12,12.12,10.12,8.0,6.0,3.0,0.0,-3.0,-6.0,-10.0,-13.0,-17.0,-21.0
7450,14.1,12.1,10.1,8.0,6.0,3.0,0.0,-3.0,-6.0,-10.0,-13.0,-17.0,-21.0
7460,14.08,12.08,10.08,8.0,6.0,3.0,0.0,-3.0,-6.0,-10.0,-13.0,-17.0,-21.0
7470,14.06,12.06,10.06,8.0,6.0,3.0,0.0,-3.0,-6.0,-10.0,-13.0,-17.0,-21.0
7480,14.04,12.04,10.04,8.0,6.0,3.0,0.0,-3.0,-6.0,-10.0,-13.0,-17.0,-21.0
7490,14.02,12.02,10.02,8.0,6.0,3.0,0.0,-3.0,-6.0,-10.0,-13.0,-17.0,-21.0
7500,14.0,12.0,10.0,8.0,6.0,3.0,0.0,-3.0,-6.0,-10.0,-13.0,-17.0,-21.0
7510,14.0,12.0,10.0,8.0,5.98,3.0,0.0,-3.0,-6.0,-10.0,-13.02,-17.02,-21.02
7520,14.0,12.0,10.0,8.0,5.96,3.0,0.0,-3.0,-6.0,-10.0,-13.04,-17.04,-21.04
7530,14.0,12.0,10.0,8.0,5.94,3.0,0.0,-3.0,-6.0,-10.0,-13.06,-17.06,-21.06
7540,14.0,12.0,10.0,8.0,5.92,3.0,0.0,-3.0,-6.0,-10.0,-13.08,-17.08,-21.08
7550,14.0,12.0,10.0,8.0,5.9,3.0,0.0,-3.0,-6.0,-10.0,-13.1,-17.1,-21.1
7560,14.0,12.0,10.0,8.0,5.88,3.0,0.0,-3.0,-6.0,-10.0,-13.12,-17.12,-21.12
7570,14.0,12.0,10.0,8.0,5.86,3.0,0.0,-3.0,-6.0,-10.0,-13.14,-17.14,-21.14
7580,14.0,12.0,10.0,8.0,5.84,3.0,0.0,-3.0,-6.0,-10.0,-13.16,-17.16,-21.16
7590,14.0,12.0,10.0,8.0,5.82,3.0,0.0,-3.0,-6.0,-10.0,-13.18,-17.18,-21.18
7600,14.0,12.0,10.0,8.0,5.8,3.0,0.0,-3.0,-6.0,-10.0,-13.2,-17.2,-21.2
7610,14.0,12.0,10.0,8.0,5.78,3.0,0.0,-3.0,-6.0,-10.0,-13.22,-17.22,-21.22
7620,14.0,12.0,10.0,8.0,5.76,3.0,0.0,-3.0,-6.0,-10.0,-13.24,-17.24,-21.24
7630,14.0,12.0,10.0,8.0,5.74,3.0,0.0,-3.0,-6.0,-10.0,-13.26,-17.26,-21.26
7640,14.0,12.0,10.0,8.0,5.72,3.0,0.0,-3.0,-6.0,-10.0,-13.28,-17.28,-21.28
7650,14.0,12.0,10.0,8.0,5.7,3.0,0.0,-3.0,-6.0,-10.0,-13.3,-17.3,-21.3
7660,14.0,12.0,10.0,8.0,5.68,3.0,0.0,-3.0,-6.0,-10.0,-13.32,-17.32,-21.32
7670,14.0,12.0,10.0,8.0,5.66,3.0,0.0,-3.0,-6.0,-10.0,-13.34,-17.34,-21.34
7680,14.0,12.0,10.0,8.0,5.64,3.0,0.0,-3.0,-6.0,-10.0,-13.36,-17.36,-21.36
7690,14.0,12.0,10.0,8.0,5.62,3.0,0.0,-3.0,-6.0,-10.0,-13.38,-17.38,-21.38
7700,14.0,12.0,10.0,8.0,5.6,3.0,0.0,-3.0,-6.0,-10.0,-13.4,-17.4,-21.4
7710,14.0,12.0,10.0,8.0,5.58,3.0,0.0,-3.0,-6.0,-10.0,-13.42,-17.42,-21.42
7720,14.0,12.0,10.0,8.0,5.56,3.0,0.0,-3.0,-6.0,-10.0,-13.44,-17.44,-21.44
7730,14.0,12.0,10.0,8.0,5.54,3.0,0.0,-3.0,-6.0,-10.0,-13.46,-17.46,-21.46
7740,14.0,12.0,10.0,8.0,5.52,3.0,0.0,-3.0,-6.0,-10.0,-13.48,-17.48,-21.48
7750,14.0,12.0,10.0,8.0,5.5,3.0,0.0,-3.0,-6.0,-10.0,-13.5,-17.5,-21.5
7760,14.0,12.0,10.0,8.0,5.48,3.0,0.0,-3.0,-6.0,-10.0,-13.52,-17.52,-21.52
7770,14.0,12.0,10.0,8.0,5.46,3.0,0.0,-3.0,-6.0,-10.0,-13.54,-17.54,-21.54
7780,14.0,12.0,10.0,8.0,5.4399999999999995,3.0,0.0,-3.0,-6.0,-10.0,-13.56,-17.56,-21.56
7790,14.0,12.0,10.0,8.0,5.42,3.0,0.0,-3.0,-6.0,-10.0,-13.58,-17.58,-21.58
7800,14.0,12.0,10.0,8.0,5.4,3.0,0.0,-3.0,-6.0,-10.0,-13.6,-17.6,-21.6
7810,14.0,12.0,10.0,8.0,5.38,3.0,0.0,-3.0,-6.0,-10.0,-13.62,-17.62,-21.62
7820,14.0,12.0,10.0,8.0,5.36,3.0,0.0,-3.0,-6.0,-10.0,-13.64,-17.64,-21.64
7830,14.0,12.0,10.0,8.0,5.34,3.0,0.0,-3.0,-6.0,-10.0,-13.66,-17.66,-21.66
7840,14.0,12.0,10.0,8.0,5.32,3.0,0.0,-3.0,-6.0,-10.0,-13.68,-17.68,-21.68
7850,14.0,12.0,10.0,8.0,5.3,3.0,0.0,-3.0,-6.0,-10.0,-13.7,-17.7,-21.7
7860,14.0,12.0,10.0,8.0,5.28,3.0,0.0,-3.0,-6.0,-10.0,-13.72,-17.72,-21.72
7870,14.0,12.0,10.0,8.0,5.26,3.0,0.0,-3.0,-6.0,-10.0,-13.74,-17.74,-21.74
7880,14.0,12.0,10.0,8.0,5.24,3.0,0.0,-3.0,-6.0,-10.0,-13.76,-17.76,-21.76
7890,14.0,12.0,10.0,8.0,5.22,3.0,0.0,-3.0,-6.0,-10.0,-13.78,-17.78,-21.78
7900,14.0,12.0,10.0,8.0,5.2,3.0,0.0,-3.0,-6.0,-10.0,-13.8,-17.8,-21.8
7910,14.0,12.0,10.0,8.0,5.18,3.0,0.0,-3.0,-6.0,-10.0,-13.82,-17.82,-21.82
7920,14.0,12.0,10.0,8.0,5.16,3.0,0.0,-3.0,-6.0,-10.0,-13.84,-17.84,-21.84
7930,14.0,12.0,10.0,8.0,5.14,3.0,0.0,-3.0,-6.0,-10.0,-13.86,-17.86,-21.86
7940,14.0,12.0,10.0,8.0,5.12,3.0,0.0,-3.0,-6.0,-10.0,-13.88,-17.88,-21.88
7950,14.0,12.0,10.0,8.0,5.1,3.0,0.0,-3.0,-6.0,-10.0,-13.9,-17.9,-21.9
7960,14.0,12.0,10.0,8.0,5.08,3.0,0.0,-3.0,-6.0,-10.0,-13.92,-17.92,-21.92
7970,14.0,12.0,10.0,8.0,5.06,3.0,0.0,-3.0,-6.0,-10.0,-13.94,-17.94,-21.94
7980,14.0,12.0,10.0,8.0,5.04,3.0,0.0,-3.0,-6.0,-10.0,-13.96,-17.96,-21.96
7990,14.0,12.0,10.0,8.0,5.02,3.0,0.0,-3.0,-6.0,-10.0,-13.98,-17.98,-21.98
8000,14.0,12.0,10.0,8.0,5.0,3.0,0.0,-3.0,-6.0,-10.0,-14.0,-18.0,-22.0
8010,13.98,12.0,10.0,8.0,5.0,3.0,0.0,-3.0,-6.0,-10.0,-14.0,-18.0,-22.02
8020,13.96,12.0,10.0,8.0,5.0,3.0,0.0,-3.0,-6.0,-10.0,-14.0,-18.0,-22.04
8030,13.94,12.0,10.0,8.0,5.0,3.0,0.0,-3.0,-6.0,-10.0,-14.0,-18.0,-22.06
8040,13.92,12.0,10.0,8.0,5.0,3.0,0.0,-3.0,-6.0,-10.0,-14.0,-18.0,-22.08
8050,13.9,12.0,10.0,8.0,5.0,3.0,0.0,-3.0,-6.0,-10.0,-14.0,-18.0,-22.1
8060,13.88,12.0,10.0,8.0,5.0,3.0,0.0,-3.0,-6.0,-10.0,-14.0,-18.0,-22.12
8070,13.86,12.0,10.0,8.0,5.0,3.0,0.0,-3.0,-6.0,-10.0,-14.0,-18.0,-22.14
8080,13.84,12.0,10.0,8.0,5.0,3.0,0.0,-3.0,-6.0,-10.0,-14.0,-18.0,-22.16
8090,13.82,12.0,10.0,8.0,5.0,3.0,0.0,-3.0,-6.0,-10.0,-14.0,-18.0,-22.18
8100,13.8,12.0,10.0,8.0,5.0,3.0,0.0,-3.0,-6.0,-10.0,-14.0,-18.0,-22.2
8110,13.78,12.0,10.0,8.0,5.0,3.0,0.0,-3.0,-6.0,-10.0,-14.0,-18.0,-22.22
8120,13.76,12.0,10.0,8.0,5.0,3.0,0.0,-3.0,-6.0,-10.0,-14.0,-18.0,-22.24
8130,13.74,12.0,10.0,8.0,5.0,3.0,0.0,-3.0,-6.0,-10.0,-14.0,-18.0,-22.26
8140,13.72,12.0,10.0,8.0,5.0,3.0,0.0,-3.0,-6.0,-10.0,-14.0,-18.0,-22.28
8150,13.7,12.0,10.0,8.0,5.0,3.0,0.0,-3.0,-6.0,-10.0,-14.0,-18.0,-22.3
8160,13.68,12.0,10.0,8.0,5.0,3.0,0.0,-3.0,-6.0,-10.0,-14.0,-18.0,-22.32
8170,13.66,12.0,10.0,8.0,5.0,3.0,0.0,-3.0,-6.0,-10.0,-14.0,-18.0,-22.34
8180,13.64,12.0,10.0,8.0,5.0,3.0,0.0,-3.0,-6.0,-10.0,-14.0,-18.0,-22.36
8190,13.62,12.0,10.0,8.0,5.0,3.0,0.0,-3.0,-6.0,-10.0,-14.0,-18.0,-22.38
8200,13.6,12.0,10.0,8.0,5.0,3.0,0.0,-3.0,-6.0,-10.0,-14.0,-18.0,-22.4
8210,13.58,12.0,10.0,8.0,5.0,3.0,0.0,-3.0,-6.0,-10.0,-14.0,-18.0,-22.42
8220,13.56,12.0,10.0,8.0,5.0,3.0,0.0,-3.0,-6.0,-10.0,-14.0,-18.0,-22.44
8230,13.54,12.0,10.0,8.0,5.0,3.0,0.0,-3.0,-6.0,-10.0,-14.0,-18.0,-22.46
8240,13.52,12.0,10.0,8.0,5.0,3.0,0.0,-3.0,-6.0,-10.0,-14.0,-18.0,-22.48
8250,13.5,12.0,10.0,8.0,5.0,3.0,0.0,-3.0,-6.0,-10.0,-14.0,-18.0,-22.5
8260,13.48,12.0,10.0,8.0,5.0,3.0,0.0,-3.0,-6.0,-10.0,-14.0,-18.0,-22.52
8270,13.46,12.0,10.0,8.0,5.0,3.0,0.0,-3.0,-6.0,-10.0,-14.0,-18.0,-22.54
8280,13.44,12.0,10.0,8.0,5.0,3.0,0.0,-3.0,-6.0,-10.0,-14.0,-18.0,-22.56
8290,13.42,12.0,10.0,8.0,5.0,3.0,0.0,-3.0,-6.0,-10.0,-14.0,-18.0,-22.58
8300,13.4,12.0,10.0,8.0,5.0,3.0,0.0,-3.0,-6.0,-10.0,-14.0,-18.0,-22.6
8310,13.38,12.0,10.0,8.0,5.0,3.0,0.0,-3.0,-6.0,-10.0,-14.0,-18.0,-22.62
8320,13.36,12.0,10.0,8.0,5.0,3.0,0.0,-3.0,-6.0,-10.0,-14.0,-18.0,-22.64
8330,13.34,12.0,10.0,8.0,5.0,3.0,0.0,-3.0,-6.0,-10.0,-14.0,-18.0,-22.66
8340,13.32,12.0,10.0,8.0,5.0,3.0,0.0,-3.0,-6.0,-10.0,-14.0,-18.0,-22.68
8350,13.3,12.0,10.0,8.0,5.0,3.0,0.0,-3.0,-6.0,-10.0,-14.0,-18.0,-22.7
8360,13.28,12.0,10.0,8.0,5.0,3.0,0.0,-3.0,-6.0,-10.0,-14.0,-18.0,-22.72
8370,13.26,12.0,10.0,8.0,5.0,3.0,0.0,-3.0,-6.0,-10.0,-14.0,-18.0,-22.74
8380,13.24,12.0,10.0,8.0,5.0,3.0,0.0,-3.0,-6.0,-10.0,-14.0,-18.0,-22.76
8390,13.22,12.0,10.0,8.0,5.0,3.0,0.0,-3.0,-6.0,-10.0,-14.0,-18.0,-22.78
8400,13.2,12.0,10.0,8.0,5.0,3.0,0.0,-3.0,-6.0,-10.0,-14.0,-18.0,-22.8
8410,13.18,12.0,10.0,8.0,5.0,3.0,0.0,-3.0,-6.0,-10.0,-14.0,-18.0,-22.82
8420,13.16,12.0,10.0,8.0,5.0,3.0,0.0,-3.0,-6.0,-10.0,-14.0,-18.0,-22.84
8430,13.14,12.0,10.0,8.0,5.0,3.0,0.0,-3.0,-6.0,-10.0,-14.0,-18.0,-22.86
8440,13.12,12.0,10.0,8.0,5.0,3.0,0.0,-3.0,-6.0,-10.0,-14.0,-18.0,-22.88
8450,13.1,12.0,10.0,8.0,5.0,3.0,0.0,-3.0,-6.0,-10.0,-14.0,-18.0,-22.9
8460,13.08,12.0,10.0,8.0,5.0,3.0,0.0,-3.0,-6.0,-10.0,-14.0,-18.0,-22.92
8470,13.06,12.0,10.0,8.0,5.0,3.0,0.0,-3.0,-6.0,-10.0,-14.0,-18.0,-22.94
8480,13.04,12.0,10.0,8.0,5.0,3.0,0.0,-3.0,-6.0,-10.0,-14.0,-18.0,-22.96
8490,13.02,12.0,10.0,8.0,5.0,3.0,0.0,-3.0,-6.0,-10.0,-14.0,-18.0,-22.98
8500,13.0,12.0,10.0,8.0,5.0,3.0,0.0,-3.0,-6.0,-10.0,-14.0,-18.0,-23.0
8510,12.98,11.98,9.98,8.0,5.0,3.0,0.0,-3.0,-6.02,-10.0,-14.0,-18.02,-23.0
8520,12.96,11.96,9.96,8.0,5.0,3.0,0.0,-3.0,-6.04,-10.0,-14.0,-18.04,-23.0
8530,12.94,11.94,9.94,8.0,5.0,3.0,0.0,-3.0,-6.06,-10.0,-14.0,-18.06,-23.0
8540,12.92,11.92,9.92,8.0,5.0,3.0,0.0,-3.0,-6.08,-10.0,-14.0,-18.08,-23.0
8550,12.9,11.9,9.9,8.0,5.0,3.0,0.0,-3.0,-6.1,-10.0,-14.0,-18.1,-23.0
8560,12.88,11.88,9.88,8.0,5.0,3.0,0.0,-3.0,-6.12,-10.0,-14.0,-18.12,-23.0
8570,12.86,11.86,9.86,8.0,5.0,3.0,0.0,-3.0,-6.14,-10.0,-14.0,-18.14,-23.0
8580,12.84,11.84,9.84,8.0,5.0,3.0,0.0,-3.0,-6.16,-10.0,-14.0,-18.16,-23.0
8590,12.82,11.82,9.82,8.0,5.0,3.0,0.0,-3.0,-6.18,-10.0,-14.0,-18.18,-23.0
8600,12.8,11.8,9.8,8.0,5.0,3.0,0.0,-3.0,-6.2,-10.0,-14.0,-18.2,-23.0
8610,12.78,11.78,9.78,8.0,5.0,3.0,0.0,-3.0,-6.22,-10.0,-14.0,-18.22,-23.0
8620,12.76,11.76,9.76,8.0,5.0,3.0,0.0,-3.0,-6.24,-10.0,-14.0,-18.24,-23.0
8630,12.74,11.74,9.74,8.0,5.0,3.0,0.0,-3.0,-6.26,-10.0,-14.0,-18.26,-23.0
8640,12.72,11.72,9.72,8.0,5.0,3.0,0.0,-3.0,-6.28,-10.0,-14.0,-18.28,-23.0
8650,12.7,11.7,9.7,8.0,5.0,3.0,0.0,-3.0,-6.3,-10.0,-14.0,-18.3,-23.0
8660,12.68,11.68,9.68,8.0,5.0,3.0,0.0,-3.0,-6.32,-10.0,-14.0,-18.32,-23.0
8670,12.66,11.66,9.66,8.0,5.0,3.0,0.0,-3.0,-6.34,-10.0,-14.0,-18.34,-23.0
8680,12.64,11.64,9.64,8.0,5.0,3.0,0.0,-3.0,-6.36,-10.0,-14.0,-18.36,-23.0
8690,12.62,11.62,9.62,8.0,5.0,3.0,0.0,-3.0,-6.38,-10.0,-14.0,-18.38,-23.0
8700,12.6,11.6,9.6,8.0,5.0,3.0,0.0,-3.0,-6.4,-10.0,-14.0,-18.4,-23.0
8710,12.58,11.58,9.58,8.0,5.0,3.0,0.0,-3.0,-6.42,-10.0,-14.0,-18.42,-23.0
8720,12.56,11.56,9.56,8.0,5.0,3.0,0.0,-3.0,-6.44,-10.0,-14.0,-18.44,-23.0
8730,12.54,11.54,9.54,8.0,5.0,3.0,0.0,-3.0,-6.46,-10.0,-14.0,-18.46,-23.0
8740,12.52,11.52,9.52,8.0,5.0,3.0,0.0,-3.0,-6.48,-10.0,-14.0,-18.48,-23.0
8750,12.5,11.5,9.5,8.0,5.0,3.0,0.0,-3.0,-6.5,-10.0,-14.0,-18.5,-23.0
8760,12.48,11.48,9.48,8.0,5.0,3.0,0.0,-3.0,-6.52,-10.0,-14.0,-18.52,-23.0
8770,12.46,11.46,9.46,8.0,5.0,3.0,0.0,-3.0,-6.54,-10.0,-14.0,-18.54,-23.0
8780,12.44,11.44,9.44,8.0,5.0,3.0,0.0,-3.0,-6.5600000000000005,-10.0,-14.0,-18.56,-23.0
8790,12.42,11.42,9.42,8.0,5.0,3.0,0.0,-3.0,-6.58,-10.0,-14.0,-18.58,-23.0
8800,12.4,11.4,9.4,8.0,5.0,3.0,0.0,-3.0,-6.6,-10.0,-14.0,-18.6,-23.0
8810,12.38,11.38,9.38,8.0,5.0,3.0,0.0,-3.0,-6.62,-10.0,-14.0,-18.62,-23.0
8820,12.36,11.36,9.36,8.0,5.0,3.0,0.0,-3.0,-6.64,-10.0,-14.0,-18.64,-23.0
8830,12.34,11.34,9.34,8.0,5.0,3.0,0.0,-3.0,-6.66,-10.0,-14.0,-18.66,-23.0
8840,12.32,11.32,9.32,8.0,5.0,3.0,0.0,-3.0,-6.68,-10.0,-14.0,-18.68,-23.0
8850,12.3,11.3,9.3,8.0,5.0,3.0,0.0,-3.0,-6.7,-10.0,-14.0,-18.7,-23.0
8860,12.28,11.28,9.28,8.0,5.0,3.0,0.0,-3.0,-6.72,-10.0,-14.0,-18.72,-23.0
8870,12.26,11.26,9.26,8.0,5.0,3.0,0.0,-3.0,-6.74,-10.0,-14.0,-18.74,-23.0
8880,12.24,11.24,9.24,8.0,5.0,3.0,0.0,-3.0,-6.76,-10.0,-14.0,-18.76,-23.0
8890,12.22,11.22,9.22,8.0,5.0,3.0,0.0,-3.0,-6.78,-10.0,-14.0,-18.78,-23.0
8900,12.2,11.2,9.2,8.0,5.0,3.0,0.0,-3.0,-6.8,-10.0,-14.0,-18.8,-23.0
8910,12.18,11.18,9.18,8.0,5.0,3.0,0.0,-3.0,-6.82,-10.0,-14.0,-18.82,-23.0
8920,12.16,11.16,9.16,8.0,5.0,3.0,0.0,-3.0,-6.84,-10.0,-14.0,-18.84,-23.0
8930,12.14,11.14,9.14,8.0,5.0,3.0,0.0,-3.0,-6.86,-10.0,-14.0,-18.86,-23.0
8940,12.12,11.12,9.12,8.0,5.0,3.0,0.0,-3.0,-6.88,-10.0,-14.0,-18.88,-23.0
8950,12.1,11.1,9.1,8.0,5.0,3.0,0.0,-3.0,-6.9,-10.0,-14.0,-18.9,-23.0
8960,12.08,11.08,9.08,8.0,5.0,3.0,0.0,-3.0,-6.92,-10.0,-14.0,-18.92,-23.0
8970,12.06,11.06,9.06,8.0,5.0,3.0,0.0,-3.0,-6.94,-10.0,-14.0,-18.94,-23.0
8980,12.04,11.04,9.04,8.0,5.0,3.0,0.0,-3.0,-6.96,-10.0,-14.0,-18.96,-23.0
8990,12.02,11.02,9.02,8.0,5.0,3.0,0.0,-3.0,-6.98,-10.0,-14.0,-18.98,-23.0
9000,12.0,11.0,9.0,8.0,5.0,3.0,0.0,-3.0,-7.0,-10.0,-14.0,-19.0,-23.0
9010,12.0,11.0,9.0,7.98,5.0,3.0,0.0,-3.0,-7.0,-10.0,-14.02,-19.0,-23.02
9020,12.0,11.0,9.0,7.96,5.0,3.0,0.0,-3.0,-7.0,-10.0,-14.04,-19.0,-23.04
9030,12.0,11.0,9.0,7.94,5.0,3.0,0.0,-3.0,-7.0,-10.0,-14.06,-19.0,-23.06
9040,12.0,11.0,9.0,7.92,5.0,3.0,0.0,-3.0,-7.0,-10.0,-14.08,-19.0,-23.08
9050,12.0,11.0,9.0,7.9,5.0,3.0,0.0,-3.0,-7.0,-10.0,-14.1,-19.0,-23.1
9060,12.0,11.0,9.0,7.88,5.0,3.0,0.0,-3.0,-7.0,-10.0,-14.12,-19.0,-23.12
9070,12.0,11.0,9.0,7.86,5.0,3.0,0.0,-3.0,-7.0,-10.0,-14.14,-19.0,-23.14
9080,12.0,11.0,9.0,7.84,5.0,3.0,0.0,-3.0,-7.0,-10.0,-14.16,-19.0,-23.16
9090,12.0,11.0,9.0,7.82,5.0,3.0,0.0,-3.0,-7.0,-10.0,-14.18,-19.0,-23.18
9100,12.0,11.0,9.0,7.8,5.0,3.0,0.0,-3.0,-7.0,-10.0,-14.2,-19.0,-23.2
9110,12.0,11.0,9.0,7.78,5.0,3.0,0.0,-3.0,-7.0,-10.0,-14.22,-19.0,-23.22
9120,12.0,11.0,9.0,7.76,5.0,3.0,0.0,-3.0,-7.0,-10.0,-14.24,-19.0,-23.24
9130,12.0,11.0,9.0,7.74,5.0,3.0,0.0,-3.0,-7.0,-10.0,-14.26,-19.0,-23.26
9140,12.0,11.0,9.0,7.72,5.0,3.0,0.0,-3.0,-7.0,-10.0,-14.28,-19.0,-23.28
9150,12.0,11.0,9.0,7.7,5.0,3.0,0.0,-3.0,-7.0,-10.0,-14.3,-19.0,-23.3
9160,12.0,11.0,9.0,7.68,5.0,3.0,0.0,-3.0,-7.0,-10.0,-14.32,-19.0,-23.32
9170,12.0,11.0,9.0,7.66,5.0,3.0,0.0,-3.0,-7.0,-10.0,-14.34,-19.0,-23.34
9180,12.0,11.0,9.0,7.64,5.0,3.0,0.0,-3.0,-7.0,-10.0,-14.36,-19.0,-23.36
9190,12.0,11.0,9.0,7.62,5.0,3.0,0.0,-3.0,-7.0,-10.0,-14.38,-19.0,-23.38
9200,12.0,11.0,9.0,7.6,5.0,3.0,0.0,-3.0,-7.0,-10.0,-14.4,-19.0,-23.4
9210,12.0,11.0,9.0,7.58,5.0,3.0,0.0,-3.0,-7.0,-10.0,-14.42,-19.0,-23.42
9220,12.0,11.0,9.0,7.56,5.0,3.0,0.0,-3.0,-7.0,-10.0,-14.44,-19.0,-23.44
9230,12.0,11.0,9.0,7.54,5.0,3.0,0.0,-3.0,-7.0,-10.0,-14.46,-19.0,-23.46
9240,12.0,11.0,9.0,7.52,5.0,3.0,0.0,-3.0,-7.0,-10.0,-14.48,-19.0,-23.48
9250,12.0,11.0,9.0,7.5,5.0,3.0,0.0,-3.0,-7.0,-10.0,-14.5,-19.0,-23.5
9260,12.0,11.0,9.0,7.48,5.0,3.0,0.0,-3.0,-7.0,-10.0,-14.52,-19.0,-23.52
9270,12.0,11.0,9.0,7.46,5.0,3.0,0.0,-3.0,-7.0,-10.0,-14.54,-19.0,-23.54
9280,12.0,11.0,9.0,7.4399999999999995,5.0,3.0,0.0,-3.0,-7.0,-10.0,-14.56,-19.0,-23.56
9290,12.0,11.0,9.0,7.42,5.0,3.0,0.0,-3.0,-7.0,-10.0,-14.58,-19.0,-23.58
9300,12.0,11.0,9.0,7.4,5.0,3.0,0.0,-3.0,-7.0,-10.0,-14.6,-19.0,-23.6
9310,12.0,11.0,9.0,7.38,5.0,3.0,0.0,-3.0,-7.0,-10.0,-14.62,-19.0,-23.62
9320,12.0,11.0,9.0,7.36,5.0,3.0,0.0,-3.0,-7.0,-10.0,-14.64,-19.0,-23.64
9330,12.0,11.0,9.0,7.34,5.0,3.0,0.0,-3.0,-7.0,-10.0,-14.66,-19.0,-23.66
9340,12.0,11.0,9.0,7.32,5.0,3.0,0.0,-3.0,-7.0,-10.0,-14.68,-19.0,-23.68
9350,12.0,11.0,9.0,7.3,5.0,3.0,0.0,-3.0,-7.0,-10.0,-14.7,-19.0,-23.7
9360,12.0,11.0,9.0,7.28,5.0,3.0,0.0,-3.0,-7.0,-10.0,-14.72,-19.0,-23.72
9370,12.0,11.0,9.0,7.26,5.0,3.0,0.0,-3.0,-7.0,-10.0,-14.74,-19.0,-23.74
9380,12.0,11.0,9.0,7.24,5.0,3.0,0.0,-3.0,-7.0,-10.0,-14.76,-19.0,-23.76
9390,12.0,11.0,9.0,7.22,5.0,3.0,0.0,-3.0,-7.0,-10.0,-14.78,-19.0,-23.78
9400,12.0,11.0,9.0,7.2,5.0,3.0,0.0,-3.0,-7.0,-10.0,-14.8,-19.0,-23.8
9410,12.0,11.0,9.0,7.18,5.0,3.0,0.0,-3.0,-7.0,-10.0,-14.82,-19.0,-23.82
9420,12.0,11.0,9.0,7.16,5.0,3.0,0.0,-3.0,-7.0,-10.0,-14.84,-19.0,-23.84
9430,12.0,11.0,9.0,7.14,5.0,3.0,0.0,-3.0,-7.0,-10.0,-14.86,-19.0,-23.86
9440,12.0,11.0,9.0,7.12,5.0,3.0,0.0,-3.0,-7.0,-10.0,-14.88,-19.0,-23.88
9450,12.0,11.0,9.0,7.1,5.0,3.0,0.0,-3.0,-7.0,-10.0,-14.9,-19.0,-23.9
9460,12.0,11.0,9.0,7.08,5.0,3.0,0.0,-3.0,-7.0,-10.0,-14.92,-19.0,-23.92
9470,12.0,11.0,9.0,7.06,5.0,3.0,0.0,-3.0,-7.0,-10.0,-14.94,-19.0,-23.94
9480,12.0,11.0,9.0,7.04,5.0,3.0,0.0,-3.0,-7.0,-10.0,-14.96,-19.0,-23.96
9490,12.0,11.0,9.0,7.02,5.0,3.0,0.0,-3.0,-7.0,-10.0,-14.98,-19.0,-23.98
9500,12.0,11.0,9.0,7.0,5.0,3.0,0.0,-3.0,-7.0,-10.0,-15.0,-19.0,-24.0
9510,12.0,10.9,9.0,7.0,5.0,3.0,0.0,-3.0,-7.0,-10.0,-15.0,-19.0,-24.0
9520,12.0,10.8,9.0,7.0,5.0,3.0,0.0,-3.0,-7.0,-10.0,-15.0,-19.0,-24.0
9530,12.0,10.7,9.0,7.0,5.0,3.0,0.0,-3.0,-7.0,-10.0,-15.0,-19.0,-24.0
9540,12.0,10.6,9.0,7.0,5.0,3.0,0.0,-3.0,-7.0,-10.0,-15.0,-19.0,-24.0
9550,12.0,10.5,9.0,7.0,5.0,3.0,0.0,-3.0,-7.0,-10.0,-15.0,-19.0,-24.0
9560,12.0,10.4,9.0,7.0,5.0,3.0,0.0,-3.0,-7.0,-10.0,-15.0,-19.0,-24.0
9570,12.0,10.3,9.0,7.0,5.0,3.0,0.0,-3.0,-7.0,-10.0,-15.0,-19.0,-24.0
9580,12.0,10.2,9.0,7.0,5.0,3.0,0.0,-3.0,-7.0,-10.0,-15.0,-19.0,-24.0
9590,12.0,10.1,9.0,7.0,5.0,3.0,0.0,-3.0,-7.0,-10.0,-15.0,-19.0,-24.0
9600,12.0,10.0,9.0,7.0,5.0,3.0,0.0,-3.0,-7.0,-10.0,-15.0,-19.0,-24.0
9610,11.9,10.0,9.0,7.0,5.0,3.0,0.0,-3.0,-7.0,-10.1,-15.0,-19.0,-24.0
9620,11.8,10.0,9.0,7.0,5.0,3.0,0.0,-3.0,-7.0,-10.2,-15.0,-19.0,-24.0
9630,11.7,10.0,9.0,7.0,5.0,3.0,0.0,-3.0,-7.0,-10.3,-15.0,-19.0,-24.0
9640,11.6,10.0,9.0,7.0,5.0,3.0,0.0,-3.0,-7.0,-10.4,-15.0,-19.0,-24.0
9650,11.5,10.0,9.0,7.0,5.0,3.0,0.0,-3.0,-7.0,-10.5,-15.0,-19.0,-24.0
9660,11.4,10.0,9.0,7.0,5.0,3.0,0.0,-3.0,-7.0,-10.6,-15.0,-19.0,-24.0
9670,11.3,10.0,9.0,7.0,5.0,3.0,0.0,-3.0,-7.0,-10.7,-15.0,-19.0,-24.0
9680,11.2,10.0,9.0,7.0,5.0,3.0,0.0,-3.0,-7.0,-10.8,-15.0,-19.0,-24.0
9690,11.1,10.0,9.0,7.0,5.0,3.0,0.0,-3.0,-7.0,-10.9,-15.0,-19.0,-24.0
9700,11.0,10.0,9.0,7.0,5.0,3.0,0.0,-3.0,-7.0,-11.0,-15.0,-19.0,-24.0
9710,11.0,10.0,9.0,7.0,5.0,3.0,0.0,-3.0,-7.0,-11.0,-15.0,-19.0,-24.0
9720,11.0,10.0,9.0,7.0,5.0,3.0,0.0,-3.0,-7.0,-11.0,-15.0,-19.0,-24.0
9730,11.0,10.0,9.0,7.0,5.0,3.0,0.0,-3.0,-7.0,-11.0,-15.0,-19.0,-24.0
9740,11.0,10.0,9.0,7.0,5.0,3.0,0.0,-3.0,-7.0,-11.0,-15.0,-19.0,-24.0
9750,11.0,10.0,9.0,7.0,5.0,3.0,0.0,-3.0,-7.0,-11.0,-15.0,-19.0,-24.0
9760,11.0,10.0,9.0,7.0,5.0,3.0,0.0,-3.0,-7.0,-11.0,-15.0,-19.0,-24.0
9770,11.0,10.0,9.0,7.0,5.0,3.0,0.0,-3.0,-7.0,-11.0,-15.0,-19.0,-24.0
9780,11.0,10.0,9.0,7.0,5.0,3.0,0.0,-3.0,-7.0,-11.0,-15.0,-19.0,-24.0
9790,11.0,10.0,9.0,7.0,5.0,3.0,0.0,-3.0,-7.0,-11.0,-15.0,-19.0,-24.0
9800,11.0,10.0,9.0,7.0,5.0,3.0,0.0,-3.0,-7.0,-11.0,-15.0,-19.0,-24.0
9810,11.0,10.0,9.0,7.0,5.0,3.0,0.0,-3.0,-7.0,-11.0,-15.0,-19.0,-24.0
9820,11.0,10.0,9.0,7.0,5.0,3.0,0.0,-3.0,-7.0,-11.0,-15.0,-19.0,-24.0
9830,11.0,10.0,9.0,7.0,5.0,3.0,0.0,-3.0,-7.0,-11.0,-15.0,-19.0,-24.0
9840,11.0,10.0,9.0,7.0,5.0,3.0,0.0,-3.0,-7.0,-11.0,-15.0,-19.0,-24.0
9850,11.0,10.0,9.0,7.0,5.0,3.0,0.0,-3.0,-7.0,-11.0,-15.0,-19.0,-24.0
9860,11.0,10.0,9.0,7.0,5.0,3.0,0.0,-3.0,-7.0,-11.0,-15.0,-19.0,-24.0
9870,11.0,10.0,9.0,7.0,5.0,3.0,0.0,-3.0,-7.0,-11.0,-15.0,-19.0,-24.0
9880,11.0,10.0,9.0,7.0,5.0,3.0,0.0,-3.0,-7.0,-11.0,-15.0,-19.0,-24.0
9890,11.0,10.0,9.0,7.0,5.0,3.0,0.0,-3.0,-7.0,-11.0,-15.0,-19.0,-24.0
9900,11.0,10.0,9.0,7.0,5.0,3.0,0.0,-3.0,-7.0,-11.0,-15.0,-19.0,-24.0
9910,10.9,10.0,9.1,7.2,5.2,3.1,0.0,-3.0,-6.9,-11.0,-15.0,-19.1,-24.0
9920,10.8,10.0,9.2,7.4,5.4,3.2,0.0,-3.0,-6.8,-11.0,-15.0,-19.2,-24.0
9930,10.7,10.0,9.3,7.6,5.6,3.3,0.0,-3.0,-6.7,-11.0,-15.0,-19.3,-24.0
9940,10.6,10.0,9.4,7.8,5.8,3.4,0.0,-3.0,-6.6,-11.0,-15.0,-19.4,-24.0
9950,10.5,10.0,9.5,8.0,6.0,3.5,0.0,-3.0,-6.5,-11.0,-15.0,-19.5,-24.0
9960,10.4,10.0,9.6,8.2,6.2,3.6,0.0,-3.0,-6.4,-11.0,-15.0,-19.6,-24.0
9970,10.3,10.0,9.7,8.4,6.4,3.7,0.0,-3.0,-6.3,-11.0,-15.0,-19.7,-24.0
9980,10.2,10.0,9.8,8.6,6.6,3.8,0.0,-3.0,-6.2,-11.0,-15.0,-19.8,-24.0
9990,10.1,10.0,9.9,8.8,6.8,3.9,0.0,-3.0,-6.1,-11.0,-15.0,-19.9,-24.0
10000,10.0,10.0,10.0,9.0,7.0,4.0,0.0,-3.0,-6.0,-11.0,-15.0,-20.0,-24.0
10010,10.0,10.0,10.0,9.0,7.0,4.0,0.0,-3.0,-6.0,-11.0,-15.0,-20.0,-24.0
