level,trim_-5.0,trim_-4.5,trim_-4.0,trim_-3.5,trim_-3.0,trim_-2.5,trim_-2.0,trim_-1.5,trim_-1.0,trim_-0.5,trim_0.0,trim_0.5,trim_1.0,trim_1.5,trim_2.0
0,4.0,3.0,3.0,2.0,2.0,1.0,1.0,1.0,0.0,0.0,0.0,23.0,47.0,70.0,94.0
10,-2.7,-3.5,-3.5,-4.3,-4.1,-4.8,-4.5,-3.9000000000000004,-3.7,-2.0,0.0,22.8,46.6,69.5,93.4
20,-9.4,-10.0,-10.0,-10.6,-10.2,-10.6,-10.0,-8.8,-7.4,-4.0,0.0,22.6,46.2,69.0,92.8
30,-16.1,-16.5,-16.5,-16.9,-16.299999999999997,-16.4,-15.5,-13.700000000000001,-11.100000000000001,-6.0,0.0,22.4,45.8,68.5,92.2
40,-22.8,-23.0,-23.0,-23.2,-22.4,-22.2,-21.0,-18.6,-14.8,-8.0,0.0,22.2,45.4,68.0,91.6
50,-29.5,-29.5,-29.5,-29.5,-28.5,-28.0,-26.5,-23.5,-18.5,-10.0,0.0,22.0,45.0,67.5,91.0
60,-36.2,-36.0,-36.0,-35.8,-34.599999999999994,-33.8,-32.0,-28.400000000000002,-22.200000000000003,-12.0,0.0,21.8,44.6,67.0,90.4
70,-42.9,-42.5,-42.5,-42.1,-40.699999999999996,-39.6,-37.5,-33.300000000000004,-25.900000000000002,-14.0,0.0,21.6,44.2,66.5,89.8
80,-49.6,-49.0,-49.0,-48.4,-46.8,-45.4,-43.0,-38.2,-29.6,-16.0,0.0,21.4,43.8,66.0,89.2
90,-56.300000000000004,-55.5,-55.5,-54.699999999999996,-52.9,-51.199999999999996,-48.5,-43.1,-33.300000000000004,-18.0,0.0,21.2,43.4,65.5,88.6
100,-63.0,-62.0,-62.0,-61.0,-59.0,-57.0,-54.0,-48.0,-37.0,-20.0,0.0,21.0,43.0,65.0,88.0
110,-67.9,-66.7,-66.3,-65.0,-62.5,-59.9,-55.9,-48.9,-37.2,-20.0,0.0,21.0,42.9,64.9,87.8
120,-72.8,-71.4,-70.6,-69.0,-66.0,-62.8,-57.8,-49.8,-37.4,-20.0,0.0,21.0,42.8,64.8,87.6
130,-77.7,-76.1,-74.9,-73.0,-69.5,-65.7,-59.7,-50.7,-37.6,-20.0,0.0,21.0,42.7,64.7,87.4
140,-82.6,-80.8,-79.2,-77.0,-73.0,-68.6,-61.6,-51.6,-37.8,-20.0,0.0,21.0,42.6,64.6,87.2
150,-87.5,-85.5,-83.5,-81.0,-76.5,-71.5,-63.5,-52.5,-38.0,-20.0,0.0,21.0,42.5,64.5,87.0
160,-92.4,-90.2,-87.8,-85.0,-80.0,-74.4,-65.4,-53.4,-38.2,-20.0,0.0,21.0,42.4,64.4,86.8
170,-97.30000000000001,-94.9,-92.1,-89.0,-83.5,-77.3,-67.3,-54.3,-38.4,-20.0,0.0,21.0,42.3,64.3,86.6
180,-102.2,-99.6,-96.4,-93.0,-87.0,-80.2,-69.2,-55.2,-38.6,-20.0,0.0,21.0,42.2,64.2,86.4
190,-107.1,-104.30000000000001,-100.69999999999999,-97.0,-90.5,-83.1,-71.1,-56.1,-38.8,-20.0,0.0,21.0,42.1,64.1,86.2
200,-112.0,-109.0,-105.0,-101.0,-94.0,-86.0,-73.0,-57.0,-39.0,-20.0,0.0,21.0,42.0,64.0,86.0
210,-115.5,-112.1,-107.7,-103.1,-95.5,-86.7,-73.3,-57.2,-39.1,-20.0,0.0,21.0,42.0,63.9,85.9
220,-119.0,-115.2,-110.4,-105.2,-97.0,-87.4,-73.6,-57.4,-39.2,-20.0,0.0,21.0,42.0,63.8,85.8
230,-122.5,-118.3,-113.1,-107.3,-98.5,-88.1,-73.9,-57.6,-39.3,-20.0,0.0,21.0,42.0,63.7,85.7
240,-126.0,-121.4,-115.8,-109.4,-100.0,-88.8,-74.2,-57.8,-39.4,-20.0,0.0,21.0,42.0,63.6,85.6
250,-129.5,-124.5,-118.5,-111.5,-101.5,-89.5,-74.5,-58.0,-39.5,-20.0,0.0,21.0,42.0,63.5,85.5
260,-133.0,-127.6,-121.2,-113.6,-103.0,-90.2,-74.8,-58.2,-39.6,-20.0,0.0,21.0,42.0,63.4,85.4
270,-136.5,-130.7,-123.9,-115.7,-104.5,-90.9,-75.1,-58.4,-39.7,-20.0,0.0,21.0,42.0,63.3,85.3
280,-140.0,-133.8,-126.6,-117.8,-106.0,-91.6,-75.4,-58.6,-39.8,-20.0,0.0,21.0,42.0,63.2,85.2
290,-143.5,-136.9,-129.3,-119.9,-107.5,-92.3,-75.7,-58.8,-39.9,-20.0,0.0,21.0,42.0,63.1,85.1
300,-147.0,-140.0,-132.0,-122.0,-109.0,-93.0,-76.0,-59.0,-40.0,-20.0,0.0,21.0,42.0,63.0,85.0
310,-149.1,-141.7,-133.2,-122.7,-109.4,-93.3,-76.2,-59.0,-40.0,-20.0,0.0,21.0,41.9,63.0,84.9
320,-151.2,-143.4,-134.4,-123.4,-109.8,-93.6,-76.4,-59.0,-40.0,-20.0,0.0,21.0,41.8,63.0,84.8
330,-153.3,-145.1,-135.6,-124.1,-110.2,-93.9,-76.6,-59.0,-40.0,-20.0,0.0,21.0,41.7,63.0,84.7
340,-155.4,-146.8,-136.8,-124.8,-110.6,-94.2,-76.8,-59.0,-40.0,-20.0,0.0,21.0,41.6,63.0,84.6
350,-157.5,-148.5,-138.0,-125.5,-111.0,-94.5,-77.0,-59.0,-40.0,-20.0,0.0,21.0,41.5,63.0,84.5
360,-159.6,-150.2,-139.2,-126.2,-111.4,-94.8,-77.2,-59.0,-40.0,-20.0,0.0,21.0,41.4,63.0,84.4
370,-161.7,-151.9,-140.4,-126.9,-111.8,-95.1,-77.4,-59.0,-40.0,-20.0,0.0,21.0,41.3,63.0,84.3
380,-163.8,-153.6,-141.6,-127.6,-112.2,-95.4,-77.6,-59.0,-40.0,-20.0,0.0,21.0,41.2,63.0,84.2
390,-165.9,-155.3,-142.8,-128.3,-112.6,-95.7,-77.8,-59.0,-40.0,-20.0,0.0,21.0,41.1,63.0,84.1
400,-168.0,-157.0,-144.0,-129.0,-113.0,-96.0,-78.0,-59.0,-40.0,-20.0,0.0,21.0,41.0,63.0,84.0
410,-169.1,-157.8,-144.5,-129.3,-113.2,-96.1,-78.1,-59.1,-40.0,-20.0,0.0,21.0,41.0,62.9,84.0
420,-170.2,-158.6,-145.0,-129.6,-113.4,-96.2,-78.2,-59.2,-40.0,-20.0,0.0,21.0,41.0,62.8,84.0
430,-171.3,-159.4,-145.5,-129.9,-113.6,-96.3,-78.3,-59.3,-40.0,-20.0,0.0,21.0,41.0,62.7,84.0
440,-172.4,-160.2,-146.0,-130.2,-113.8,-96.4,-78.4,-59.4,-40.0,-20.0,0.0,21.0,41.0,62.6,84.0
450,-173.5,-161.0,-146.5,-130.5,-114.0,-96.5,-78.5,-59.5,-40.0,-20.0,0.0,21.0,41.0,62.5,84.0
460,-174.6,-161.8,-147.0,-130.8,-114.2,-96.6,-78.6,-59.6,-40.0,-20.0,0.0,21.0,41.0,62.4,84.0
470,-175.7,-162.6,-147.5,-131.1,-114.4,-96.7,-78.7,-59.7,-40.0,-20.0,0.0,21.0,41.0,62.3,84.0
480,-176.8,-163.4,-148.0,-131.4,-114.6,-96.8,-78.8,-59.8,-40.0,-20.0,0.0,21.0,41.0,62.2,84.0
490,-177.9,-164.2,-148.5,-131.7,-114.8,-96.9,-78.9,-59.9,-40.0,-20.0,0.0,21.0,41.0,62.1,84.0
500,-179.0,-165.0,-149.0,-132.0,-115.0,-97.0,-79.0,-60.0,-40.0,-20.0,0.0,21.0,41.0,62.0,84.0
510,-179.28,-165.2,-149.16,-132.12,-115.08,-97.06,-79.02,-60.0,-40.0,-20.0,0.0,20.98,41.0,62.0,83.98
520,-179.56,-165.4,-149.32,-132.24,-115.16,-97.12,-79.04,-60.0,-40.0,-20.0,0.0,20.96,41.0,62.0,83.96
530,-179.84,-165.6,-149.48,-132.36,-115.24,-97.18,-79.06,-60.0,-40.0,-20.0,0.0,20.94,41.0,62.0,83.94
540,-180.12,-165.8,-149.64,-132.48,-115.32,-97.24,-79.08,-60.0,-40.0,-20.0,0.0,20.92,41.0,62.0,83.92
550,-180.4,-166.0,-149.8,-132.6,-115.4,-97.3,-79.1,-60.0,-40.0,-20.0,0.0,20.9,41.0,62.0,83.9
560,-180.68,-166.2,-149.96,-132.72,-115.48,-97.36,-79.12,-60.0,-40.0,-20.0,0.0,20.88,41.0,62.0,83.88
570,-180.96,-166.4,-150.12,-132.84,-115.56,-97.42,-79.14,-60.0,-40.0,-20.0,0.0,20.86,41.0,62.0,83.86
580,-181.24,-166.6,-150.28,-132.96,-115.64,-97.48,-79.16,-60.0,-40.0,-20.0,0.0,20.84,41.0,62.0,83.84
590,-181.52,-166.8,-150.44,-133.08,-115.72,-97.54,-79.18,-60.0,-40.0,-20.0,0.0,20.82,41.0,62.0,83.82
600,-181.8,-167.0,-150.6,-133.2,-115.8,-97.6,-79.2,-60.0,-40.0,-20.0,0.0,20.8,41.0,62.0,83.8
610,-182.08,-167.2,-150.76,-133.32,-115.88,-97.66,-79.22,-60.0,-40.0,-20.0,0.0,20.78,41.0,62.0,83.78
620,-182.36,-167.4,-150.92,-133.44,-115.96,-97.72,-79.24,-60.0,-40.0,-20.0,0.0,20.76,41.0,62.0,83.76
630,-182.64,-167.6,-151.08,-133.56,-116.04,-97.78,-79.26,-60.0,-40.0,-20.0,0.0,20.74,41.0,62.0,83.74
640,-182.92,-167.8,-151.24,-133.68,-116.12,-97.84,-79.28,-60.0,-40.0,-20.0,0.0,20.72,41.0,62.0,83.72
650,-183.2,-168.0,-151.4,-133.8,-116.2,-97.9,-79.3,-60.0,-40.0,-20.0,0.0,20.7,41.0,62.0,83.7
660,-183.48,-168.2,-151.56,-133.92,-116.28,-97.96,-79.32,-60.0,-40.0,-20.0,0.0,20.68,41.0,62.0,83.68
670,-183.76,-168.4,-151.72,-134.04,-116.36,-98.02,-79.34,-60.0,-40.0,-20.0,0.0,20.66,41.0,62.0,83.66
680,-184.04,-168.6,-151.88,-134.16,-116.44,-98.08,-79.36,-60.0,-40.0,-20.0,0.0,20.64,41.0,62.0,83.64
690,-184.32,-168.8,-152.04,-134.28,-116.52,-98.14,-79.38,-60.0,-40.0,-20.0,0.0,20.62,41.0,62.0,83.62
700,-184.6,-169.0,-152.2,-134.4,-116.6,-98.2,-79.4,-60.0,-40.0,-20.0,0.0,20.6,41.0,62.0,83.6
710,-184.88,-169.2,-152.36,-134.52,-116.68,-98.26,-79.42,-60.0,-40.0,-20.0,0.0,20.58,41.0,62.0,83.58
720,-185.16,-169.4,-152.52,-134.64,-116.76,-98.32,-79.44,-60.0,-40.0,-20.0,0.0,20.56,41.0,62.0,83.56
730,-185.44,-169.6,-152.68,-134.76,-116.84,-98.38,-79.46,-60.0,-40.0,-20.0,0.0,20.54,41.0,62.0,83.54
740,-185.72,-169.8,-152.84,-134.88,-116.92,-98.44,-79.48,-60.0,-40.0,-20.0,0.0,20.52,41.0,62.0,83.52
750,-186.0,-170.0,-153.0,-135.0,-117.0,-98.5,-79.5,-60.0,-40.0,-20.0,0.0,20.5,41.0,62.0,83.5
760,-186.28,-170.2,-153.16,-135.12,-117.08,-98.56,-79.52,-60.0,-40.0,-20.0,0.0,20.48,41.0,62.0,83.48
770,-186.56,-170.4,-153.32,-135.24,-117.16,-98.62,-79.54,-60.0,-40.0,-20.0,0.0,20.46,41.0,62.0,83.46
780,-186.84,-170.6,-153.48,-135.36,-117.24,-98.68,-79.56,-60.0,-40.0,-20.0,0.0,20.44,41.0,62.0,83.44
790,-187.12,-170.8,-153.64,-135.48,-117.32,-98.74,-79.58,-60.0,-40.0,-20.0,0.0,20.42,41.0,62.0,83.42
800,-187.4,-171.0,-153.8,-135.6,-117.4,-98.8,-79.6,-60.0,-40.0,-20.0,0.0,20.4,41.0,62.0,83.4
810,-187.68,-171.2,-153.96,-135.72,-117.48,-98.86,-79.62,-60.0,-40.0,-20.0,0.0,20.38,41.0,62.0,83.38
820,-187.96,-171.4,-154.12,-135.84,-117.56,-98.92,-79.64,-60.0,-40.0,-20.0,0.0,20.36,41.0,62.0,83.36
830,-188.24,-171.6,-154.28,-135.96,-117.64,-98.98,-79.66,-60.0,-40.0,-20.0,0.0,20.34,41.0,62.0,83.34
840,-188.52,-171.8,-154.44,-136.08,-117.72,-99.04,-79.68,-60.0,-40.0,-20.0,0.0,20.32,41.0,62.0,83.32
850,-188.8,-172.0,-154.6,-136.2,-117.8,-99.1,-79.7,-60.0,-40.0,-20.0,0.0,20.3,41.0,62.0,83.3
860,-189.08,-172.2,-154.76,-136.32,-117.88,-99.16,-79.72,-60.0,-40.0,-20.0,0.0,20.28,41.0,62.0,83.28
870,-189.36,-172.4,-154.92,-136.44,-117.96,-99.22,-79.74,-60.0,-40.0,-20.0,0.0,20.26,41.0,62.0,83.26
880,-189.64,-172.6,-155.08,-136.56,-118.04,-99.28,-79.76,-60.0,-40.0,-20.0,0.0,20.24,41.0,62.0,83.24
890,-189.92000000000002,-172.8,-155.24,-136.68,-118.12,-99.34,-79.78,-60.0,-40.0,-20.0,0.0,20.22,41.0,62.0,83.22
900,-190.2,-173.0,-155.4,-136.8,-118.2,-99.4,-79.8,-60.0,-40.0,-20.0,0.0,20.2,41.0,62.0,83.2
910,-190.48,-173.2,-155.56,-136.92,-118.28,-99.46,-79.82,-60.0,-40.0,-20.0,0.0,20.18,41.0,62.0,83.18
920,-190.76,-173.4,-155.72,-137.04,-118.36,-99.52,-79.84,-60.0,-40.0,-20.0,0.0,20.16,41.0,62.0,83.16
930,-191.04,-173.6,-155.88,-137.16,-118.44,-99.58,-79.86,-60.0,-40.0,-20.0,0.0,20.14,41.0,62.0,83.14
940,-191.32,-173.8,-156.04,-137.28,-118.52,-99.64,-79.88,-60.0,-40.0,-20.0,0.0,20.12,41.0,62.0,83.12
950,-191.6,-174.0,-156.2,-137.4,-118.6,-99.7,-79.9,-60.0,-40.0,-20.0,0.0,20.1,41.0,62.0,83.1
960,-191.88,-174.2,-156.36,-137.52,-118.68,-99.76,-79.92,-60.0,-40.0,-20.0,0.0,20.08,41.0,62.0,83.08
970,-192.16,-174.4,-156.52,-137.64,-118.76,-99.82,-79.94,-60.0,-40.0,-20.0,0.0,20.06,41.0,62.0,83.06
980,-192.44,-174.6,-156.68,-137.76,-118.84,-99.88,-79.96,-60.0,-40.0,-20.0,0.0,20.04,41.0,62.0,83.04
990,-192.72,-174.8,-156.84,-137.88,-118.92,-99.94,-79.98,-60.0,-40.0,-20.0,0.0,20.02,41.0,62.0,83.02
1000,-193.0,-175.0,-157.0,-138.0,-119.0,-100.0,-80.0,-60.0,-40.0,-20.0,0.0,20.0,41.0,62.0,83.0
1010,-193.08,-175.06,-157.04,-138.02,-119.02,-100.0,-80.02,-60.02,-40.02,-20.0,0.0,20.0,41.0,62.0,83.0
1020,-193.16,-175.12,-157.08,-138.04,-119.04,-100.0,-80.04,-60.04,-40.04,-20.0,0.0,20.0,41.0,62.0,83.0
1030,-193.24,-175.18,-157.12,-138.06,-119.06,-100.0,-80.06,-60.06,-40.06,-20.0,0.0,20.0,41.0,62.0,83.0
1040,-193.32,-175.24,-157.16,-138.08,-119.08,-100.0,-80.08,-60.08,-40.08,-20.0,0.0,20.0,41.0,62.0,83.0
1050,-193.4,-175.3,-157.2,-138.1,-119.1,-100.0,-80.1,-60.1,-40.1,-20.0,0.0,20.0,41.0,62.0,83.0
1060,-193.48,-175.36,-157.24,-138.12,-119.12,-100.0,-80.12,-60.12,-40.12,-20.0,0.0,20.0,41.0,62.0,83.0
1070,-193.56,-175.42,-157.28,-138.14,-119.14,-100.0,-80.14,-60.14,-40.14,-20.0,0.0,20.0,41.0,62.0,83.0
1080,-193.64,-175.48,-157.32,-138.16,-119.16,-100.0,-80.16,-60.16,-40.16,-20.0,0.0,20.0,41.0,62.0,83.0
1090,-193.72,-175.54,-157.36,-138.18,-119.18,-100.0,-80.18,-60.18,-40.18,-20.0,0.0,20.0,41.0,62.0,83.0
1100,-193.8,-175.6,-157.4,-138.2,-119.2,-100.0,-80.2,-60.2,-40.2,-20.0,0.0,20.0,41.0,62.0,83.0
1110,-193.88,-175.66,-157.44,-138.22,-119.22,-100.0,-80.22,-60.22,-40.22,-20.0,0.0,20.0,41.0,62.0,83.0
1120,-193.96,-175.72,-157.48,-138.24,-119.24,-100.0,-80.24,-60.24,-40.24,-20.0,0.0,20.0,41.0,62.0,83.0
1130,-194.04,-175.78,-157.52,-138.26,-119.26,-100.0,-80.26,-60.26,-40.26,-20.0,0.0,20.0,41.0,62.0,83.0
1140,-194.12,-175.84,-157.56,-138.28,-119.28,-100.0,-80.28,-60.28,-40.28,-20.0,0.0,20.0,41.0,62.0,83.0
1150,-194.2,-175.9,-157.6,-138.3,-119.3,-100.0,-80.3,-60.3,-40.3,-20.0,0.0,20.0,41.0,62.0,83.0
1160,-194.28,-175.96,-157.64,-138.32,-119.32,-100.0,-80.32,-60.32,-40.32,-20.0,0.0,20.0,41.0,62.0,83.0
1170,-194.36,-176.02,-157.68,-138.34,-119.34,-100.0,-80.34,-60.34,-40.34,-20.0,0.0,20.0,41.0,62.0,83.0
1180,-194.44,-176.08,-157.72,-138.36,-119.36,-100.0,-80.36,-60.36,-40.36,-20.0,0.0,20.0,41.0,62.0,83.0
1190,-194.52,-176.14,-157.76,-138.38,-119.38,-100.0,-80.38,-60.38,-40.38,-20.0,0.0,20.0,41.0,62.0,83.0
1200,-194.6,-176.2,-157.8,-138.4,-119.4,-100.0,-80.4,-60.4,-40.4,-20.0,0.0,20.0,41.0,62.0,83.0
1210,-194.68,-176.26,-157.84,-138.42,-119.42,-100.0,-80.42,-60.42,-40.42,-20.0,0.0,20.0,41.0,62.0,83.0
1220,-194.76,-176.32,-157.88,-138.44,-119.44,-100.0,-80.44,-60.44,-40.44,-20.0,0.0,20.0,41.0,62.0,83.0
1230,-194.84,-176.38,-157.92,-138.46,-119.46,-100.0,-80.46,-60.46,-40.46,-20.0,0.0,20.0,41.0,62.0,83.0
1240,-194.92,-176.44,-157.96,-138.48,-119.48,-100.0,-80.48,-60.48,-40.48,-20.0,0.0,20.0,41.0,62.0,83.0
1250,-195.0,-176.5,-158.0,-138.5,-119.5,-100.0,-80.5,-60.5,-40.5,-20.0,0.0,20.0,41.0,62.0,83.0
1260,-195.08,-176.56,-158.04,-138.52,-119.52,-100.0,-80.52,-60.52,-40.52,-20.0,0.0,20.0,41.0,62.0,83.0
1270,-195.16,-176.62,-158.08,-138.54,-119.54,-100.0,-80.54,-60.54,-40.54,-20.0,0.0,20.0,41.0,62.0,83.0
1280,-195.24,-176.68,-158.12,-138.56,-119.56,-100.0,-80.56,-60.56,-40.56,-20.0,0.0,20.0,41.0,62.0,83.0
1290,-195.32,-176.74,-158.16,-138.58,-119.58,-100.0,-80.58,-60.58,-40.58,-20.0,0.0,20.0,41.0,62.0,83.0
1300,-195.4,-176.8,-158.2,-138.6,-119.6,-100.0,-80.6,-60.6,-40.6,-20.0,0.0,20.0,41.0,62.0,83.0
1310,-195.48,-176.86,-158.24,-138.62,-119.62,-100.0,-80.62,-60.62,-40.62,-20.0,0.0,20.0,41.0,62.0,83.0
1320,-195.56,-176.92,-158.28,-138.64,-119.64,-100.0,-80.64,-60.64,-40.64,-20.0,0.0,20.0,41.0,62.0,83.0
1330,-195.64,-176.98,-158.32,-138.66,-119.66,-100.0,-80.66,-60.66,-40.66,-20.0,0.0,20.0,41.0,62.0,83.0
1340,-195.72,-177.04,-158.36,-138.68,-119.68,-100.0,-80.68,-60.68,-40.68,-20.0,0.0,20.0,41.0,62.0,83.0
1350,-195.8,-177.1,-158.4,-138.7,-119.7,-100.0,-80.7,-60.7,-40.7,-20.0,0.0,20.0,41.0,62.0,83.0
1360,-195.88,-177.16,-158.44,-138.72,-119.72,-100.0,-80.72,-60.72,-40.72,-20.0,0.0,20.0,41.0,62.0,83.0
1370,-195.96,-177.22,-158.48,-138.74,-119.74,-100.0,-80.74,-60.74,-40.74,-20.0,0.0,20.0,41.0,62.0,83.0
1380,-196.04,-177.28,-158.52,-138.76,-119.76,-100.0,-80.76,-60.76,-40.76,-20.0,0.0,20.0,41.0,62.0,83.0
1390,-196.12,-177.34,-158.56,-138.78,-119.78,-100.0,-80.78,-60.78,-40.78,-20.0,0.0,20.0,41.0,62.0,83.0
1400,-196.2,-177.4,-158.6,-138.8,-119.8,-100.0,-80.8,-60.8,-40.8,-20.0,0.0,20.0,41.0,62.0,83.0
1410,-196.28,-177.46,-158.64,-138.82,-119.82,-100.0,-80.82,-60.82,-40.82,-20.0,0.0,20.0,41.0,62.0,83.0
1420,-196.36,-177.52,-158.68,-138.84,-119.84,-100.0,-80.84,-60.84,-40.84,-20.0,0.0,20.0,41.0,62.0,83.0
1430,-196.44,-177.58,-158.72,-138.86,-119.86,-100.0,-80.86,-60.86,-40.86,-20.0,0.0,20.0,41.0,62.0,83.0
1440,-196.52,-177.64,-158.76,-138.88,-119.88,-100.0,-80.88,-60.88,-40.88,-20.0,0.0,20.0,41.0,62.0,83.0
1450,-196.6,-177.7,-158.8,-138.9,-119.9,-100.0,-80.9,-60.9,-40.9,-20.0,0.0,20.0,41.0,62.0,83.0
1460,-196.68,-177.76,-158.84,-138.92,-119.92,-100.0,-80.92,-60.92,-40.92,-20.0,0.0,20.0,41.0,62.0,83.0
1470,-196.76,-177.82,-158.88,-138.94,-119.94,-100.0,-80.94,-60.94,-40.94,-20.0,0.0,20.0,41.0,62.0,83.0
1480,-196.84,-177.88,-158.92,-138.96,-119.96,-100.0,-80.96,-60.96,-40.96,-20.0,0.0,20.0,41.0,62.0,83.0
1490,-196.92,-177.94,-158.96,-138.98,-119.98,-100.0,-80.98,-60.98,-40.98,-20.0,0.0,20.0,41.0,62.0,83.0
1500,-197.0,-178.0,-159.0,-139.0,-120.0,-100.0,-81.0,-61.0,-41.0,-20.0,0.0,20.0,41.0,62.0,83.0
1510,-197.04,-178.02,-159.02,-139.02,-120.02,-100.02,-81.0,-61.0,-41.0,-20.0,0.0,20.0,41.0,62.0,82.98
1520,-197.08,-178.04,-159.04,-139.04,-120.04,-100.04,-81.0,-61.0,-41.0,-20.0,0.0,20.0,41.0,62.0,82.96
1530,-197.12,-178.06,-159.06,-139.06,-120.06,-100.06,-81.0,-61.0,-41.0,-20.0,0.0,20.0,41.0,62.0,82.94
1540,-197.16,-178.08,-159.08,-139.08,-120.08,-100.08,-81.0,-61.0,-41.0,-20.0,0.0,20.0,41.0,62.0,82.92
1550,-197.2,-178.1,-159.1,-139.1,-120.1,-100.1,-81.0,-61.0,-41.0,-20.0,0.0,20.0,41.0,62.0,82.9
1560,-197.24,-178.12,-159.12,-139.12,-120.12,-100.12,-81.0,-61.0,-41.0,-20.0,0.0,20.0,41.0,62.0,82.88
1570,-197.28,-178.14,-159.14,-139.14,-120.14,-100.14,-81.0,-61.0,-41.0,-20.0,0.0,20.0,41.0,62.0,82.86
1580,-197.32,-178.16,-159.16,-139.16,-120.16,-100.16,-81.0,-61.0,-41.0,-20.0,0.0,20.0,41.0,62.0,82.84
1590,-197.36,-178.18,-159.18,-139.18,-120.18,-100.18,-81.0,-61.0,-41.0,-20.0,0.0,20.0,41.0,62.0,82.82
1600,-197.4,-178.2,-159.2,-139.2,-120.2,-100.2,-81.0,-61.0,-41.0,-20.0,0.0,20.0,41.0,62.0,82.8
1610,-197.44,-178.22,-159.22,-139.22,-120.22,-100.22,-81.0,-61.0,-41.0,-20.0,0.0,20.0,41.0,62.0,82.78
1620,-197.48,-178.24,-159.24,-139.24,-120.24,-100.24,-81.0,-61.0,-41.0,-20.0,0.0,20.0,41.0,62.0,82.76
1630,-197.52,-178.26,-159.26,-139.26,-120.26,-100.26,-81.0,-61.0,-41.0,-20.0,0.0,20.0,41.0,62.0,82.74
1640,-197.56,-178.28,-159.28,-139.28,-120.28,-100.28,-81.0,-61.0,-41.0,-20.0,0.0,20.0,41.0,62.0,82.72
1650,-197.6,-178.3,-159.3,-139.3,-120.3,-100.3,-81.0,-61.0,-41.0,-20.0,0.0,20.0,41.0,62.0,82.7
1660,-197.64,-178.32,-159.32,-139.32,-120.32,-100.32,-81.0,-61.0,-41.0,-20.0,0.0,20.0,41.0,62.0,82.68
1670,-197.68,-178.34,-159.34,-139.34,-120.34,-100.34,-81.0,-61.0,-41.0,-20.0,0.0,20.0,41.0,62.0,82.66
1680,-197.72,-178.36,-159.36,-139.36,-120.36,-100.36,-81.0,-61.0,-41.0,-20.0,0.0,20.0,41.0,62.0,82.64
1690,-197.76,-178.38,-159.38,-139.38,-120.38,-100.38,-81.0,-61.0,-41.0,-20.0,0.0,20.0,41.0,62.0,82.62
1700,-197.8,-178.4,-159.4,-139.4,-120.4,-100.4,-81.0,-61.0,-41.0,-20.0,0.0,20.0,41.0,62.0,82.6
1710,-197.84,-178.42,-159.42,-139.42,-120.42,-100.42,-81.0,-61.0,-41.0,-20.0,0.0,20.0,41.0,62.0,82.58
1720,-197.88,-178.44,-159.44,-139.44,-120.44,-100.44,-81.0,-61.0,-41.0,-20.0,0.0,20.0,41.0,62.0,82.56
1730,-197.92,-178.46,-159.46,-139.46,-120.46,-100.46,-81.0,-61.0,-41.0,-20.0,0.0,20.0,41.0,62.0,82.54
1740,-197.96,-178.48,-159.48,-139.48,-120.48,-100.48,-81.0,-61.0,-41.0,-20.0,0.0,20.0,41.0,62.0,82.52
1750,-198.0,-178.5,-159.5,-139.5,-120.5,-100.5,-81.0,-61.0,-41.0,-20.0,0.0,20.0,41.0,62.0,82.5
1760,-198.04,-178.52,-159.52,-139.52,-120.52,-100.52,-81.0,-61.0,-41.0,-20.0,0.0,20.0,41.0,62.0,82.48
1770,-198.08,-178.54,-159.54,-139.54,-120.54,-100.54,-81.0,-61.0,-41.0,-20.0,0.0,20.0,41.0,62.0,82.46
1780,-198.12,-178.56,-159.56,-139.56,-120.56,-100.56,-81.0,-61.0,-41.0,-20.0,0.0,20.0,41.0,62.0,82.44
1790,-198.16,-178.58,-159.58,-139.58,-120.58,-100.58,-81.0,-61.0,-41.0,-20.0,0.0,20.0,41.0,62.0,82.42
1800,-198.2,-178.6,-159.6,-139.6,-120.6,-100.6,-81.0,-61.0,-41.0,-20.0,0.0,20.0,41.0,62.0,82.4
1810,-198.24,-178.62,-159.62,-139.62,-120.62,-100.62,-81.0,-61.0,-41.0,-20.0,0.0,20.0,41.0,62.0,82.38
1820,-198.28,-178.64,-159.64,-139.64,-120.64,-100.64,-81.0,-61.0,-41.0,-20.0,0.0,20.0,41.0,62.0,82.36
1830,-198.32,-178.66,-159.66,-139.66,-120.66,-100.66,-81.0,-61.0,-41.0,-20.0,0.0,20.0,41.0,62.0,82.34
1840,-198.36,-178.68,-159.68,-139.68,-120.68,-100.68,-81.0,-61.0,-41.0,-20.0,0.0,20.0,41.0,62.0,82.32
1850,-198.4,-178.7,-159.7,-139.7,-120.7,-100.7,-81.0,-61.0,-41.0,-20.0,0.0,20.0,41.0,62.0,82.3
1860,-198.44,-178.72,-159.72,-139.72,-120.72,-100.72,-81.0,-61.0,-41.0,-20.0,0.0,20.0,41.0,62.0,82.28
1870,-198.48,-178.74,-159.74,-139.74,-120.74,-100.74,-81.0,-61.0,-41.0,-20.0,0.0,20.0,41.0,62.0,82.26
1880,-198.52,-178.76,-159.76,-139.76,-120.76,-100.76,-81.0,-61.0,-41.0,-20.0,0.0,20.0,41.0,62.0,82.24
1890,-198.56,-178.78,-159.78,-139.78,-120.78,-100.78,-81.0,-61.0,-41.0,-20.0,0.0,20.0,41.0,62.0,82.22
1900,-198.6,-178.8,-159.8,-139.8,-120.8,-100.8,-81.0,-61.0,-41.0,-20.0,0.0,20.0,41.0,62.0,82.2
1910,-198.64,-178.82,-159.82,-139.82,-120.82,-100.82,-81.0,-61.0,-41.0,-20.0,0.0,20.0,41.0,62.0,82.18
1920,-198.68,-178.84,-159.84,-139.84,-120.84,-100.84,-81.0,-61.0,-41.0,-20.0,0.0,20.0,41.0,62.0,82.16
1930,-198.72,-178.86,-159.86,-139.86,-120.86,-100.86,-81.0,-61.0,-41.0,-20.0,0.0,20.0,41.0,62.0,82.14
1940,-198.76,-178.88,-159.88,-139.88,-120.88,-100.88,-81.0,-61.0,-41.0,-20.0,0.0,20.0,41.0,62.0,82.12
1950,-198.8,-178.9,-159.9,-139.9,-120.9,-100.9,-81.0,-61.0,-41.0,-20.0,0.0,20.0,41.0,62.0,82.1
1960,-198.84,-178.92,-159.92,-139.92,-120.92,-100.92,-81.0,-61.0,-41.0,-20.0,0.0,20.0,41.0,62.0,82.08
1970,-198.88,-178.94,-159.94,-139.94,-120.94,-100.94,-81.0,-61.0,-41.0,-20.0,0.0,20.0,41.0,62.0,82.06
1980,-198.92,-178.96,-159.96,-139.96,-120.96,-100.96,-81.0,-61.0,-41.0,-20.0,0.0,20.0,41.0,62.0,82.04
1990,-198.96,-178.98,-159.98,-139.98,-120.98,-100.98,-81.0,-61.0,-41.0,-20.0,0.0,20.0,41.0,62.0,82.02
2000,-199.0,-179.0,-160.0,-140.0,-121.0,-101.0,-81.0,-61.0,-41.0,-20.0,0.0,20.0,41.0,62.0,82.0
2010,-199.02,-179.02,-160.02,-140.02,-121.0,-101.0,-81.0,-61.0,-41.0,-20.0,0.0,20.0,41.0,61.98,82.0
2020,-199.04,-179.04,-160.04,-140.04,-121.0,-101.0,-81.0,-61.0,-41.0,-20.0,0.0,20.0,41.0,61.96,82.0
2030,-199.06,-179.06,-160.06,-140.06,-121.0,-101.0,-81.0,-61.0,-41.0,-20.0,0.0,20.0,41.0,61.94,82.0
2040,-199.08,-179.08,-160.08,-140.08,-121.0,-101.0,-81.0,-61.0,-41.0,-20.0,0.0,20.0,41.0,61.92,82.0
2050,-199.1,-179.1,-160.1,-140.1,-121.0,-101.0,-81.0,-61.0,-41.0,-20.0,0.0,20.0,41.0,61.9,82.0
2060,-199.12,-179.12,-160.12,-140.12,-121.0,-101.0,-81.0,-61.0,-41.0,-20.0,0.0,20.0,41.0,61.88,82.0
2070,-199.14,-179.14,-160.14,-140.14,-121.0,-101.0,-81.0,-61.0,-41.0,-20.0,0.0,20.0,41.0,61.86,82.0
2080,-199.16,-179.16,-160.16,-140.16,-121.0,-101.0,-81.0,-61.0,-41.0,-20.0,0.0,20.0,41.0,61.84,82.0
2090,-199.18,-179.18,-160.18,-140.18,-121.0,-101.0,-81.0,-61.0,-41.0,-20.0,0.0,20.0,41.0,61.82,82.0
2100,-199.2,-179.2,-160.2,-140.2,-121.0,-101.0,-81.0,-61.0,-41.0,-20.0,0.0,20.0,41.0,61.8,82.0
2110,-199.22,-179.22,-160.22,-140.22,-121.0,-101.0,-81.0,-61.0,-41.0,-20.0,0.0,20.0,41.0,61.78,82.0
2120,-199.24,-179.24,-160.24,-140.24,-121.0,-101.0,-81.0,-61.0,-41.0,-20.0,0.0,20.0,41.0,61.76,82.0
2130,-199.26,-179.26,-160.26,-140.26,-121.0,-101.0,-81.0,-61.0,-41.0,-20.0,0.0,20.0,41.0,61.74,82.0
2140,-199.28,-179.28,-160.28,-140.28,-121.0,-101.0,-81.0,-61.0,-41.0,-20.0,0.0,20.0,41.0,61.72,82.0
2150,-199.3,-179.3,-160.3,-140.3,-121.0,-101.0,-81.0,-61.0,-41.0,-20.0,0.0,20.0,41.0,61.7,82.0
2160,-199.32,-179.32,-160.32,-140.32,-121.0,-101.0,-81.0,-61.0,-41.0,-20.0,0.0,20.0,41.0,61.68,82.0
2170,-199.34,-179.34,-160.34,-140.34,-121.0,-101.0,-81.0,-61.0,-41.0,-20.0,0.0,20.0,41.0,61.66,82.0
2180,-199.36,-179.36,-160.36,-140.36,-121.0,-101.0,-81.0,-61.0,-41.0,-20.0,0.0,20.0,41.0,61.64,82.0
2190,-199.38,-179.38,-160.38,-140.38,-121.0,-101.0,-81.0,-61.0,-41.0,-20.0,0.0,20.0,41.0,61.62,82.0
2200,-199.4,-179.4,-160.4,-140.4,-121.0,-101.0,-81.0,-61.0,-41.0,-20.0,0.0,20.0,41.0,61.6,82.0
2210,-199.42,-179.42,-160.42,-140.42,-121.0,-101.0,-81.0,-61.0,-41.0,-20.0,0.0,20.0,41.0,61.58,82.0
2220,-199.44,-179.44,-160.44,-140.44,-121.0,-101.0,-81.0,-61.0,-41.0,-20.0,0.0,20.0,41.0,61.56,82.0
2230,-199.46,-179.46,-160.46,-140.46,-121.0,-101.0,-81.0,-61.0,-41.0,-20.0,0.0,20.0,41.0,61.54,82.0
2240,-199.48,-179.48,-160.48,-140.48,-121.0,-101.0,-81.0,-61.0,-41.0,-20.0,0.0,20.0,41.0,61.52,82.0
2250,-199.5,-179.5,-160.5,-140.5,-121.0,-101.0,-81.0,-61.0,-41.0,-20.0,0.0,20.0,41.0,61.5,82.0
2260,-199.52,-179.52,-160.52,-140.52,-121.0,-101.0,-81.0,-61.0,-41.0,-20.0,0.0,20.0,41.0,61.48,82.0
2270,-199.54,-179.54,-160.54,-140.54,-121.0,-101.0,-81.0,-61.0,-41.0,-20.0,0.0,20.0,41.0,61.46,82.0
2280,-199.56,-179.56,-160.56,-140.56,-121.0,-101.0,-81.0,-61.0,-41.0,-20.0,0.0,20.0,41.0,61.44,82.0
2290,-199.58,-179.58,-160.58,-140.58,-121.0,-101.0,-81.0,-61.0,-41.0,-20.0,0.0,20.0,41.0,61.42,82.0
2300,-199.6,-179.6,-160.6,-140.6,-121.0,-101.0,-81.0,-61.0,-41.0,-20.0,0.0,20.0,41.0,61.4,82.0
2310,-199.62,-179.62,-160.62,-140.62,-121.0,-101.0,-81.0,-61.0,-41.0,-20.0,0.0,20.0,41.0,61.38,82.0
2320,-199.64,-179.64,-160.64,-140.64,-121.0,-101.0,-81.0,-61.0,-41.0,-20.0,0.0,20.0,41.0,61.36,82.0
2330,-199.66,-179.66,-160.66,-140.66,-121.0,-101.0,-81.0,-61.0,-41.0,-20.0,0.0,20.0,41.0,61.34,82.0
2340,-199.68,-179.68,-160.68,-140.68,-121.0,-101.0,-81.0,-61.0,-41.0,-20.0,0.0,20.0,41.0,61.32,82.0
2350,-199.7,-179.7,-160.7,-140.7,-121.0,-101.0,-81.0,-61.0,-41.0,-20.0,0.0,20.0,41.0,61.3,82.0
2360,-199.72,-179.72,-160.72,-140.72,-121.0,-101.0,-81.0,-61.0,-41.0,-20.0,0.0,20.0,41.0,61.28,82.0
2370,-199.74,-179.74,-160.74,-140.74,-121.0,-101.0,-81.0,-61.0,-41.0,-20.0,0.0,20.0,41.0,61.26,82.0
2380,-199.76,-179.76,-160.76,-140.76,-121.0,-101.0,-81.0,-61.0,-41.0,-20.0,0.0,20.0,41.0,61.24,82.0
2390,-199.78,-179.78,-160.78,-140.78,-121.0,-101.0,-81.0,-61.0,-41.0,-20.0,0.0,20.0,41.0,61.22,82.0
2400,-199.8,-179.8,-160.8,-140.8,-121.0,-101.0,-81.0,-61.0,-41.0,-20.0,0.0,20.0,41.0,61.2,82.0
2410,-199.82,-179.82,-160.82,-140.82,-121.0,-101.0,-81.0,-61.0,-41.0,-20.0,0.0,20.0,41.0,61.18,82.0
2420,-199.84,-179.84,-160.84,-140.84,-121.0,-101.0,-81.0,-61.0,-41.0,-20.0,0.0,20.0,41.0,61.16,82.0
2430,-199.86,-179.86,-160.86,-140.86,-121.0,-101.0,-81.0,-61.0,-41.0,-20.0,0.0,20.0,41.0,61.14,82.0
2440,-199.88,-179.88,-160.88,-140.88,-121.0,-101.0,-81.0,-61.0,-41.0,-20.0,0.0,20.0,41.0,61.12,82.0
2450,-199.9,-179.9,-160.9,-140.9,-121.0,-101.0,-81.0,-61.0,-41.0,-20.0,0.0,20.0,41.0,61.1,82.0
2460,-199.92,-179.92,-160.92,-140.92,-121.0,-101.0,-81.0,-61.0,-41.0,-20.0,0.0,20.0,41.0,61.08,82.0
2470,-199.94,-179.94,-160.94,-140.94,-121.0,-101.0,-81.0,-61.0,-41.0,-20.0,0.0,20.0,41.0,61.06,82.0
2480,-199.96,-179.96,-160.96,-140.96,-121.0,-101.0,-81.0,-61.0,-41.0,-20.0,0.0,20.0,41.0,61.04,82.0
2490,-199.98,-179.98,-160.98,-140.98,-121.0,-101.0,-81.0,-61.0,-41.0,-20.0,0.0,20.0,41.0,61.02,82.0
2500,-200.0,-180.0,-161.0,-141.0,-121.0,-101.0,-81.0,-61.0,-41.0,-20.0,0.0,20.0,41.0,61.0,82.0
2510,-200.02,-180.02,-161.0,-141.0,-121.0,-101.0,-81.0,-61.0,-41.0,-20.0,0.0,20.0,41.0,61.0,82.0
2520,-200.04,-180.04,-161.0,-141.0,-121.0,-101.0,-81.0,-61.0,-41.0,-20.0,0.0,20.0,41.0,61.0,82.0
2530,-200.06,-180.06,-161.0,-141.0,-121.0,-101.0,-81.0,-61.0,-41.0,-20.0,0.0,20.0,41.0,61.0,82.0
2540,-200.08,-180.08,-161.0,-141.0,-121.0,-101.0,-81.0,-61.0,-41.0,-20.0,0.0,20.0,41.0,61.0,82.0
2550,-200.1,-180.1,-161.0,-141.0,-121.0,-101.0,-81.0,-61.0,-41.0,-20.0,0.0,20.0,41.0,61.0,82.0
2560,-200.12,-180.12,-161.0,-141.0,-121.0,-101.0,-81.0,-61.0,-41.0,-20.0,0.0,20.0,41.0,61.0,82.0
2570,-200.14,-180.14,-161.0,-141.0,-121.0,-101.0,-81.0,-61.0,-41.0,-20.0,0.0,20.0,41.0,61.0,82.0
2580,-200.16,-180.16,-161.0,-141.0,-121.0,-101.0,-81.0,-61.0,-41.0,-20.0,0.0,20.0,41.0,61.0,82.0
2590,-200.18,-180.18,-161.0,-141.0,-121.0,-101.0,-81.0,-61.0,-41.0,-20.0,0.0,20.0,41.0,61.0,82.0
2600,-200.2,-180.2,-161.0,-141.0,-121.0,-101.0,-81.0,-61.0,-41.0,-20.0,0.0,20.0,41.0,61.0,82.0
2610,-200.22,-180.22,-161.0,-141.0,-121.0,-101.0,-81.0,-61.0,-41.0,-20.0,0.0,20.0,41.0,61.0,82.0
2620,-200.24,-180.24,-161.0,-141.0,-121.0,-101.0,-81.0,-61.0,-41.0,-20.0,0.0,20.0,41.0,61.0,82.0
2630,-200.26,-180.26,-161.0,-141.0,-121.0,-101.0,-81.0,-61.0,-41.0,-20.0,0.0,20.0,41.0,61.0,82.0
2640,-200.28,-180.28,-161.0,-141.0,-121.0,-101.0,-81.0,-61.0,-41.0,-20.0,0.0,20.0,41.0,61.0,82.0
2650,-200.3,-180.3,-161.0,-141.0,-121.0,-101.0,-81.0,-61.0,-41.0,-20.0,0.0,20.0,41.0,61.0,82.0
2660,-200.32,-180.32,-161.0,-141.0,-121.0,-101.0,-81.0,-61.0,-41.0,-20.0,0.0,20.0,41.0,61.0,82.0
2670,-200.34,-180.34,-161.0,-141.0,-121.0,-101.0,-81.0,-61.0,-41.0,-20.0,0.0,20.0,41.0,61.0,82.0
2680,-200.36,-180.36,-161.0,-141.0,-121.0,-101.0,-81.0,-61.0,-41.0,-20.0,0.0,20.0,41.0,61.0,82.0
2690,-200.38,-180.38,-161.0,-141.0,-121.0,-101.0,-81.0,-61.0,-41.0,-20.0,0.0,20.0,41.0,61.0,82.0
2700,-200.4,-180.4,-161.0,-141.0,-121.0,-101.0,-81.0,-61.0,-41.0,-20.0,0.0,20.0,41.0,61.0,82.0
2710,-200.42,-180.42,-161.0,-141.0,-121.0,-101.0,-81.0,-61.0,-41.0,-20.0,0.0,20.0,41.0,61.0,82.0
2720,-200.44,-180.44,-161.0,-141.0,-121.0,-101.0,-81.0,-61.0,-41.0,-20.0,0.0,20.0,41.0,61.0,82.0
2730,-200.46,-180.46,-161.0,-141.0,-121.0,-101.0,-81.0,-61.0,-41.0,-20.0,0.0,20.0,41.0,61.0,82.0
2740,-200.48,-180.48,-161.0,-141.0,-121.0,-101.0,-81.0,-61.0,-41.0,-20.0,0.0,20.0,41.0,61.0,82.0
2750,-200.5,-180.5,-161.0,-141.0,-121.0,-101.0,-81.0,-61.0,-41.0,-20.0,0.0,20.0,41.0,61.0,82.0
2760,-200.52,-180.52,-161.0,-141.0,-121.0,-101.0,-81.0,-61.0,-41.0,-20.0,0.0,20.0,41.0,61.0,82.0
2770,-200.54,-180.54,-161.0,-141.0,-121.0,-101.0,-81.0,-61.0,-41.0,-20.0,0.0,20.0,41.0,61.0,82.0
2780,-200.56,-180.56,-161.0,-141.0,-121.0,-101.0,-81.0,-61.0,-41.0,-20.0,0.0,20.0,41.0,61.0,82.0
2790,-200.58,-180.58,-161.0,-141.0,-121.0,-101.0,-81.0,-61.0,-41.0,-20.0,0.0,20.0,41.0,61.0,82.0
2800,-200.6,-180.6,-161.0,-141.0,-121.0,-101.0,-81.0,-61.0,-41.0,-20.0,0.0,20.0,41.0,61.0,82.0
2810,-200.62,-180.62,-161.0,-141.0,-121.0,-101.0,-81.0,-61.0,-41.0,-20.0,0.0,20.0,41.0,61.0,82.0
2820,-200.64,-180.64,-161.0,-141.0,-121.0,-101.0,-81.0,-61.0,-41.0,-20.0,0.0,20.0,41.0,61.0,82.0
2830,-200.66,-180.66,-161.0,-141.0,-121.0,-101.0,-81.0,-61.0,-41.0,-20.0,0.0,20.0,41.0,61.0,82.0
2840,-200.68,-180.68,-161.0,-141.0,-121.0,-101.0,-81.0,-61.0,-41.0,-20.0,0.0,20.0,41.0,61.0,82.0
2850,-200.7,-180.7,-161.0,-141.0,-121.0,-101.0,-81.0,-61.0,-41.0,-20.0,0.0,20.0,41.0,61.0,82.0
2860,-200.72,-180.72,-161.0,-141.0,-121.0,-101.0,-81.0,-61.0,-41.0,-20.0,0.0,20.0,41.0,61.0,82.0
2870,-200.74,-180.74,-161.0,-141.0,-121.0,-101.0,-81.0,-61.0,-41.0,-20.0,0.0,20.0,41.0,61.0,82.0
2880,-200.76,-180.76,-161.0,-141.0,-121.0,-101.0,-81.0,-61.0,-41.0,-20.0,0.0,20.0,41.0,61.0,82.0
2890,-200.78,-180.78,-161.0,-141.0,-121.0,-101.0,-81.0,-61.0,-41.0,-20.0,0.0,20.0,41.0,61.0,82.0
2900,-200.8,-180.8,-161.0,-141.0,-121.0,-101.0,-81.0,-61.0,-41.0,-20.0,0.0,20.0,41.0,61.0,82.0
2910,-200.82,-180.82,-161.0,-141.0,-121.0,-101.0,-81.0,-61.0,-41.0,-20.0,0.0,20.0,41.0,61.0,82.0
2920,-200.84,-180.84,-161.0,-141.0,-121.0,-101.0,-81.0,-61.0,-41.0,-20.0,0.0,20.0,41.0,61.0,82.0
2930,-200.86,-180.86,-161.0,-141.0,-121.0,-101.0,-81.0,-61.0,-41.0,-20.0,0.0,20.0,41.0,61.0,82.0
2940,-200.88,-180.88,-161.0,-141.0,-121.0,-101.0,-81.0,-61.0,-41.0,-20.0,0.0,20.0,41.0,61.0,82.0
2950,-200.9,-180.9,-161.0,-141.0,-121.0,-101.0,-81.0,-61.0,-41.0,-20.0,0.0,20.0,41.0,61.0,82.0
2960,-200.92,-180.92,-161.0,-141.0,-121.0,-101.0,-81.0,-61.0,-41.0,-20.0,0.0,20.0,41.0,61.0,82.0
2970,-200.94,-180.94,-161.0,-141.0,-121.0,-101.0,-81.0,-61.0,-41.0,-20.0,0.0,20.0,41.0,61.0,82.0
2980,-200.96,-180.96,-161.0,-141.0,-121.0,-101.0,-81.0,-61.0,-41.0,-20.0,0.0,20.0,41.0,61.0,82.0
2990,-200.98,-180.98,-161.0,-141.0,-121.0,-101.0,-81.0,-61.0,-41.0,-20.0,0.0,20.0,41.0,61.0,82.0
3000,-201.0,-181.0,-161.0,-141.0,-121.0,-101.0,-81.0,-61.0,-41.0,-20.0,0.0,20.0,41.0,61.0,82.0
3010,-201.02,-181.02,-161.02,-141.02,-121.02,-101.0,-81.0,-61.0,-41.0,-20.0,0.0,20.0,41.0,61.0,82.0
3020,-201.04,-181.04,-161.04,-141.04,-121.04,-101.0,-81.0,-61.0,-41.0,-20.0,0.0,20.0,41.0,61.0,82.0
3030,-201.06,-181.06,-161.06,-141.06,-121.06,-101.0,-81.0,-61.0,-41.0,-20.0,0.0,20.0,41.0,61.0,82.0
3040,-201.08,-181.08,-161.08,-141.08,-121.08,-101.0,-81.0,-61.0,-41.0,-20.0,0.0,20.0,41.0,61.0,82.0
3050,-201.1,-181.1,-161.1,-141.1,-121.1,-101.0,-81.0,-61.0,-41.0,-20.0,0.0,20.0,41.0,61.0,82.0
3060,-201.12,-181.12,-161.12,-141.12,-121.12,-101.0,-81.0,-61.0,-41.0,-20.0,0.0,20.0,41.0,61.0,82.0
3070,-201.14,-181.14,-161.14,-141.14,-121.14,-101.0,-81.0,-61.0,-41.0,-20.0,0.0,20.0,41.0,61.0,82.0
3080,-201.16,-181.16,-161.16,-141.16,-121.16,-101.0,-81.0,-61.0,-41.0,-20.0,0.0,20.0,41.0,61.0,82.0
3090,-201.18,-181.18,-161.18,-141.18,-121.18,-101.0,-81.0,-61.0,-41.0,-20.0,0.0,20.0,41.0,61.0,82.0
3100,-201.2,-181.2,-161.2,-141.2,-121.2,-101.0,-81.0,-61.0,-41.0,-20.0,0.0,20.0,41.0,61.0,82.0
3110,-201.22,-181.22,-161.22,-141.22,-121.22,-101.0,-81.0,-61.0,-41.0,-20.0,0.0,20.0,41.0,61.0,82.0
3120,-201.24,-181.24,-161.24,-141.24,-121.24,-101.0,-81.0,-61.0,-41.0,-20.0,0.0,20.0,41.0,61.0,82.0
3130,-201.26,-181.26,-161.26,-141.26,-121.26,-101.0,-81.0,-61.0,-41.0,-20.0,0.0,20.0,41.0,61.0,82.0
3140,-201.28,-181.28,-161.28,-141.28,-121.28,-101.0,-81.0,-61.0,-41.0,-20.0,0.0,20.0,41.0,61.0,82.0
3150,-201.3,-181.3,-161.3,-141.3,-121.3,-101.0,-81.0,-61.0,-41.0,-20.0,0.0,20.0,41.0,61.0,82.0
3160,-201.32,-181.32,-161.32,-141.32,-121.32,-101.0,-81.0,-61.0,-41.0,-20.0,0.0,20.0,41.0,61.0,82.0
3170,-201.34,-181.34,-161.34,-141.34,-121.34,-101.0,-81.0,-61.0,-41.0,-20.0,0.0,20.0,41.0,61.0,82.0
3180,-201.36,-181.36,-161.36,-141.36,-121.36,-101.0,-81.0,-61.0,-41.0,-20.0,0.0,20.0,41.0,61.0,82.0
3190,-201.38,-181.38,-161.38,-141.38,-121.38,-101.0,-81.0,-61.0,-41.0,-20.0,0.0,20.0,41.0,61.0,82.0
3200,-201.4,-181.4,-161.4,-141.4,-121.4,-101.0,-81.0,-61.0,-41.0,-20.0,0.0,20.0,41.0,61.0,82.0
3210,-201.42,-181.42,-161.42,-141.42,-121.42,-101.0,-81.0,-61.0,-41.0,-20.0,0.0,20.0,41.0,61.0,82.0
3220,-201.44,-181.44,-161.44,-141.44,-121.44,-101.0,-81.0,-61.0,-41.0,-20.0,0.0,20.0,41.0,61.0,82.0
3230,-201.46,-181.46,-161.46,-141.46,-121.46,-101.0,-81.0,-61.0,-41.0,-20.0,0.0,20.0,41.0,61.0,82.0
3240,-201.48,-181.48,-161.48,-141.48,-121.48,-101.0,-81.0,-61.0,-41.0,-20.0,0.0,20.0,41.0,61.0,82.0
3250,-201.5,-181.5,-161.5,-141.5,-121.5,-101.0,-81.0,-61.0,-41.0,-20.0,0.0,20.0,41.0,61.0,82.0
3260,-201.52,-181.52,-161.52,-141.52,-121.52,-101.0,-81.0,-61.0,-41.0,-20.0,0.0,20.0,41.0,61.0,82.0
3270,-201.54,-181.54,-161.54,-141.54,-121.54,-101.0,-81.0,-61.0,-41.0,-20.0,0.0,20.0,41.0,61.0,82.0
3280,-201.56,-181.56,-161.56,-141.56,-121.56,-101.0,-81.0,-61.0,-41.0,-20.0,0.0,20.0,41.0,61.0,82.0
3290,-201.58,-181.58,-161.58,-141.58,-121.58,-101.0,-81.0,-61.0,-41.0,-20.0,0.0,20.0,41.0,61.0,82.0
3300,-201.6,-181.6,-161.6,-141.6,-121.6,-101.0,-81.0,-61.0,-41.0,-20.0,0.0,20.0,41.0,61.0,82.0
3310,-201.62,-181.62,-161.62,-141.62,-121.62,-101.0,-81.0,-61.0,-41.0,-20.0,0.0,20.0,41.0,61.0,82.0
3320,-201.64,-181.64,-161.64,-141.64,-121.64,-101.0,-81.0,-61.0,-41.0,-20.0,0.0,20.0,41.0,61.0,82.0
3330,-201.66,-181.66,-161.66,-141.66,-121.66,-101.0,-81.0,-61.0,-41.0,-20.0,0.0,20.0,41.0,61.0,82.0
3340,-201.68,-181.68,-161.68,-141.68,-121.68,-101.0,-81.0,-61.0,-41.0,-20.0,0.0,20.0,41.0,61.0,82.0
3350,-201.7,-181.7,-161.7,-141.7,-121.7,-101.0,-81.0,-61.0,-41.0,-20.0,0.0,20.0,41.0,61.0,82.0
3360,-201.72,-181.72,-161.72,-141.72,-121.72,-101.0,-81.0,-61.0,-41.0,-20.0,0.0,20.0,41.0,61.0,82.0
3370,-201.74,-181.74,-161.74,-141.74,-121.74,-101.0,-81.0,-61.0,-41.0,-20.0,0.0,20.0,41.0,61.0,82.0
3380,-201.76,-181.76,-161.76,-141.76,-121.76,-101.0,-81.0,-61.0,-41.0,-20.0,0.0,20.0,41.0,61.0,82.0
3390,-201.78,-181.78,-161.78,-141.78,-121.78,-101.0,-81.0,-61.0,-41.0,-20.0,0.0,20.0,41.0,61.0,82.0
3400,-201.8,-181.8,-161.8,-141.8,-121.8,-101.0,-81.0,-61.0,-41.0,-20.0,0.0,20.0,41.0,61.0,82.0
3410,-201.82,-181.82,-161.82,-141.82,-121.82,-101.0,-81.0,-61.0,-41.0,-20.0,0.0,20.0,41.0,61.0,82.0
3420,-201.84,-181.84,-161.84,-141.84,-121.84,-101.0,-81.0,-61.0,-41.0,-20.0,0.0,20.0,41.0,61.0,82.0
3430,-201.86,-181.86,-161.86,-141.86,-121.86,-101.0,-81.0,-61.0,-41.0,-20.0,0.0,20.0,41.0,61.0,82.0
3440,-201.88,-181.88,-161.88,-141.88,-121.88,-101.0,-81.0,-61.0,-41.0,-20.0,0.0,20.0,41.0,61.0,82.0
3450,-201.9,-181.9,-161.9,-141.9,-121.9,-101.0,-81.0,-61.0,-41.0,-20.0,0.0,20.0,41.0,61.0,82.0
3460,-201.92,-181.92,-161.92,-141.92,-121.92,-101.0,-81.0,-61.0,-41.0,-20.0,0.0,20.0,41.0,61.0,82.0
3470,-201.94,-181.94,-161.94,-141.94,-121.94,-101.0,-81.0,-61.0,-41.0,-20.0,0.0,20.0,41.0,61.0,82.0
3480,-201.96,-181.96,-161.96,-141.96,-121.96,-101.0,-81.0,-61.0,-41.0,-20.0,0.0,20.0,41.0,61.0,82.0
3490,-201.98,-181.98,-161.98,-141.98,-121.98,-101.0,-81.0,-61.0,-41.0,-20.0,0.0,20.0,41.0,61.0,82.0
3500,-202.0,-182.0,-162.0,-142.0,-122.0,-101.0,-81.0,-61.0,-41.0,-20.0,0.0,20.0,41.0,61.0,82.0
3510,-202.02,-182.0,-162.0,-142.0,-122.0,-101.02,-81.0,-61.0,-41.0,-20.0,0.0,20.0,41.0,61.0,82.0
3520,-202.04,-182.0,-162.0,-142.0,-122.0,-101.04,-81.0,-61.0,-41.0,-20.0,0.0,20.0,41.0,61.0,82.0
3530,-202.06,-182.0,-162.0,-142.0,-122.0,-101.06,-81.0,-61.0,-41.0,-20.0,0.0,20.0,41.0,61.0,82.0
3540,-202.08,-182.0,-162.0,-142.0,-122.0,-101.08,-81.0,-61.0,-41.0,-20.0,0.0,20.0,41.0,61.0,82.0
3550,-202.1,-182.0,-162.0,-142.0,-122.0,-101.1,-81.0,-61.0,-41.0,-20.0,0.0,20.0,41.0,61.0,82.0
3560,-202.12,-182.0,-162.0,-142.0,-122.0,-101.12,-81.0,-61.0,-41.0,-20.0,0.0,20.0,41.0,61.0,82.0
3570,-202.14,-182.0,-162.0,-142.0,-122.0,-101.14,-81.0,-61.0,-41.0,-20.0,0.0,20.0,41.0,61.0,82.0
3580,-202.16,-182.0,-162.0,-142.0,-122.0,-101.16,-81.0,-61.0,-41.0,-20.0,0.0,20.0,41.0,61.0,82.0
3590,-202.18,-182.0,-162.0,-142.0,-122.0,-101.18,-81.0,-61.0,-41.0,-20.0,0.0,20.0,41.0,61.0,82.0
3600,-202.2,-182.0,-162.0,-142.0,-122.0,-101.2,-81.0,-61.0,-41.0,-20.0,0.0,20.0,41.0,61.0,82.0
3610,-202.22,-182.0,-162.0,-142.0,-122.0,-101.22,-81.0,-61.0,-41.0,-20.0,0.0,20.0,41.0,61.0,82.0
3620,-202.24,-182.0,-162.0,-142.0,-122.0,-101.24,-81.0,-61.0,-41.0,-20.0,0.0,20.0,41.0,61.0,82.0
3630,-202.26,-182.0,-162.0,-142.0,-122.0,-101.26,-81.0,-61.0,-41.0,-20.0,0.0,20.0,41.0,61.0,82.0
3640,-202.28,-182.0,-162.0,-142.0,-122.0,-101.28,-81.0,-61.0,-41.0,-20.0,0.0,20.0,41.0,61.0,82.0
3650,-202.3,-182.0,-162.0,-142.0,-122.0,-101.3,-81.0,-61.0,-41.0,-20.0,0.0,20.0,41.0,61.0,82.0
3660,-202.32,-182.0,-162.0,-142.0,-122.0,-101.32,-81.0,-61.0,-41.0,-20.0,0.0,20.0,41.0,61.0,82.0
3670,-202.34,-182.0,-162.0,-142.0,-122.0,-101.34,-81.0,-61.0,-41.0,-20.0,0.0,20.0,41.0,61.0,82.0
3680,-202.36,-182.0,-162.0,-142.0,-122.0,-101.36,-81.0,-61.0,-41.0,-20.0,0.0,20.0,41.0,61.0,82.0
3690,-202.38,-182.0,-162.0,-142.0,-122.0,-101.38,-81.0,-61.0,-41.0,-20.0,0.0,20.0,41.0,61.0,82.0
3700,-202.4,-182.0,-162.0,-142.0,-122.0,-101.4,-81.0,-61.0,-41.0,-20.0,0.0,20.0,41.0,61.0,82.0
3710,-202.42,-182.0,-162.0,-142.0,-122.0,-101.42,-81.0,-61.0,-41.0,-20.0,0.0,20.0,41.0,61.0,82.0
3720,-202.44,-182.0,-162.0,-142.0,-122.0,-101.44,-81.0,-61.0,-41.0,-20.0,0.0,20.0,41.0,61.0,82.0
3730,-202.46,-182.0,-162.0,-142.0,-122.0,-101.46,-81.0,-61.0,-41.0,-20.0,0.0,20.0,41.0,61.0,82.0
3740,-202.48,-182.0,-162.0,-142.0,-122.0,-101.48,-81.0,-61.0,-41.0,-20.0,0.0,20.0,41.0,61.0,82.0
3750,-202.5,-182.0,-162.0,-142.0,-122.0,-101.5,-81.0,-61.0,-41.0,-20.0,0.0,20.0,41.0,61.0,82.0
3760,-202.52,-182.0,-162.0,-142.0,-122.0,-101.52,-81.0,-61.0,-41.0,-20.0,0.0,20.0,41.0,61.0,82.0
3770,-202.54,-182.0,-162.0,-142.0,-122.0,-101.54,-81.0,-61.0,-41.0,-20.0,0.0,20.0,41.0,61.0,82.0
3780,-202.56,-182.0,-162.0,-142.0,-122.0,-101.56,-81.0,-61.0,-41.0,-20.0,0.0,20.0,41.0,61.0,82.0
3790,-202.58,-182.0,-162.0,-142.0,-122.0,-101.58,-81.0,-61.0,-41.0,-20.0,0.0,20.0,41.0,61.0,82.0
3800,-202.6,-182.0,-162.0,-142.0,-122.0,-101.6,-81.0,-61.0,-41.0,-20.0,0.0,20.0,41.0,61.0,82.0
3810,-202.62,-182.0,-162.0,-142.0,-122.0,-101.62,-81.0,-61.0,-41.0,-20.0,0.0,20.0,41.0,61.0,82.0
3820,-202.64,-182.0,-162.0,-142.0,-122.0,-101.64,-81.0,-61.0,-41.0,-20.0,0.0,20.0,41.0,61.0,82.0
3830,-202.66,-182.0,-162.0,-142.0,-122.0,-101.66,-81.0,-61.0,-41.0,-20.0,0.0,20.0,41.0,61.0,82.0
3840,-202.68,-182.0,-162.0,-142.0,-122.0,-101.68,-81.0,-61.0,-41.0,-20.0,0.0,20.0,41.0,61.0,82.0
3850,-202.7,-182.0,-162.0,-142.0,-122.0,-101.7,-81.0,-61.0,-41.0,-20.0,0.0,20.0,41.0,61.0,82.0
3860,-202.72,-182.0,-162.0,-142.0,-122.0,-101.72,-81.0,-61.0,-41.0,-20.0,0.0,20.0,41.0,61.0,82.0
3870,-202.74,-182.0,-162.0,-142.0,-122.0,-101.74,-81.0,-61.0,-41.0,-20.0,0.0,20.0,41.0,61.0,82.0
3880,-202.76,-182.0,-162.0,-142.0,-122.0,-101.76,-81.0,-61.0,-41.0,-20.0,0.0,20.0,41.0,61.0,82.0
3890,-202.78,-182.0,-162.0,-142.0,-122.0,-101.78,-81.0,-61.0,-41.0,-20.0,0.0,20.0,41.0,61.0,82.0
3900,-202.8,-182.0,-162.0,-142.0,-122.0,-101.8,-81.0,-61.0,-41.0,-20.0,0.0,20.0,41.0,61.0,82.0
3910,-202.82,-182.0,-162.0,-142.0,-122.0,-101.82,-81.0,-61.0,-41.0,-20.0,0.0,20.0,41.0,61.0,82.0
3920,-202.84,-182.0,-162.0,-142.0,-122.0,-101.84,-81.0,-61.0,-41.0,-20.0,0.0,20.0,41.0,61.0,82.0
3930,-202.86,-182.0,-162.0,-142.0,-122.0,-101.86,-81.0,-61.0,-41.0,-20.0,0.0,20.0,41.0,61.0,82.0
3940,-202.88,-182.0,-162.0,-142.0,-122.0,-101.88,-81.0,-61.0,-41.0,-20.0,0.0,20.0,41.0,61.0,82.0
3950,-202.9,-182.0,-162.0,-142.0,-122.0,-101.9,-81.0,-61.0,-41.0,-20.0,0.0,20.0,41.0,61.0,82.0
3960,-202.92,-182.0,-162.0,-142.0,-122.0,-101.92,-81.0,-61.0,-41.0,-20.0,0.0,20.0,41.0,61.0,82.0
3970,-202.94,-182.0,-162.0,-142.0,-122.0,-101.94,-81.0,-61.0,-41.0,-20.0,0.0,20.0,41.0,61.0,82.0
3980,-202.96,-182.0,-162.0,-142.0,-122.0,-101.96,-81.0,-61.0,-41.0,-20.0,0.0,20.0,41.0,61.0,82.0
3990,-202.98,-182.0,-162.0,-142.0,-122.0,-101.98,-81.0,-61.0,-41.0,-20.0,0.0,20.0,41.0,61.0,82.0
4000,-203.0,-182.0,-162.0,-142.0,-122.0,-102.0,-81.0,-61.0,-41.0,-20.0,0.0,20.0,41.0,61.0,82.0
4010,-203.0,-182.02,-162.02,-142.0,-122.0,-102.0,-81.0,-61.0,-41.0,-20.0,0.0,20.0,41.0,61.0,82.0
4020,-203.0,-182.04,-162.04,-142.0,-122.0,-102.0,-81.0,-61.0,-41.0,-20.0,0.0,20.0,41.0,61.0,82.0
4030,-203.0,-182.06,-162.06,-142.0,-122.0,-102.0,-81.0,-61.0,-41.0,-20.0,0.0,20.0,41.0,61.0,82.0
4040,-203.0,-182.08,-162.08,-142.0,-122.0,-102.0,-81.0,-61.0,-41.0,-20.0,0.0,20.0,41.0,61.0,82.0
4050,-203.0,-182.1,-162.1,-142.0,-122.0,-102.0,-81.0,-61.0,-41.0,-20.0,0.0,20.0,41.0,61.0,82.0
4060,-203.0,-182.12,-162.12,-142.0,-122.0,-102.0,-81.0,-61.0,-41.0,-20.0,0.0,20.0,41.0,61.0,82.0
4070,-203.0,-182.14,-162.14,-142.0,-122.0,-102.0,-81.0,-61.0,-41.0,-20.0,0.0,20.0,41.0,61.0,82.0
4080,-203.0,-182.16,-162.16,-142.0,-122.0,-102.0,-81.0,-61.0,-41.0,-20.0,0.0,20.0,41.0,61.0,82.0
4090,-203.0,-182.18,-162.18,-142.0,-122.0,-102.0,-81.0,-61.0,-41.0,-20.0,0.0,20.0,41.0,61.0,82.0
4100,-203.0,-182.2,-162.2,-142.0,-122.0,-102.0,-81.0,-61.0,-41.0,-20.0,0.0,20.0,41.0,61.0,82.0
4110,-203.0,-182.22,-162.22,-142.0,-122.0,-102.0,-81.0,-61.0,-41.0,-20.0,0.0,20.0,41.0,61.0,82.0
4120,-203.0,-182.24,-162.24,-142.0,-122.0,-102.0,-81.0,-61.0,-41.0,-20.0,0.0,20.0,41.0,61.0,82.0
4130,-203.0,-182.26,-162.26,-142.0,-122.0,-102.0,-81.0,-61.0,-41.0,-20.0,0.0,20.0,41.0,61.0,82.0
4140,-203.0,-182.28,-162.28,-142.0,-122.0,-102.0,-81.0,-61.0,-41.0,-20.0,0.0,20.0,41.0,61.0,82.0
4150,-203.0,-182.3,-162.3,-142.0,-122.0,-102.0,-81.0,-61.0,-41.0,-20.0,0.0,20.0,41.0,61.0,82.0
4160,-203.0,-182.32,-162.32,-142.0,-122.0,-102.0,-81.0,-61.0,-41.0,-20.0,0.0,20.0,41.0,61.0,82.0
4170,-203.0,-182.34,-162.34,-142.0,-122.0,-102.0,-81.0,-61.0,-41.0,-20.0,0.0,20.0,41.0,61.0,82.0
4180,-203.0,-182.36,-162.36,-142.0,-122.0,-102.0,-81.0,-61.0,-41.0,-20.0,0.0,20.0,41.0,61.0,82.0
4190,-203.0,-182.38,-162.38,-142.0,-122.0,-102.0,-81.0,-61.0,-41.0,-20.0,0.0,20.0,41.0,61.0,82.0
4200,-203.0,-182.4,-162.4,-142.0,-122.0,-102.0,-81.0,-61.0,-41.0,-20.0,0.0,20.0,41.0,61.0,82.0
4210,-203.0,-182.42,-162.42,-142.0,-122.0,-102.0,-81.0,-61.0,-41.0,-20.0,0.0,20.0,41.0,61.0,82.0
4220,-203.0,-182.44,-162.44,-142.0,-122.0,-102.0,-81.0,-61.0,-41.0,-20.0,0.0,20.0,41.0,61.0,82.0
4230,-203.0,-182.46,-162.46,-142.0,-122.0,-102.0,-81.0,-61.0,-41.0,-20.0,0.0,20.0,41.0,61.0,82.0
4240,-203.0,-182.48,-162.48,-142.0,-122.0,-102.0,-81.0,-61.0,-41.0,-20.0,0.0,20.0,41.0,61.0,82.0
4250,-203.0,-182.5,-162.5,-142.0,-122.0,-102.0,-81.0,-61.0,-41.0,-20.0,0.0,20.0,41.0,61.0,82.0
4260,-203.0,-182.52,-162.52,-142.0,-122.0,-102.0,-81.0,-61.0,-41.0,-20.0,0.0,20.0,41.0,61.0,82.0
4270,-203.0,-182.54,-162.54,-142.0,-122.0,-102.0,-81.0,-61.0,-41.0,-20.0,0.0,20.0,41.0,61.0,82.0
4280,-203.0,-182.56,-162.56,-142.0,-122.0,-102.0,-81.0,-61.0,-41.0,-20.0,0.0,20.0,41.0,61.0,82.0
4290,-203.0,-182.58,-162.58,-142.0,-122.0,-102.0,-81.0,-61.0,-41.0,-20.0,0.0,20.0,41.0,61.0,82.0
4300,-203.0,-182.6,-162.6,-142.0,-122.0,-102.0,-81.0,-61.0,-41.0,-20.0,0.0,20.0,41.0,61.0,82.0
4310,-203.0,-182.62,-162.62,-142.0,-122.0,-102.0,-81.0,-61.0,-41.0,-20.0,0.0,20.0,41.0,61.0,82.0
4320,-203.0,-182.64,-162.64,-142.0,-122.0,-102.0,-81.0,-61.0,-41.0,-20.0,0.0,20.0,41.0,61.0,82.0
4330,-203.0,-182.66,-162.66,-142.0,-122.0,-102.0,-81.0,-61.0,-41.0,-20.0,0.0,20.0,41.0,61.0,82.0
4340,-203.0,-182.68,-162.68,-142.0,-122.0,-102.0,-81.0,-61.0,-41.0,-20.0,0.0,20.0,41.0,61.0,82.0
4350,-203.0,-182.7,-162.7,-142.0,-122.0,-102.0,-81.0,-61.0,-41.0,-20.0,0.0,20.0,41.0,61.0,82.0
4360,-203.0,-182.72,-162.72,-142.0,-122.0,-102.0,-81.0,-61.0,-41.0,-20.0,0.0,20.0,41.0,61.0,82.0
4370,-203.0,-182.74,-162.74,-142.0,-122.0,-102.0,-81.0,-61.0,-41.0,-20.0,0.0,20.0,41.0,61.0,82.0
4380,-203.0,-182.76,-162.76,-142.0,-122.0,-102.0,-81.0,-61.0,-41.0,-20.0,0.0,20.0,41.0,61.0,82.0
4390,-203.0,-182.78,-162.78,-142.0,-122.0,-102.0,-81.0,-61.0,-41.0,-20.0,0.0,20.0,41.0,61.0,82.0
4400,-203.0,-182.8,-162.8,-142.0,-122.0,-102.0,-81.0,-61.0,-41.0,-20.0,0.0,20.0,41.0,61.0,82.0
4410,-203.0,-182.82,-162.82,-142.0,-122.0,-102.0,-81.0,-61.0,-41.0,-20.0,0.0,20.0,41.0,61.0,82.0
4420,-203.0,-182.84,-162.84,-142.0,-122.0,-102.0,-81.0,-61.0,-41.0,-20.0,0.0,20.0,41.0,61.0,82.0
4430,-203.0,-182.86,-162.86,-142.0,-122.0,-102.0,-81.0,-61.0,-41.0,-20.0,0.0,20.0,41.0,61.0,82.0
4440,-203.0,-182.88,-162.88,-142.0,-122.0,-102.0,-81.0,-61.0,-41.0,-20.0,0.0,20.0,41.0,61.0,82.0
4450,-203.0,-182.9,-162.9,-142.0,-122.0,-102.0,-81.0,-61.0,-41.0,-20.0,0.0,20.0,41.0,61.0,82.0
4460,-203.0,-182.92,-162.92,-142.0,-122.0,-102.0,-81.0,-61.0,-41.0,-20.0,0.0,20.0,41.0,61.0,82.0
4470,-203.0,-182.94,-162.94,-142.0,-122.0,-102.0,-81.0,-61.0,-41.0,-20.0,0.0,20.0,41.0,61.0,82.0
4480,-203.0,-182.96,-162.96,-142.0,-122.0,-102.0,-81.0,-61.0,-41.0,-20.0,0.0,20.0,41.0,61.0,82.0
4490,-203.0,-182.98,-162.98,-142.0,-122.0,-102.0,-81.0,-61.0,-41.0,-20.0,0.0,20.0,41.0,61.0,82.0
4500,-203.0,-183.0,-163.0,-142.0,-122.0,-102.0,-81.0,-61.0,-41.0,-20.0,0.0,20.0,41.0,61.0,82.0
4510,-203.02,-183.0,-163.0,-142.02,-122.0,-102.0,-81.02,-61.0,-41.0,-20.0,0.0,20.0,41.0,61.0,82.0
4520,-203.04,-183.0,-163.0,-142.04,-122.0,-102.0,-81.04,-61.0,-41.0,-20.0,0.0,20.0,41.0,61.0,82.0
4530,-203.06,-183.0,-163.0,-142.06,-122.0,-102.0,-81.06,-61.0,-41.0,-20.0,0.0,20.0,41.0,61.0,82.0
4540,-203.08,-183.0,-163.0,-142.08,-122.0,-102.0,-81.08,-61.0,-41.0,-20.0,0.0,20.0,41.0,61.0,82.0
4550,-203.1,-183.0,-163.0,-142.1,-122.0,-102.0,-81.1,-61.0,-41.0,-20.0,0.0,20.0,41.0,61.0,82.0
4560,-203.12,-183.0,-163.0,-142.12,-122.0,-102.0,-81.12,-61.0,-41.0,-20.0,0.0,20.0,41.0,61.0,82.0
4570,-203.14,-183.0,-163.0,-142.14,-122.0,-102.0,-81.14,-61.0,-41.0,-20.0,0.0,20.0,41.0,61.0,82.0
4580,-203.16,-183.0,-163.0,-142.16,-122.0,-102.0,-81.16,-61.0,-41.0,-20.0,0.0,20.0,41.0,61.0,82.0
4590,-203.18,-183.0,-163.0,-142.18,-122.0,-102.0,-81.18,-61.0,-41.0,-20.0,0.0,20.0,41.0,61.0,82.0
4600,-203.2,-183.0,-163.0,-142.2,-122.0,-102.0,-81.2,-61.0,-41.0,-20.0,0.0,20.0,41.0,61.0,82.0
4610,-203.22,-183.0,-163.0,-142.22,-122.0,-102.0,-81.22,-61.0,-41.0,-20.0,0.0,20.0,41.0,61.0,82.0
4620,-203.24,-183.0,-163.0,-142.24,-122.0,-102.0,-81.24,-61.0,-41.0,-20.0,0.0,20.0,41.0,61.0,82.0
4630,-203.26,-183.0,-163.0,-142.26,-122.0,-102.0,-81.26,-61.0,-41.0,-20.0,0.0,20.0,41.0,61.0,82.0
4640,-203.28,-183.0,-163.0,-142.28,-122.0,-102.0,-81.28,-61.0,-41.0,-20.0,0.0,20.0,41.0,61.0,82.0
4650,-203.3,-183.0,-163.0,-142.3,-122.0,-102.0,-81.3,-61.0,-41.0,-20.0,0.0,20.0,41.0,61.0,82.0
4660,-203.32,-183.0,-163.0,-142.32,-122.0,-102.0,-81.32,-61.0,-41.0,-20.0,0.0,20.0,41.0,61.0,82.0
4670,-203.34,-183.0,-163.0,-142.34,-122.0,-102.0,-81.34,-61.0,-41.0,-20.0,0.0,20.0,41.0,61.0,82.0
4680,-203.36,-183.0,-163.0,-142.36,-122.0,-102.0,-81.36,-61.0,-41.0,-20.0,0.0,20.0,41.0,61.0,82.0
4690,-203.38,-183.0,-163.0,-142.38,-122.0,-102.0,-81.38,-61.0,-41.0,-20.0,0.0,20.0,41.0,61.0,82.0
4700,-203.4,-183.0,-163.0,-142.4,-122.0,-102.0,-81.4,-61.0,-41.0,-20.0,0.0,20.0,41.0,61.0,82.0
4710,-203.42,-183.0,-163.0,-142.42,-122.0,-102.0,-81.42,-61.0,-41.0,-20.0,0.0,20.0,41.0,61.0,82.0
4720,-203.44,-183.0,-163.0,-142.44,-122.0,-102.0,-81.44,-61.0,-41.0,-20.0,0.0,20.0,41.0,61.0,82.0
4730,-203.46,-183.0,-163.0,-142.46,-122.0,-102.0,-81.46,-61.0,-41.0,-20.0,0.0,20.0,41.0,61.0,82.0
4740,-203.48,-183.0,-163.0,-142.48,-122.0,-102.0,-81.48,-61.0,-41.0,-20.0,0.0,20.0,41.0,61.0,82.0
4750,-203.5,-183.0,-163.0,-142.5,-122.0,-102.0,-81.5,-61.0,-41.0,-20.0,0.0,20.0,41.0,61.0,82.0
4760,-203.52,-183.0,-163.0,-142.52,-122.0,-102.0,-81.52,-61.0,-41.0,-20.0,0.0,20.0,41.0,61.0,82.0
4770,-203.54,-183.0,-163.0,-142.54,-122.0,-102.0,-81.54,-61.0,-41.0,-20.0,0.0,20.0,41.0,61.0,82.0
4780,-203.56,-183.0,-163.0,-142.56,-122.0,-102.0,-81.56,-61.0,-41.0,-20.0,0.0,20.0,41.0,61.0,82.0
4790,-203.58,-183.0,-163.0,-142.58,-122.0,-102.0,-81.58,-61.0,-41.0,-20.0,0.0,20.0,41.0,61.0,82.0
4800,-203.6,-183.0,-163.0,-142.6,-122.0,-102.0,-81.6,-61.0,-41.0,-20.0,0.0,20.0,41.0,61.0,82.0
4810,-203.62,-183.0,-163.0,-142.62,-122.0,-102.0,-81.62,-61.0,-41.0,-20.0,0.0,20.0,41.0,61.0,82.0
4820,-203.64,-183.0,-163.0,-142.64,-122.0,-102.0,-81.64,-61.0,-41.0,-20.0,0.0,20.0,41.0,61.0,82.0
4830,-203.66,-183.0,-163.0,-142.66,-122.0,-102.0,-81.66,-61.0,-41.0,-20.0,0.0,20.0,41.0,61.0,82.0
4840,-203.68,-183.0,-163.0,-142.68,-122.0,-102.0,-81.68,-61.0,-41.0,-20.0,0.0,20.0,41.0,61.0,82.0
4850,-203.7,-183.0,-163.0,-142.7,-122.0,-102.0,-81.7,-61.0,-41.0,-20.0,0.0,20.0,41.0,61.0,82.0
4860,-203.72,-183.0,-163.0,-142.72,-122.0,-102.0,-81.72,-61.0,-41.0,-20.0,0.0,20.0,41.0,61.0,82.0
4870,-203.74,-183.0,-163.0,-142.74,-122.0,-102.0,-81.74,-61.0,-41.0,-20.0,0.0,20.0,41.0,61.0,82.0
4880,-203.76,-183.0,-163.0,-142.76,-122.0,-102.0,-81.76,-61.0,-41.0,-20.0,0.0,20.0,41.0,61.0,82.0
4890,-203.78,-183.0,-163.0,-142.78,-122.0,-102.0,-81.78,-61.0,-41.0,-20.0,0.0,20.0,41.0,61.0,82.0
4900,-203.8,-183.0,-163.0,-142.8,-122.0,-102.0,-81.8,-61.0,-41.0,-20.0,0.0,20.0,41.0,61.0,82.0
4910,-203.82,-183.0,-163.0,-142.82,-122.0,-102.0,-81.82,-61.0,-41.0,-20.0,0.0,20.0,41.0,61.0,82.0
4920,-203.84,-183.0,-163.0,-142.84,-122.0,-102.0,-81.84,-61.0,-41.0,-20.0,0.0,20.0,41.0,61.0,82.0
4930,-203.86,-183.0,-163.0,-142.86,-122.0,-102.0,-81.86,-61.0,-41.0,-20.0,0.0,20.0,41.0,61.0,82.0
4940,-203.88,-183.0,-163.0,-142.88,-122.0,-102.0,-81.88,-61.0,-41.0,-20.0,0.0,20.0,41.0,61.0,82.0
4950,-203.9,-183.0,-163.0,-142.9,-122.0,-102.0,-81.9,-61.0,-41.0,-20.0,0.0,20.0,41.0,61.0,82.0
4960,-203.92,-183.0,-163.0,-142.92,-122.0,-102.0,-81.92,-61.0,-41.0,-20.0,0.0,20.0,41.0,61.0,82.0
4970,-203.94,-183.0,-163.0,-142.94,-122.0,-102.0,-81.94,-61.0,-41.0,-20.0,0.0,20.0,41.0,61.0,82.0
4980,-203.96,-183.0,-163.0,-142.96,-122.0,-102.0,-81.96,-61.0,-41.0,-20.0,0.0,20.0,41.0,61.0,82.0
4990,-203.98,-183.0,-163.0,-142.98,-122.0,-102.0,-81.98,-61.0,-41.0,-20.0,0.0,20.0,41.0,61.0,82.0
5000,-204.0,-183.0,-163.0,-143.0,-122.0,-102.0,-82.0,-61.0,-41.0,-20.0,0.0,20.0,41.0,61.0,82.0
5010,-204.0,-183.02,-163.0,-143.0,-122.02,-102.0,-82.0,-61.0,-41.0,-20.0,0.0,20.0,41.0,61.0,81.98
5020,-204.0,-183.04,-163.0,-143.0,-122.04,-102.0,-82.0,-61.0,-41.0,-20.0,0.0,20.0,41.0,61.0,81.96
5030,-204.0,-183.06,-163.0,-143.0,-122.06,-102.0,-82.0,-61.0,-41.0,-20.0,0.0,20.0,41.0,61.0,81.94
5040,-204.0,-183.08,-163.0,-143.0,-122.08,-102.0,-82.0,-61.0,-41.0,-20.0,0.0,20.0,41.0,61.0,81.92
5050,-204.0,-183.1,-163.0,-143.0,-122.1,-102.0,-82.0,-61.0,-41.0,-20.0,0.0,20.0,41.0,61.0,81.9
5060,-204.0,-183.12,-163.0,-143.0,-122.12,-102.0,-82.0,-61.0,-41.0,-20.0,0.0,20.0,41.0,61.0,81.88
5070,-204.0,-183.14,-163.0,-143.0,-122.14,-102.0,-82.0,-61.0,-41.0,-20.0,0.0,20.0,41.0,61.0,81.86
5080,-204.0,-183.16,-163.0,-143.0,-122.16,-102.0,-82.0,-61.0,-41.0,-20.0,0.0,20.0,41.0,61.0,81.84
5090,-204.0,-183.18,-163.0,-143.0,-122.18,-102.0,-82.0,-61.0,-41.0,-20.0,0.0,20.0,41.0,61.0,81.82
5100,-204.0,-183.2,-163.0,-143.0,-122.2,-102.0,-82.0,-61.0,-41.0,-20.0,0.0,20.0,41.0,61.0,81.8
5110,-204.0,-183.22,-163.0,-143.0,-122.22,-102.0,-82.0,-61.0,-41.0,-20.0,0.0,20.0,41.0,61.0,81.78
5120,-204.0,-183.24,-163.0,-143.0,-122.24,-102.0,-82.0,-61.0,-41.0,-20.0,0.0,20.0,41.0,61.0,81.76
5130,-204.0,-183.26,-163.0,-143.0,-122.26,-102.0,-82.0,-61.0,-41.0,-20.0,0.0,20.0,41.0,61.0,81.74
5140,-204.0,-183.28,-163.0,-143.0,-122.28,-102.0,-82.0,-61.0,-41.0,-20.0,0.0,20.0,41.0,61.0,81.72
5150,-204.0,-183.3,-163.0,-143.0,-122.3,-102.0,-82.0,-61.0,-41.0,-20.0,0.0,20.0,41.0,61.0,81.7
5160,-204.0,-183.32,-163.0,-143.0,-122.32,-102.0,-82.0,-61.0,-41.0,-20.0,0.0,20.0,41.0,61.0,81.68
5170,-204.0,-183.34,-163.0,-143.0,-122.34,-102.0,-82.0,-61.0,-41.0,-20.0,0.0,20.0,41.0,61.0,81.66
5180,-204.0,-183.36,-163.0,-143.0,-122.36,-102.0,-82.0,-61.0,-41.0,-20.0,0.0,20.0,41.0,61.0,81.64
5190,-204.0,-183.38,-163.0,-143.0,-122.38,-102.0,-82.0,-61.0,-41.0,-20.0,0.0,20.0,41.0,61.0,81.62
5200,-204.0,-183.4,-163.0,-143.0,-122.4,-102.0,-82.0,-61.0,-41.0,-20.0,0.0,20.0,41.0,61.0,81.6
5210,-204.0,-183.42,-163.0,-143.0,-122.42,-102.0,-82.0,-61.0,-41.0,-20.0,0.0,20.0,41.0,61.0,81.58
5220,-204.0,-183.44,-163.0,-143.0,-122.44,-102.0,-82.0,-61.0,-41.0,-20.0,0.0,20.0,41.0,61.0,81.56
5230,-204.0,-183.46,-163.0,-143.0,-122.46,-102.0,-82.0,-61.0,-41.0,-20.0,0.0,20.0,41.0,61.0,81.54
5240,-204.0,-183.48,-163.0,-143.0,-122.48,-102.0,-82.0,-61.0,-41.0,-20.0,0.0,20.0,41.0,61.0,81.52
5250,-204.0,-183.5,-163.0,-143.0,-122.5,-102.0,-82.0,-61.0,-41.0,-20.0,0.0,20.0,41.0,61.0,81.5
5260,-204.0,-183.52,-163.0,-143.0,-122.52,-102.0,-82.0,-61.0,-41.0,-20.0,0.0,20.0,41.0,61.0,81.48
5270,-204.0,-183.54,-163.0,-143.0,-122.54,-102.0,-82.0,-61.0,-41.0,-20.0,0.0,20.0,41.0,61.0,81.46
5280,-204.0,-183.56,-163.0,-143.0,-122.56,-102.0,-82.0,-61.0,-41.0,-20.0,0.0,20.0,41.0,61.0,81.44
5290,-204.0,-183.58,-163.0,-143.0,-122.58,-102.0,-82.0,-61.0,-41.0,-20.0,0.0,20.0,41.0,61.0,81.42
5300,-204.0,-183.6,-163.0,-143.0,-122.6,-102.0,-82.0,-61.0,-41.0,-20.0,0.0,20.0,41.0,61.0,81.4
5310,-204.0,-183.62,-163.0,-143.0,-122.62,-102.0,-82.0,-61.0,-41.0,-20.0,0.0,20.0,41.0,61.0,81.38
5320,-204.0,-183.64,-163.0,-143.0,-122.64,-102.0,-82.0,-61.0,-41.0,-20.0,0.0,20.0,41.0,61.0,81.36
5330,-204.0,-183.66,-163.0,-143.0,-122.66,-102.0,-82.0,-61.0,-41.0,-20.0,0.0,20.0,41.0,61.0,81.34
5340,-204.0,-183.68,-163.0,-143.0,-122.68,-102.0,-82.0,-61.0,-41.0,-20.0,0.0,20.0,41.0,61.0,81.32
5350,-204.0,-183.7,-163.0,-143.0,-122.7,-102.0,-82.0,-61.0,-41.0,-20.0,0.0,20.0,41.0,61.0,81.3
5360,-204.0,-183.72,-163.0,-143.0,-122.72,-102.0,-82.0,-61.0,-41.0,-20.0,0.0,20.0,41.0,61.0,81.28
5370,-204.0,-183.74,-163.0,-143.0,-122.74,-102.0,-82.0,-61.0,-41.0,-20.0,0.0,20.0,41.0,61.0,81.26
5380,-204.0,-183.76,-163.0,-143.0,-122.76,-102.0,-82.0,-61.0,-41.0,-20.0,0.0,20.0,41.0,61.0,81.24
5390,-204.0,-183.78,-163.0,-143.0,-122.78,-102.0,-82.0,-61.0,-41.0,-20.0,0.0,20.0,41.0,61.0,81.22
5400,-204.0,-183.8,-163.0,-143.0,-122.8,-102.0,-82.0,-61.0,-41.0,-20.0,0.0,20.0,41.0,61.0,81.2
5410,-204.0,-183.82,-163.0,-143.0,-122.82,-102.0,-82.0,-61.0,-41.0,-20.0,0.0,20.0,41.0,61.0,81.18
5420,-204.0,-183.84,-163.0,-143.0,-122.84,-102.0,-82.0,-61.0,-41.0,-20.0,0.0,20.0,41.0,61.0,81.16
5430,-204.0,-183.86,-163.0,-143.0,-122.86,-102.0,-82.0,-61.0,-41.0,-20.0,0.0,20.0,41.0,61.0,81.14
5440,-204.0,-183.88,-163.0,-143.0,-122.88,-102.0,-82.0,-61.0,-41.0,-20.0,0.0,20.0,41.0,61.0,81.12
5450,-204.0,-183.9,-163.0,-143.0,-122.9,-102.0,-82.0,-61.0,-41.0,-20.0,0.0,20.0,41.0,61.0,81.1
5460,-204.0,-183.92,-163.0,-143.0,-122.92,-102.0,-82.0,-61.0,-41.0,-20.0,0.0,20.0,41.0,61.0,81.08
5470,-204.0,-183.94,-163.0,-143.0,-122.94,-102.0,-82.0,-61.0,-41.0,-20.0,0.0,20.0,41.0,61.0,81.06
5480,-204.0,-183.96,-163.0,-143.0,-122.96,-102.0,-82.0,-61.0,-41.0,-20.0,0.0,20.0,41.0,61.0,81.04
5490,-204.0,-183.98,-163.0,-143.0,-122.98,-102.0,-82.0,-61.0,-41.0,-20.0,0.0,20.0,41.0,61.0,81.02
5500,-204.0,-184.0,-163.0,-143.0,-123.0,-102.0,-82.0,-61.0,-41.0,-20.0,0.0,20.0,41.0,61.0,81.0
5510,-204.02,-184.0,-163.02,-143.0,-123.0,-102.0,-82.0,-61.0,-41.0,-20.0,0.0,20.0,41.0,61.0,81.0
5520,-204.04,-184.0,-163.04,-143.0,-123.0,-102.0,-82.0,-61.0,-41.0,-20.0,0.0,20.0,41.0,61.0,81.0
5530,-204.06,-184.0,-163.06,-143.0,-123.0,-102.0,-82.0,-61.0,-41.0,-20.0,0.0,20.0,41.0,61.0,81.0
5540,-204.08,-184.0,-163.08,-143.0,-123.0,-102.0,-82.0,-61.0,-41.0,-20.0,0.0,20.0,41.0,61.0,81.0
5550,-204.1,-184.0,-163.1,-143.0,-123.0,-102.0,-82.0,-61.0,-41.0,-20.0,0.0,20.0,41.0,61.0,81.0
5560,-204.12,-184.0,-163.12,-143.0,-123.0,-102.0,-82.0,-61.0,-41.0,-20.0,0.0,20.0,41.0,61.0,81.0
5570,-204.14,-184.0,-163.14,-143.0,-123.0,-102.0,-82.0,-61.0,-41.0,-20.0,0.0,20.0,41.0,61.0,81.0
5580,-204.16,-184.0,-163.16,-143.0,-123.0,-102.0,-82.0,-61.0,-41.0,-20.0,0.0,20.0,41.0,61.0,81.0
5590,-204.18,-184.0,-163.18,-143.0,-123.0,-102.0,-82.0,-61.0,-41.0,-20.0,0.0,20.0,41.0,61.0,81.0
5600,-204.2,-184.0,-163.2,-143.0,-123.0,-102.0,-82.0,-61.0,-41.0,-20.0,0.0,20.0,41.0,61.0,81.0
5610,-204.22,-184.0,-163.22,-143.0,-123.0,-102.0,-82.0,-61.0,-41.0,-20.0,0.0,20.0,41.0,61.0,81.0
5620,-204.24,-184.0,-163.24,-143.0,-123.0,-102.0,-82.0,-61.0,-41.0,-20.0,0.0,20.0,41.0,61.0,81.0
5630,-204.26,-184.0,-163.26,-143.0,-123.0,-102.0,-82.0,-61.0,-41.0,-20.0,0.0,20.0,41.0,61.0,81.0
5640,-204.28,-184.0,-163.28,-143.0,-123.0,-102.0,-82.0,-61.0,-41.0,-20.0,0.0,20.0,41.0,61.0,81.0
5650,-204.3,-184.0,-163.3,-143.0,-123.0,-102.0,-82.0,-61.0,-41.0,-20.0,0.0,20.0,41.0,61.0,81.0
5660,-204.32,-184.0,-163.32,-143.0,-123.0,-102.0,-82.0,-61.0,-41.0,-20.0,0.0,20.0,41.0,61.0,81.0
5670,-204.34,-184.0,-163.34,-143.0,-123.0,-102.0,-82.0,-61.0,-41.0,-20.0,0.0,20.0,41.0,61.0,81.0
5680,-204.36,-184.0,-163.36,-143.0,-123.0,-102.0,-82.0,-61.0,-41.0,-20.0,0.0,20.0,41.0,61.0,81.0
5690,-204.38,-184.0,-163.38,-143.0,-123.0,-102.0,-82.0,-61.0,-41.0,-20.0,0.0,20.0,41.0,61.0,81.0
5700,-204.4,-184.0,-163.4,-143.0,-123.0,-102.0,-82.0,-61.0,-41.0,-20.0,0.0,20.0,41.0,61.0,81.0
5710,-204.42,-184.0,-163.42,-143.0,-123.0,-102.0,-82.0,-61.0,-41.0,-20.0,0.0,20.0,41.0,61.0,81.0
5720,-204.44,-184.0,-163.44,-143.0,-123.0,-102.0,-82.0,-61.0,-41.0,-20.0,0.0,20.0,41.0,61.0,81.0
5730,-204.46,-184.0,-163.46,-143.0,-123.0,-102.0,-82.0,-61.0,-41.0,-20.0,0.0,20.0,41.0,61.0,81.0
5740,-204.48,-184.0,-163.48,-143.0,-123.0,-102.0,-82.0,-61.0,-41.0,-20.0,0.0,20.0,41.0,61.0,81.0
5750,-204.5,-184.0,-163.5,-143.0,-123.0,-102.0,-82.0,-61.0,-41.0,-20.0,0.0,20.0,41.0,61.0,81.0
5760,-204.52,-184.0,-163.52,-143.0,-123.0,-102.0,-82.0,-61.0,-41.0,-20.0,0.0,20.0,41.0,61.0,81.0
5770,-204.54,-184.0,-163.54,-143.0,-123.0,-102.0,-82.0,-61.0,-41.0,-20.0,0.0,20.0,41.0,61.0,81.0
5780,-204.56,-184.0,-163.56,-143.0,-123.0,-102.0,-82.0,-61.0,-41.0,-20.0,0.0,20.0,41.0,61.0,81.0
5790,-204.58,-184.0,-163.58,-143.0,-123.0,-102.0,-82.0,-61.0,-41.0,-20.0,0.0,20.0,41.0,61.0,81.0
5800,-204.6,-184.0,-163.6,-143.0,-123.0,-102.0,-82.0,-61.0,-41.0,-20.0,0.0,20.0,41.0,61.0,81.0
5810,-204.62,-184.0,-163.62,-143.0,-123.0,-102.0,-82.0,-61.0,-41.0,-20.0,0.0,20.0,41.0,61.0,81.0
5820,-204.64,-184.0,-163.64,-143.0,-123.0,-102.0,-82.0,-61.0,-41.0,-20.0,0.0,20.0,41.0,61.0,81.0
5830,-204.66,-184.0,-163.66,-143.0,-123.0,-102.0,-82.0,-61.0,-41.0,-20.0,0.0,20.0,41.0,61.0,81.0
5840,-204.68,-184.0,-163.68,-143.0,-123.0,-102.0,-82.0,-61.0,-41.0,-20.0,0.0,20.0,41.0,61.0,81.0
5850,-204.7,-184.0,-163.7,-143.0,-123.0,-102.0,-82.0,-61.0,-41.0,-20.0,0.0,20.0,41.0,61.0,81.0
5860,-204.72,-184.0,-163.72,-143.0,-123.0,-102.0,-82.0,-61.0,-41.0,-20.0,0.0,20.0,41.0,61.0,81.0
5870,-204.74,-184.0,-163.74,-143.0,-123.0,-102.0,-82.0,-61.0,-41.0,-20.0,0.0,20.0,41.0,61.0,81.0
5880,-204.76,-184.0,-163.76,-143.0,-123.0,-102.0,-82.0,-61.0,-41.0,-20.0,0.0,20.0,41.0,61.0,81.0
5890,-204.78,-184.0,-163.78,-143.0,-123.0,-102.0,-82.0,-61.0,-41.0,-20.0,0.0,20.0,41.0,61.0,81.0
5900,-204.8,-184.0,-163.8,-143.0,-123.0,-102.0,-82.0,-61.0,-41.0,-20.0,0.0,20.0,41.0,61.0,81.0
5910,-204.82,-184.0,-163.82,-143.0,-123.0,-102.0,-82.0,-61.0,-41.0,-20.0,0.0,20.0,41.0,61.0,81.0
5920,-204.84,-184.0,-163.84,-143.0,-123.0,-102.0,-82.0,-61.0,-41.0,-20.0,0.0,20.0,41.0,61.0,81.0
5930,-204.86,-184.0,-163.86,-143.0,-123.0,-102.0,-82.0,-61.0,-41.0,-20.0,0.0,20.0,41.0,61.0,81.0
5940,-204.88,-184.0,-163.88,-143.0,-123.0,-102.0,-82.0,-61.0,-41.0,-20.0,0.0,20.0,41.0,61.0,81.0
5950,-204.9,-184.0,-163.9,-143.0,-123.0,-102.0,-82.0,-61.0,-41.0,-20.0,0.0,20.0,41.0,61.0,81.0
5960,-204.92,-184.0,-163.92,-143.0,-123.0,-102.0,-82.0,-61.0,-41.0,-20.0,0.0,20.0,41.0,61.0,81.0
5970,-204.94,-184.0,-163.94,-143.0,-123.0,-102.0,-82.0,-61.0,-41.0,-20.0,0.0,20.0,41.0,61.0,81.0
5980,-204.96,-184.0,-163.96,-143.0,-123.0,-102.0,-82.0,-61.0,-41.0,-20.0,0.0,20.0,41.0,61.0,81.0
5990,-204.98,-184.0,-163.98,-143.0,-123.0,-102.0,-82.0,-61.0,-41.0,-20.0,0.0,20.0,41.0,61.0,81.0
6000,-205.0,-184.0,-164.0,-143.0,-123.0,-102.0,-82.0,-61.0,-41.0,-20.0,0.0,20.0,41.0,61.0,81.0
6010,-205.0,-184.02,-164.0,-143.02,-123.0,-102.0,-82.0,-61.0,-41.0,-20.0,0.0,20.0,41.0,61.0,81.0
6020,-205.0,-184.04,-164.0,-143.04,-123.0,-102.0,-82.0,-61.0,-41.0,-20.0,0.0,20.0,41.0,61.0,81.0
6030,-205.0,-184.06,-164.0,-143.06,-123.0,-102.0,-82.0,-61.0,-41.0,-20.0,0.0,20.0,41.0,61.0,81.0
6040,-205.0,-184.08,-164.0,-143.08,-123.0,-102.0,-82.0,-61.0,-41.0,-20.0,0.0,20.0,41.0,61.0,81.0
6050,-205.0,-184.1,-164.0,-143.1,-123.0,-102.0,-82.0,-61.0,-41.0,-20.0,0.0,20.0,41.0,61.0,81.0
6060,-205.0,-184.12,-164.0,-143.12,-123.0,-102.0,-82.0,-61.0,-41.0,-20.0,0.0,20.0,41.0,61.0,81.0
6070,-205.0,-184.14,-164.0,-143.14,-123.0,-102.0,-82.0,-61.0,-41.0,-20.0,0.0,20.0,41.0,61.0,81.0
6080,-205.0,-184.16,-164.0,-143.16,-123.0,-102.0,-82.0,-61.0,-41.0,-20.0,0.0,20.0,41.0,61.0,81.0
6090,-205.0,-184.18,-164.0,-143.18,-123.0,-102.0,-82.0,-61.0,-41.0,-20.0,0.0,20.0,41.0,61.0,81.0
6100,-205.0,-184.2,-164.0,-143.2,-123.0,-102.0,-82.0,-61.0,-41.0,-20.0,0.0,20.0,41.0,61.0,81.0
6110,-205.0,-184.22,-164.0,-143.22,-123.0,-102.0,-82.0,-61.0,-41.0,-20.0,0.0,20.0,41.0,61.0,81.0
6120,-205.0,-184.24,-164.0,-143.24,-123.0,-102.0,-82.0,-61.0,-41.0,-20.0,0.0,20.0,41.0,61.0,81.0
6130,-205.0,-184.26,-164.0,-143.26,-123.0,-102.0,-82.0,-61.0,-41.0,-20.0,0.0,20.0,41.0,61.0,81.0
6140,-205.0,-184.28,-164.0,-143.28,-123.0,-102.0,-82.0,-61.0,-41.0,-20.0,0.0,20.0,41.0,61.0,81.0
6150,-205.0,-184.3,-164.0,-143.3,-123.0,-102.0,-82.0,-61.0,-41.0,-20.0,0.0,20.0,41.0,61.0,81.0
6160,-205.0,-184.32,-164.0,-143.32,-123.0,-102.0,-82.0,-61.0,-41.0,-20.0,0.0,20.0,41.0,61.0,81.0
6170,-205.0,-184.34,-164.0,-143.34,-123.0,-102.0,-82.0,-61.0,-41.0,-20.0,0.0,20.0,41.0,61.0,81.0
6180,-205.0,-184.36,-164.0,-143.36,-123.0,-102.0,-82.0,-61.0,-41.0,-20.0,0.0,20.0,41.0,61.0,81.0
6190,-205.0,-184.38,-164.0,-143.38,-123.0,-102.0,-82.0,-61.0,-41.0,-20.0,0.0,20.0,41.0,61.0,81.0
6200,-205.0,-184.4,-164.0,-143.4,-123.0,-102.0,-82.0,-61.0,-41.0,-20.0,0.0,20.0,41.0,61.0,81.0
6210,-205.0,-184.42,-164.0,-143.42,-123.0,-102.0,-82.0,-61.0,-41.0,-20.0,0.0,20.0,41.0,61.0,81.0
6220,-205.0,-184.44,-164.0,-143.44,-123.0,-102.0,-82.0,-61.0,-41.0,-20.0,0.0,20.0,41.0,61.0,81.0
6230,-205.0,-184.46,-164.0,-143.46,-123.0,-102.0,-82.0,-61.0,-41.0,-20.0,0.0,20.0,41.0,61.0,81.0
6240,-205.0,-184.48,-164.0,-143.48,-123.0,-102.0,-82.0,-61.0,-41.0,-20.0,0.0,20.0,41.0,61.0,81.0
6250,-205.0,-184.5,-164.0,-143.5,-123.0,-102.0,-82.0,-61.0,-41.0,-20.0,0.0,20.0,41.0,61.0,81.0
6260,-205.0,-184.52,-164.0,-143.52,-123.0,-102.0,-82.0,-61.0,-41.0,-20.0,0.0,20.0,41.0,61.0,81.0
6270,-205.0,-184.54,-164.0,-143.54,-123.0,-102.0,-82.0,-61.0,-41.0,-20.0,0.0,20.0,41.0,61.0,81.0
6280,-205.0,-184.56,-164.0,-143.56,-123.0,-102.0,-82.0,-61.0,-41.0,-20.0,0.0,20.0,41.0,61.0,81.0
6290,-205.0,-184.58,-164.0,-143.58,-123.0,-102.0,-82.0,-61.0,-41.0,-20.0,0.0,20.0,41.0,61.0,81.0
6300,-205.0,-184.6,-164.0,-143.6,-123.0,-102.0,-82.0,-61.0,-41.0,-20.0,0.0,20.0,41.0,61.0,81.0
6310,-205.0,-184.62,-164.0,-143.62,-123.0,-102.0,-82.0,-61.0,-41.0,-20.0,0.0,20.0,41.0,61.0,81.0
6320,-205.0,-184.64,-164.0,-143.64,-123.0,-102.0,-82.0,-61.0,-41.0,-20.0,0.0,20.0,41.0,61.0,81.0
6330,-205.0,-184.66,-164.0,-143.66,-123.0,-102.0,-82.0,-61.0,-41.0,-20.0,0.0,20.0,41.0,61.0,81.0
6340,-205.0,-184.68,-164.0,-143.68,-123.0,-102.0,-82.0,-61.0,-41.0,-20.0,0.0,20.0,41.0,61.0,81.0
6350,-205.0,-184.7,-164.0,-143.7,-123.0,-102.0,-82.0,-61.0,-41.0,-20.0,0.0,20.0,41.0,61.0,81.0
6360,-205.0,-184.72,-164.0,-143.72,-123.0,-102.0,-82.0,-61.0,-41.0,-20.0,0.0,20.0,41.0,61.0,81.0
6370,-205.0,-184.74,-164.0,-143.74,-123.0,-102.0,-82.0,-61.0,-41.0,-20.0,0.0,20.0,41.0,61.0,81.0
6380,-205.0,-184.76,-164.0,-143.76,-123.0,-102.0,-82.0,-61.0,-41.0,-20.0,0.0,20.0,41.0,61.0,81.0
6390,-205.0,-184.78,-164.0,-143.78,-123.0,-102.0,-82.0,-61.0,-41.0,-20.0,0.0,20.0,41.0,61.0,81.0
6400,-205.0,-184.8,-164.0,-143.8,-123.0,-102.0,-82.0,-61.0,-41.0,-20.0,0.0,20.0,41.0,61.0,81.0
6410,-205.0,-184.82,-164.0,-143.82,-123.0,-102.0,-82.0,-61.0,-41.0,-20.0,0.0,20.0,41.0,61.0,81.0
6420,-205.0,-184.84,-164.0,-143.84,-123.0,-102.0,-82.0,-61.0,-41.0,-20.0,0.0,20.0,41.0,61.0,81.0
6430,-205.0,-184.86,-164.0,-143.86,-123.0,-102.0,-82.0,-61.0,-41.0,-20.0,0.0,20.0,41.0,61.0,81.0
6440,-205.0,-184.88,-164.0,-143.88,-123.0,-102.0,-82.0,-61.0,-41.0,-20.0,0.0,20.0,41.0,61.0,81.0
6450,-205.0,-184.9,-164.0,-143.9,-123.0,-102.0,-82.0,-61.0,-41.0,-20.0,0.0,20.0,41.0,61.0,81.0
6460,-205.0,-184.92,-164.0,-143.92,-123.0,-102.0,-82.0,-61.0,-41.0,-20.0,0.0,20.0,41.0,61.0,81.0
6470,-205.0,-184.94,-164.0,-143.94,-123.0,-102.0,-82.0,-61.0,-41.0,-20.0,0.0,20.0,41.0,61.0,81.0
6480,-205.0,-184.96,-164.0,-143.96,-123.0,-102.0,-82.0,-61.0,-41.0,-20.0,0.0,20.0,41.0,61.0,81.0
6490,-205.0,-184.98,-164.0,-143.98,-123.0,-102.0,-82.0,-61.0,-41.0,-20.0,0.0,20.0,41.0,61.0,81.0
6500,-205.0,-185.0,-164.0,-144.0,-123.0,-102.0,-82.0,-61.0,-41.0,-20.0,0.0,20.0,41.0,61.0,81.0
6510,-205.02,-185.0,-164.02,-144.0,-123.0,-102.02,-82.0,-61.0,-41.0,-20.0,0.0,20.0,41.0,61.0,81.0
6520,-205.04,-185.0,-164.04,-144.0,-123.0,-102.04,-82.0,-61.0,-41.0,-20.0,0.0,20.0,41.0,61.0,81.0
6530,-205.06,-185.0,-164.06,-144.0,-123.0,-102.06,-82.0,-61.0,-41.0,-20.0,0.0,20.0,41.0,61.0,81.0
6540,-205.08,-185.0,-164.08,-144.0,-123.0,-102.08,-82.0,-61.0,-41.0,-20.0,0.0,20.0,41.0,61.0,81.0
6550,-205.1,-185.0,-164.1,-144.0,-123.0,-102.1,-82.0,-61.0,-41.0,-20.0,0.0,20.0,41.0,61.0,81.0
6560,-205.12,-185.0,-164.12,-144.0,-123.0,-102.12,-82.0,-61.0,-41.0,-20.0,0.0,20.0,41.0,61.0,81.0
6570,-205.14,-185.0,-164.14,-144.0,-123.0,-102.14,-82.0,-61.0,-41.0,-20.0,0.0,20.0,41.0,61.0,81.0
6580,-205.16,-185.0,-164.16,-144.0,-123.0,-102.16,-82.0,-61.0,-41.0,-20.0,0.0,20.0,41.0,61.0,81.0
6590,-205.18,-185.0,-164.18,-144.0,-123.0,-102.18,-82.0,-61.0,-41.0,-20.0,0.0,20.0,41.0,61.0,81.0
6600,-205.2,-185.0,-164.2,-144.0,-123.0,-102.2,-82.0,-61.0,-41.0,-20.0,0.0,20.0,41.0,61.0,81.0
6610,-205.22,-185.0,-164.22,-144.0,-123.0,-102.22,-82.0,-61.0,-41.0,-20.0,0.0,20.0,41.0,61.0,81.0
6620,-205.24,-185.0,-164.24,-144.0,-123.0,-102.24,-82.0,-61.0,-41.0,-20.0,0.0,20.0,41.0,61.0,81.0
6630,-205.26,-185.0,-164.26,-144.0,-123.0,-102.26,-82.0,-61.0,-41.0,-20.0,0.0,20.0,41.0,61.0,81.0
6640,-205.28,-185.0,-164.28,-144.0,-123.0,-102.28,-82.0,-61.0,-41.0,-20.0,0.0,20.0,41.0,61.0,81.0
6650,-205.3,-185.0,-164.3,-144.0,-123.0,-102.3,-82.0,-61.0,-41.0,-20.0,0.0,20.0,41.0,61.0,81.0
6660,-205.32,-185.0,-164.32,-144.0,-123.0,-102.32,-82.0,-61.0,-41.0,-20.0,0.0,20.0,41.0,61.0,81.0
6670,-205.34,-185.0,-164.34,-144.0,-123.0,-102.34,-82.0,-61.0,-41.0,-20.0,0.0,20.0,41.0,61.0,81.0
6680,-205.36,-185.0,-164.36,-144.0,-123.0,-102.36,-82.0,-61.0,-41.0,-20.0,0.0,20.0,41.0,61.0,81.0
6690,-205.38,-185.0,-164.38,-144.0,-123.0,-102.38,-82.0,-61.0,-41.0,-20.0,0.0,20.0,41.0,61.0,81.0
6700,-205.4,-185.0,-164.4,-144.0,-123.0,-102.4,-82.0,-61.0,-41.0,-20.0,0.0,20.0,41.0,61.0,81.0
6710,-205.42,-185.0,-164.42,-144.0,-123.0,-102.42,-82.0,-61.0,-41.0,-20.0,0.0,20.0,41.0,61.0,81.0
6720,-205.44,-185.0,-164.44,-144.0,-123.0,-102.44,-82.0,-61.0,-41.0,-20.0,0.0,20.0,41.0,61.0,81.0
6730,-205.46,-185.0,-164.46,-144.0,-123.0,-102.46,-82.0,-61.0,-41.0,-20.0,0.0,20.0,41.0,61.0,81.0
6740,-205.48,-185.0,-164.48,-144.0,-123.0,-102.48,-82.0,-61.0,-41.0,-20.0,0.0,20.0,41.0,61.0,81.0
6750,-205.5,-185.0,-164.5,-144.0,-123.0,-102.5,-82.0,-61.0,-41.0,-20.0,0.0,20.0,41.0,61.0,81.0
6760,-205.52,-185.0,-164.52,-144.0,-123.0,-102.52,-82.0,-61.0,-41.0,-20.0,0.0,20.0,41.0,61.0,81.0
6770,-205.54,-185.0,-164.54,-144.0,-123.0,-102.54,-82.0,-61.0,-41.0,-20.0,0.0,20.0,41.0,61.0,81.0
6780,-205.56,-185.0,-164.56,-144.0,-123.0,-102.56,-82.0,-61.0,-41.0,-20.0,0.0,20.0,41.0,61.0,81.0
6790,-205.58,-185.0,-164.58,-144.0,-123.0,-102.58,-82.0,-61.0,-41.0,-20.0,0.0,20.0,41.0,61.0,81.0
6800,-205.6,-185.0,-164.6,-144.0,-123.0,-102.6,-82.0,-61.0,-41.0,-20.0,0.0,20.0,41.0,61.0,81.0
6810,-205.62,-185.0,-164.62,-144.0,-123.0,-102.62,-82.0,-61.0,-41.0,-20.0,0.0,20.0,41.0,61.0,81.0
6820,-205.64,-185.0,-164.64,-144.0,-123.0,-102.64,-82.0,-61.0,-41.0,-20.0,0.0,20.0,41.0,61.0,81.0
6830,-205.66,-185.0,-164.66,-144.0,-123.0,-102.66,-82.0,-61.0,-41.0,-20.0,0.0,20.0,41.0,61.0,81.0
6840,-205.68,-185.0,-164.68,-144.0,-123.0,-102.68,-82.0,-61.0,-41.0,-20.0,0.0,20.0,41.0,61.0,81.0
6850,-205.7,-185.0,-164.7,-144.0,-123.0,-102.7,-82.0,-61.0,-41.0,-20.0,0.0,20.0,41.0,61.0,81.0
6860,-205.72,-185.0,-164.72,-144.0,-123.0,-102.72,-82.0,-61.0,-41.0,-20.0,0.0,20.0,41.0,61.0,81.0
6870,-205.74,-185.0,-164.74,-144.0,-123.0,-102.74,-82.0,-61.0,-41.0,-20.0,0.0,20.0,41.0,61.0,81.0
6880,-205.76,-185.0,-164.76,-144.0,-123.0,-102.76,-82.0,-61.0,-41.0,-20.0,0.0,20.0,41.0,61.0,81.0
6890,-205.78,-185.0,-164.78,-144.0,-123.0,-102.78,-82.0,-61.0,-41.0,-20.0,0.0,20.0,41.0,61.0,81.0
6900,-205.8,-185.0,-164.8,-144.0,-123.0,-102.8,-82.0,-61.0,-41.0,-20.0,0.0,20.0,41.0,61.0,81.0
6910,-205.82,-185.0,-164.82,-144.0,-123.0,-102.82,-82.0,-61.0,-41.0,-20.0,0.0,20.0,41.0,61.0,81.0
6920,-205.84,-185.0,-164.84,-144.0,-123.0,-102.84,-82.0,-61.0,-41.0,-20.0,0.0,20.0,41.0,61.0,81.0
6930,-205.86,-185.0,-164.86,-144.0,-123.0,-102.86,-82.0,-61.0,-41.0,-20.0,0.0,20.0,41.0,61.0,81.0
6940,-205.88,-185.0,-164.88,-144.0,-123.0,-102.88,-82.0,-61.0,-41.0,-20.0,0.0,20.0,41.0,61.0,81.0
6950,-205.9,-185.0,-164.9,-144.0,-123.0,-102.9,-82.0,-61.0,-41.0,-20.0,0.0,20.0,41.0,61.0,81.0
6960,-205.92,-185.0,-164.92,-144.0,-123.0,-102.92,-82.0,-61.0,-41.0,-20.0,0.0,20.0,41.0,61.0,81.0
6970,-205.94,-185.0,-164.94,-144.0,-123.0,-102.94,-82.0,-61.0,-41.0,-20.0,0.0,20.0,41.0,61.0,81.0
6980,-205.96,-185.0,-164.96,-144.0,-123.0,-102.96,-82.0,-61.0,-41.0,-20.0,0.0,20.0,41.0,61.0,81.0
6990,-205.98,-185.0,-164.98,-144.0,-123.0,-102.98,-82.0,-61.0,-41.0,-20.0,0.0,20.0,41.0,61.0,81.0
7000,-206.0,-185.0,-165.0,-144.0,-123.0,-103.0,-82.0,-61.0,-41.0,-20.0,0.0,20.0,41.0,61.0,81.0
7010,-206.02,-185.02,-165.0,-144.0,-123.02,-103.0,-82.0,-61.0,-41.0,-20.0,0.0,20.0,41.0,61.0,81.0
7020,-206.04,-185.04,-165.0,-144.0,-123.04,-103.0,-82.0,-61.0,-41.0,-20.0,0.0,20.0,41.0,61.0,81.0
7030,-206.06,-185.06,-165.0,-144.0,-123.06,-103.0,-82.0,-61.0,-41.0,-20.0,0.0,20.0,41.0,61.0,81.0
7040,-206.08,-185.08,-165.0,-144.0,-123.08,-103.0,-82.0,-61.0,-41.0,-20.0,0.0,20.0,41.0,61.0,81.0
7050,-206.1,-185.1,-165.0,-144.0,-123.1,-103.0,-82.0,-61.0,-41.0,-20.0,0.0,20.0,41.0,61.0,81.0
7060,-206.12,-185.12,-165.0,-144.0,-123.12,-103.0,-82.0,-61.0,-41.0,-20.0,0.0,20.0,41.0,61.0,81.0
7070,-206.14,-185.14,-165.0,-144.0,-123.14,-103.0,-82.0,-61.0,-41.0,-20.0,0.0,20.0,41.0,61.0,81.0
7080,-206.16,-185.16,-165.0,-144.0,-123.16,-103.0,-82.0,-61.0,-41.0,-20.0,0.0,20.0,41.0,61.0,81.0
7090,-206.18,-185.18,-165.0,-144.0,-123.18,-103.0,-82.0,-61.0,-41.0,-20.0,0.0,20.0,41.0,61.0,81.0
7100,-206.2,-185.2,-165.0,-144.0,-123.2,-103.0,-82.0,-61.0,-41.0,-20.0,0.0,20.0,41.0,61.0,81.0
7110,-206.22,-185.22,-165.0,-144.0,-123.22,-103.0,-82.0,-61.0,-41.0,-20.0,0.0,20.0,41.0,61.0,81.0
7120,-206.24,-185.24,-165.0,-144.0,-123.24,-103.0,-82.0,-61.0,-41.0,-20.0,0.0,20.0,41.0,61.0,81.0
7130,-206.26,-185.26,-165.0,-144.0,-123.26,-103.0,-82.0,-61.0,-41.0,-20.0,0.0,20.0,41.0,61.0,81.0
7140,-206.28,-185.28,-165.0,-144.0,-123.28,-103.0,-82.0,-61.0,-41.0,-20.0,0.0,20.0,41.0,61.0,81.0
7150,-206.3,-185.3,-165.0,-144.0,-123.3,-103.0,-82.0,-61.0,-41.0,-20.0,0.0,20.0,41.0,61.0,81.0
7160,-206.32,-185.32,-165.0,-144.0,-123.32,-103.0,-82.0,-61.0,-41.0,-20.0,0.0,20.0,41.0,61.0,81.0
7170,-206.34,-185.34,-165.0,-144.0,-123.34,-103.0,-82.0,-61.0,-41.0,-20.0,0.0,20.0,41.0,61.0,81.0
7180,-206.36,-185.36,-165.0,-144.0,-123.36,-103.0,-82.0,-61.0,-41.0,-20.0,0.0,20.0,41.0,61.0,81.0
7190,-206.38,-185.38,-165.0,-144.0,-123.38,-103.0,-82.0,-61.0,-41.0,-20.0,0.0,20.0,41.0,61.0,81.0
7200,-206.4,-185.4,-165.0,-144.0,-123.4,-103.0,-82.0,-61.0,-41.0,-20.0,0.0,20.0,41.0,61.0,81.0
7210,-206.42,-185.42,-165.0,-144.0,-123.42,-103.0,-82.0,-61.0,-41.0,-20.0,0.0,20.0,41.0,61.0,81.0
7220,-206.44,-185.44,-165.0,-144.0,-123.44,-103.0,-82.0,-61.0,-41.0,-20.0,0.0,20.0,41.0,61.0,81.0
7230,-206.46,-185.46,-165.0,-144.0,-123.46,-103.0,-82.0,-61.0,-41.0,-20.0,0.0,20.0,41.0,61.0,81.0
7240,-206.48,-185.48,-165.0,-144.0,-123.48,-103.0,-82.0,-61.0,-41.0,-20.0,0.0,20.0,41.0,61.0,81.0
7250,-206.5,-185.5,-165.0,-144.0,-123.5,-103.0,-82.0,-61.0,-41.0,-20.0,0.0,20.0,41.0,61.0,81.0
7260,-206.52,-185.52,-165.0,-144.0,-123.52,-103.0,-82.0,-61.0,-41.0,-20.0,0.0,20.0,41.0,61.0,81.0
7270,-206.54,-185.54,-165.0,-144.0,-123.54,-103.0,-82.0,-61.0,-41.0,-20.0,0.0,20.0,41.0,61.0,81.0
7280,-206.56,-185.56,-165.0,-144.0,-123.56,-103.0,-82.0,-61.0,-41.0,-20.0,0.0,20.0,41.0,61.0,81.0
7290,-206.58,-185.58,-165.0,-144.0,-123.58,-103.0,-82.0,-61.0,-41.0,-20.0,0.0,20.0,41.0,61.0,81.0
7300,-206.6,-185.6,-165.0,-144.0,-123.6,-103.0,-82.0,-61.0,-41.0,-20.0,0.0,20.0,41.0,61.0,81.0
7310,-206.62,-185.62,-165.0,-144.0,-123.62,-103.0,-82.0,-61.0,-41.0,-20.0,0.0,20.0,41.0,61.0,81.0
7320,-206.64,-185.64,-165.0,-144.0,-123.64,-103.0,-82.0,-61.0,-41.0,-20.0,0.0,20.0,41.0,61.0,81.0
7330,-206.66,-185.66,-165.0,-144.0,-123.66,-103.0,-82.0,-61.0,-41.0,-20.0,0.0,20.0,41.0,61.0,81.0
7340,-206.68,-185.68,-165.0,-144.0,-123.68,-103.0,-82.0,-61.0,-41.0,-20.0,0.0,20.0,41.0,61.0,81.0
7350,-206.7,-185.7,-165.0,-144.0,-123.7,-103.0,-82.0,-61.0,-41.0,-20.0,0.0,20.0,41.0,61.0,81.0
7360,-206.72,-185.72,-165.0,-144.0,-123.72,-103.0,-82.0,-61.0,-41.0,-20.0,0.0,20.0,41.0,61.0,81.0
7370,-206.74,-185.74,-165.0,-144.0,-123.74,-103.0,-82.0,-61.0,-41.0,-20.0,0.0,20.0,41.0,61.0,81.0
7380,-206.76,-185.76,-165.0,-144.0,-123.76,-103.0,-82.0,-61.0,-41.0,-20.0,0.0,20.0,41.0,61.0,81.0
7390,-206.78,-185.78,-165.0,-144.0,-123.78,-103.0,-82.0,-61.0,-41.0,-20.0,0.0,20.0,41.0,61.0,81.0
7400,-206.8,-185.8,-165.0,-144.0,-123.8,-103.0,-82.0,-61.0,-41.0,-20.0,0.0,20.0,41.0,61.0,81.0
7410,-206.82,-185.82,-165.0,-144.0,-123.82,-103.0,-82.0,-61.0,-41.0,-20.0,0.0,20.0,41.0,61.0,81.0
7420,-206.84,-185.84,-165.0,-144.0,-123.84,-103.0,-82.0,-61.0,-41.0,-20.0,0.0,20.0,41.0,61.0,81.0
7430,-206.86,-185.86,-165.0,-144.0,-123.86,-103.0,-82.0,-61.0,-41.0,-20.0,0.0,20.0,41.0,61.0,81.0
7440,-206.88,-185.88,-165.0,-144.0,-123.88,-103.0,-82.0,-61.0,-41.0,-20.0,0.0,20.0,41.0,61.0,81.0
7450,-206.9,-185.9,-165.0,-144.0,-123.9,-103.0,-82.0,-61.0,-41.0,-20.0,0.0,20.0,41.0,61.0,81.0
7460,-206.92,-185.92,-165.0,-144.0,-123.92,-103.0,-82.0,-61.0,-41.0,-20.0,0.0,20.0,41.0,61.0,81.0
7470,-206.94,-185.94,-165.0,-144.0,-123.94,-103.0,-82.0,-61.0,-41.0,-20.0,0.0,20.0,41.0,61.0,81.0
7480,-206.96,-185.96,-165.0,-144.0,-123.96,-103.0,-82.0,-61.0,-41.0,-20.0,0.0,20.0,41.0,61.0,81.0
7490,-206.98,-185.98,-165.0,-144.0,-123.98,-103.0,-82.0,-61.0,-41.0,-20.0,0.0,20.0,41.0,61.0,81.0
7500,-207.0,-186.0,-165.0,-144.0,-124.0,-103.0,-82.0,-61.0,-41.0,-20.0,0.0,20.0,41.0,61.0,81.0
7510,-207.02,-186.02,-165.02,-144.02,-124.0,-103.0,-82.0,-61.02,-41.0,-20.0,0.0,20.0,41.0,61.0,81.0
7520,-207.04,-186.04,-165.04,-144.04,-124.0,-103.0,-82.0,-61.04,-41.0,-20.0,0.0,20.0,41.0,61.0,81.0
7530,-207.06,-186.06,-165.06,-144.06,-124.0,-103.0,-82.0,-61.06,-41.0,-20.0,0.0,20.0,41.0,61.0,81.0
7540,-207.08,-186.08,-165.08,-144.08,-124.0,-103.0,-82.0,-61.08,-41.0,-20.0,0.0,20.0,41.0,61.0,81.0
7550,-207.1,-186.1,-165.1,-144.1,-124.0,-103.0,-82.0,-61.1,-41.0,-20.0,0.0,20.0,41.0,61.0,81.0
7560,-207.12,-186.12,-165.12,-144.12,-124.0,-103.0,-82.0,-61.12,-41.0,-20.0,0.0,20.0,41.0,61.0,81.0
7570,-207.14,-186.14,-165.14,-144.14,-124.0,-103.0,-82.0,-61.14,-41.0,-20.0,0.0,20.0,41.0,61.0,81.0
7580,-207.16,-186.16,-165.16,-144.16,-124.0,-103.0,-82.0,-61.16,-41.0,-20.0,0.0,20.0,41.0,61.0,81.0
7590,-207.18,-186.18,-165.18,-144.18,-124.0,-103.0,-82.0,-61.18,-41.0,-20.0,0.0,20.0,41.0,61.0,81.0
7600,-207.2,-186.2,-165.2,-144.2,-124.0,-103.0,-82.0,-61.2,-41.0,-20.0,0.0,20.0,41.0,61.0,81.0
7610,-207.22,-186.22,-165.22,-144.22,-124.0,-103.0,-82.0,-61.22,-41.0,-20.0,0.0,20.0,41.0,61.0,81.0
7620,-207.24,-186.24,-165.24,-144.24,-124.0,-103.0,-82.0,-61.24,-41.0,-20.0,0.0,20.0,41.0,61.0,81.0
7630,-207.26,-186.26,-165.26,-144.26,-124.0,-103.0,-82.0,-61.26,-41.0,-20.0,0.0,20.0,41.0,61.0,81.0
7640,-207.28,-186.28,-165.28,-144.28,-124.0,-103.0,-82.0,-61.28,-41.0,-20.0,0.0,20.0,41.0,61.0,81.0
7650,-207.3,-186.3,-165.3,-144.3,-124.0,-103.0,-82.0,-61.3,-41.0,-20.0,0.0,20.0,41.0,61.0,81.0
7660,-207.32,-186.32,-165.32,-144.32,-124.0,-103.0,-82.0,-61.32,-41.0,-20.0,0.0,20.0,41.0,61.0,81.0
7670,-207.34,-186.34,-165.34,-144.34,-124.0,-103.0,-82.0,-61.34,-41.0,-20.0,0.0,20.0,41.0,61.0,81.0
7680,-207.36,-186.36,-165.36,-144.36,-124.0,-103.0,-82.0,-61.36,-41.0,-20.0,0.0,20.0,41.0,61.0,81.0
7690,-207.38,-186.38,-165.38,-144.38,-124.0,-103.0,-82.0,-61.38,-41.0,-20.0,0.0,20.0,41.0,61.0,81.0
7700,-207.4,-186.4,-165.4,-144.4,-124.0,-103.0,-82.0,-61.4,-41.0,-20.0,0.0,20.0,41.0,61.0,81.0
7710,-207.42,-186.42,-165.42,-144.42,-124.0,-103.0,-82.0,-61.42,-41.0,-20.0,0.0,20.0,41.0,61.0,81.0
7720,-207.44,-186.44,-165.44,-144.44,-124.0,-103.0,-82.0,-61.44,-41.0,-20.0,0.0,20.0,41.0,61.0,81.0
7730,-207.46,-186.46,-165.46,-144.46,-124.0,-103.0,-82.0,-61.46,-41.0,-20.0,0.0,20.0,41.0,61.0,81.0
7740,-207.48,-186.48,-165.48,-144.48,-124.0,-103.0,-82.0,-61.48,-41.0,-20.0,0.0,20.0,41.0,61.0,81.0
7750,-207.5,-186.5,-165.5,-144.5,-124.0,-103.0,-82.0,-61.5,-41.0,-20.0,0.0,20.0,41.0,61.0,81.0
7760,-207.52,-186.52,-165.52,-144.52,-124.0,-103.0,-82.0,-61.52,-41.0,-20.0,0.0,20.0,41.0,61.0,81.0
7770,-207.54,-186.54,-165.54,-144.54,-124.0,-103.0,-82.0,-61.54,-41.0,-20.0,0.0,20.0,41.0,61.0,81.0
7780,-207.56,-186.56,-165.56,-144.56,-124.0,-103.0,-82.0,-61.56,-41.0,-20.0,0.0,20.0,41.0,61.0,81.0
7790,-207.58,-186.58,-165.58,-144.58,-124.0,-103.0,-82.0,-61.58,-41.0,-20.0,0.0,20.0,41.0,61.0,81.0
7800,-207.6,-186.6,-165.6,-144.6,-124.0,-103.0,-82.0,-61.6,-41.0,-20.0,0.0,20.0,41.0,61.0,81.0
7810,-207.62,-186.62,-165.62,-144.62,-124.0,-103.0,-82.0,-61.62,-41.0,-20.0,0.0,20.0,41.0,61.0,81.0
7820,-207.64,-186.64,-165.64,-144.64,-124.0,-103.0,-82.0,-61.64,-41.0,-20.0,0.0,20.0,41.0,61.0,81.0
7830,-207.66,-186.66,-165.66,-144.66,-124.0,-103.0,-82.0,-61.66,-41.0,-20.0,0.0,20.0,41.0,61.0,81.0
7840,-207.68,-186.68,-165.68,-144.68,-124.0,-103.0,-82.0,-61.68,-41.0,-20.0,0.0,20.0,41.0,61.0,81.0
7850,-207.7,-186.7,-165.7,-144.7,-124.0,-103.0,-82.0,-61.7,-41.0,-20.0,0.0,20.0,41.0,61.0,81.0
7860,-207.72,-186.72,-165.72,-144.72,-124.0,-103.0,-82.0,-61.72,-41.0,-20.0,0.0,20.0,41.0,61.0,81.0
7870,-207.74,-186.74,-165.74,-144.74,-124.0,-103.0,-82.0,-61.74,-41.0,-20.0,0.0,20.0,41.0,61.0,81.0
7880,-207.76,-186.76,-165.76,-144.76,-124.0,-103.0,-82.0,-61.76,-41.0,-20.0,0.0,20.0,41.0,61.0,81.0
7890,-207.78,-186.78,-165.78,-144.78,-124.0,-103.0,-82.0,-61.78,-41.0,-20.0,0.0,20.0,41.0,61.0,81.0
7900,-207.8,-186.8,-165.8,-144.8,-124.0,-103.0,-82.0,-61.8,-41.0,-20.0,0.0,20.0,41.0,61.0,81.0
7910,-207.82,-186.82,-165.82,-144.82,-124.0,-103.0,-82.0,-61.82,-41.0,-20.0,0.0,20.0,41.0,61.0,81.0
7920,-207.84,-186.84,-165.84,-144.84,-124.0,-103.0,-82.0,-61.84,-41.0,-20.0,0.0,20.0,41.0,61.0,81.0
7930,-207.86,-186.86,-165.86,-144.86,-124.0,-103.0,-82.0,-61.86,-41.0,-20.0,0.0,20.0,41.0,61.0,81.0
7940,-207.88,-186.88,-165.88,-144.88,-124.0,-103.0,-82.0,-61.88,-41.0,-20.0,0.0,20.0,41.0,61.0,81.0
7950,-207.9,-186.9,-165.9,-144.9,-124.0,-103.0,-82.0,-61.9,-41.0,-20.0,0.0,20.0,41.0,61.0,81.0
7960,-207.92,-186.92,-165.92,-144.92,-124.0,-103.0,-82.0,-61.92,-41.0,-20.0,0.0,20.0,41.0,61.0,81.0
7970,-207.94,-186.94,-165.94,-144.94,-124.0,-103.0,-82.0,-61.94,-41.0,-20.0,0.0,20.0,41.0,61.0,81.0
7980,-207.96,-186.96,-165.96,-144.96,-124.0,-103.0,-82.0,-61.96,-41.0,-20.0,0.0,20.0,41.0,61.0,81.0
7990,-207.98,-186.98,-165.98,-144.98,-124.0,-103.0,-82.0,-61.98,-41.0,-20.0,0.0,20.0,41.0,61.0,81.0
8000,-208.0,-187.0,-166.0,-145.0,-124.0,-103.0,-82.0,-62.0,-41.0,-20.0,0.0,20.0,41.0,61.0,81.0
8010,-208.02,-187.02,-166.02,-145.0,-124.0,-103.0,-82.02,-62.0,-41.0,-20.0,0.0,20.0,41.0,61.0,81.0
8020,-208.04,-187.04,-166.04,-145.0,-124.0,-103.0,-82.04,-62.0,-41.0,-20.0,0.0,20.0,41.0,61.0,81.0
8030,-208.06,-187.06,-166.06,-145.0,-124.0,-103.0,-82.06,-62.0,-41.0,-20.0,0.0,20.0,41.0,61.0,81.0
8040,-208.08,-187.08,-166.08,-145.0,-124.0,-103.0,-82.08,-62.0,-41.0,-20.0,0.0,20.0,41.0,61.0,81.0
8050,-208.1,-187.1,-166.1,-145.0,-124.0,-103.0,-82.1,-62.0,-41.0,-20.0,0.0,20.0,41.0,61.0,81.0
8060,-208.12,-187.12,-166.12,-145.0,-124.0,-103.0,-82.12,-62.0,-41.0,-20.0,0.0,20.0,41.0,61.0,81.0
8070,-208.14,-187.14,-166.14,-145.0,-124.0,-103.0,-82.14,-62.0,-41.0,-20.0,0.0,20.0,41.0,61.0,81.0
8080,-208.16,-187.16,-166.16,-145.0,-124.0,-103.0,-82.16,-62.0,-41.0,-20.0,0.0,20.0,41.0,61.0,81.0
8090,-208.18,-187.18,-166.18,-145.0,-124.0,-103.0,-82.18,-62.0,-41.0,-20.0,0.0,20.0,41.0,61.0,81.0
8100,-208.2,-187.2,-166.2,-145.0,-124.0,-103.0,-82.2,-62.0,-41.0,-20.0,0.0,20.0,41.0,61.0,81.0
8110,-208.22,-187.22,-166.22,-145.0,-124.0,-103.0,-82.22,-62.0,-41.0,-20.0,0.0,20.0,41.0,61.0,81.0
8120,-208.24,-187.24,-166.24,-145.0,-124.0,-103.0,-82.24,-62.0,-41.0,-20.0,0.0,20.0,41.0,61.0,81.0
8130,-208.26,-187.26,-166.26,-145.0,-124.0,-103.0,-82.26,-62.0,-41.0,-20.0,0.0,20.0,41.0,61.0,81.0
8140,-208.28,-187.28,-166.28,-145.0,-124.0,-103.0,-82.28,-62.0,-41.0,-20.0,0.0,20.0,41.0,61.0,81.0
8150,-208.3,-187.3,-166.3,-145.0,-124.0,-103.0,-82.3,-62.0,-41.0,-20.0,0.0,20.0,41.0,61.0,81.0
8160,-208.32,-187.32,-166.32,-145.0,-124.0,-103.0,-82.32,-62.0,-41.0,-20.0,0.0,20.0,41.0,61.0,81.0
8170,-208.34,-187.34,-166.34,-145.0,-124.0,-103.0,-82.34,-62.0,-41.0,-20.0,0.0,20.0,41.0,61.0,81.0
8180,-208.36,-187.36,-166.36,-145.0,-124.0,-103.0,-82.36,-62.0,-41.0,-20.0,0.0,20.0,41.0,61.0,81.0
8190,-208.38,-187.38,-166.38,-145.0,-124.0,-103.0,-82.38,-62.0,-41.0,-20.0,0.0,20.0,41.0,61.0,81.0
8200,-208.4,-187.4,-166.4,-145.0,-124.0,-103.0,-82.4,-62.0,-41.0,-20.0,0.0,20.0,41.0,61.0,81.0
8210,-208.42,-187.42,-166.42,-145.0,-124.0,-103.0,-82.42,-62.0,-41.0,-20.0,0.0,20.0,41.0,61.0,81.0
8220,-208.44,-187.44,-166.44,-145.0,-124.0,-103.0,-82.44,-62.0,-41.0,-20.0,0.0,20.0,41.0,61.0,81.0
8230,-208.46,-187.46,-166.46,-145.0,-124.0,-103.0,-82.46,-62.0,-41.0,-20.0,0.0,20.0,41.0,61.0,81.0
8240,-208.48,-187.48,-166.48,-145.0,-124.0,-103.0,-82.48,-62.0,-41.0,-20.0,0.0,20.0,41.0,61.0,81.0
8250,-208.5,-187.5,-166.5,-145.0,-124.0,-103.0,-82.5,-62.0,-41.0,-20.0,0.0,20.0,41.0,61.0,81.0
8260,-208.52,-187.52,-166.52,-145.0,-124.0,-103.0,-82.52,-62.0,-41.0,-20.0,0.0,20.0,41.0,61.0,81.0
8270,-208.54,-187.54,-166.54,-145.0,-124.0,-103.0,-82.54,-62.0,-41.0,-20.0,0.0,20.0,41.0,61.0,81.0
8280,-208.56,-187.56,-166.56,-145.0,-124.0,-103.0,-82.56,-62.0,-41.0,-20.0,0.0,20.0,41.0,61.0,81.0
8290,-208.58,-187.58,-166.58,-145.0,-124.0,-103.0,-82.58,-62.0,-41.0,-20.0,0.0,20.0,41.0,61.0,81.0
8300,-208.6,-187.6,-166.6,-145.0,-124.0,-103.0,-82.6,-62.0,-41.0,-20.0,0.0,20.0,41.0,61.0,81.0
8310,-208.62,-187.62,-166.62,-145.0,-124.0,-103.0,-82.62,-62.0,-41.0,-20.0,0.0,20.0,41.0,61.0,81.0
8320,-208.64,-187.64,-166.64,-145.0,-124.0,-103.0,-82.64,-62.0,-41.0,-20.0,0.0,20.0,41.0,61.0,81.0
8330,-208.66,-187.66,-166.66,-145.0,-124.0,-103.0,-82.66,-62.0,-41.0,-20.0,0.0,20.0,41.0,61.0,81.0
8340,-208.68,-187.68,-166.68,-145.0,-124.0,-103.0,-82.68,-62.0,-41.0,-20.0,0.0,20.0,41.0,61.0,81.0
8350,-208.7,-187.7,-166.7,-145.0,-124.0,-103.0,-82.7,-62.0,-41.0,-20.0,0.0,20.0,41.0,61.0,81.0
8360,-208.72,-187.72,-166.72,-145.0,-124.0,-103.0,-82.72,-62.0,-41.0,-20.0,0.0,20.0,41.0,61.0,81.0
8370,-208.74,-187.74,-166.74,-145.0,-124.0,-103.0,-82.74,-62.0,-41.0,-20.0,0.0,20.0,41.0,61.0,81.0
8380,-208.76,-187.76,-166.76,-145.0,-124.0,-103.0,-82.76,-62.0,-41.0,-20.0,0.0,20.0,41.0,61.0,81.0
8390,-208.78,-187.78,-166.78,-145.0,-124.0,-103.0,-82.78,-62.0,-41.0,-20.0,0.0,20.0,41.0,61.0,81.0
8400,-208.8,-187.8,-166.8,-145.0,-124.0,-103.0,-82.8,-62.0,-41.0,-20.0,0.0,20.0,41.0,61.0,81.0
8410,-208.82,-187.82,-166.82,-145.0,-124.0,-103.0,-82.82,-62.0,-41.0,-20.0,0.0,20.0,41.0,61.0,81.0
8420,-208.84,-187.84,-166.84,-145.0,-124.0,-103.0,-82.84,-62.0,-41.0,-20.0,0.0,20.0,41.0,61.0,81.0
8430,-208.86,-187.86,-166.86,-145.0,-124.0,-103.0,-82.86,-62.0,-41.0,-20.0,0.0,20.0,41.0,61.0,81.0
8440,-208.88,-187.88,-166.88,-145.0,-124.0,-103.0,-82.88,-62.0,-41.0,-20.0,0.0,20.0,41.0,61.0,81.0
8450,-208.9,-187.9,-166.9,-145.0,-124.0,-103.0,-82.9,-62.0,-41.0,-20.0,0.0,20.0,41.0,61.0,81.0
8460,-208.92,-187.92,-166.92,-145.0,-124.0,-103.0,-82.92,-62.0,-41.0,-20.0,0.0,20.0,41.0,61.0,81.0
8470,-208.94,-187.94,-166.94,-145.0,-124.0,-103.0,-82.94,-62.0,-41.0,-20.0,0.0,20.0,41.0,61.0,81.0
8480,-208.96,-187.96,-166.96,-145.0,-124.0,-103.0,-82.96,-62.0,-41.0,-20.0,0.0,20.0,41.0,61.0,81.0
8490,-208.98,-187.98,-166.98,-145.0,-124.0,-103.0,-82.98,-62.0,-41.0,-20.0,0.0,20.0,41.0,61.0,81.0
8500,-209.0,-188.0,-167.0,-145.0,-124.0,-103.0,-83.0,-62.0,-41.0,-20.0,0.0,20.0,41.0,61.0,81.0
8510,-209.04,-188.04,-167.02,-145.04,-124.02,-103.02,-83.0,-62.0,-41.0,-20.0,0.0,20.0,40.98,60.98,80.98
8520,-209.08,-188.08,-167.04,-145.08,-124.04,-103.04,-83.0,-62.0,-41.0,-20.0,0.0,20.0,40.96,60.96,80.96
8530,-209.12,-188.12,-167.06,-145.12,-124.06,-103.06,-83.0,-62.0,-41.0,-20.0,0.0,20.0,40.94,60.94,80.94
8540,-209.16,-188.16,-167.08,-145.16,-124.08,-103.08,-83.0,-62.0,-41.0,-20.0,0.0,20.0,40.92,60.92,80.92
8550,-209.2,-188.2,-167.1,-145.2,-124.1,-103.1,-83.0,-62.0,-41.0,-20.0,0.0,20.0,40.9,60.9,80.9
8560,-209.24,-188.24,-167.12,-145.24,-124.12,-103.12,-83.0,-62.0,-41.0,-20.0,0.0,20.0,40.88,60.88,80.88
8570,-209.28,-188.28,-167.14,-145.28,-124.14,-103.14,-83.0,-62.0,-41.0,-20.0,0.0,20.0,40.86,60.86,80.86
8580,-209.32,-188.32,-167.16,-145.32,-124.16,-103.16,-83.0,-62.0,-41.0,-20.0,0.0,20.0,40.84,60.84,80.84
8590,-209.36,-188.36,-167.18,-145.36,-124.18,-103.18,-83.0,-62.0,-41.0,-20.0,0.0,20.0,40.82,60.82,80.82
8600,-209.4,-188.4,-167.2,-145.4,-124.2,-103.2,-83.0,-62.0,-41.0,-20.0,0.0,20.0,40.8,60.8,80.8
8610,-209.44,-188.44,-167.22,-145.44,-124.22,-103.22,-83.0,-62.0,-41.0,-20.0,0.0,20.0,40.78,60.78,80.78
8620,-209.48,-188.48,-167.24,-145.48,-124.24,-103.24,-83.0,-62.0,-41.0,-20.0,0.0,20.0,40.76,60.76,80.76
8630,-209.52,-188.52,-167.26,-145.52,-124.26,-103.26,-83.0,-62.0,-41.0,-20.0,0.0,20.0,40.74,60.74,80.74
8640,-209.56,-188.56,-167.28,-145.56,-124.28,-103.28,-83.0,-62.0,-41.0,-20.0,0.0,20.0,40.72,60.72,80.72
8650,-209.6,-188.6,-167.3,-145.6,-124.3,-103.3,-83.0,-62.0,-41.0,-20.0,0.0,20.0,40.7,60.7,80.7
8660,-209.64,-188.64,-167.32,-145.64,-124.32,-103.32,-83.0,-62.0,-41.0,-20.0,0.0,20.0,40.68,60.68,80.68
8670,-209.68,-188.68,-167.34,-145.68,-124.34,-103.34,-83.0,-62.0,-41.0,-20.0,0.0,20.0,40.66,60.66,80.66
8680,-209.72,-188.72,-167.36,-145.72,-124.36,-103.36,-83.0,-62.0,-41.0,-20.0,0.0,20.0,40.64,60.64,80.64
8690,-209.76,-188.76,-167.38,-145.76,-124.38,-103.38,-83.0,-62.0,-41.0,-20.0,0.0,20.0,40.62,60.62,80.62
8700,-209.8,-188.8,-167.4,-145.8,-124.4,-103.4,-83.0,-62.0,-41.0,-20.0,0.0,20.0,40.6,60.6,80.6
8710,-209.84,-188.84,-167.42,-145.84,-124.42,-103.42,-83.0,-62.0,-41.0,-20.0,0.0,20.0,40.58,60.58,80.58
8720,-209.88,-188.88,-167.44,-145.88,-124.44,-103.44,-83.0,-62.0,-41.0,-20.0,0.0,20.0,40.56,60.56,80.56
8730,-209.92,-188.92,-167.46,-145.92,-124.46,-103.46,-83.0,-62.0,-41.0,-20.0,0.0,20.0,40.54,60.54,80.54
8740,-209.96,-188.96,-167.48,-145.96,-124.48,-103.48,-83.0,-62.0,-41.0,-20.0,0.0,20.0,40.52,60.52,80.52
8750,-210.0,-189.0,-167.5,-146.0,-124.5,-103.5,-83.0,-62.0,-41.0,-20.0,0.0,20.0,40.5,60.5,80.5
8760,-210.04,-189.04,-167.52,-146.04,-124.52,-103.52,-83.0,-62.0,-41.0,-20.0,0.0,20.0,40.48,60.48,80.48
8770,-210.08,-189.08,-167.54,-146.08,-124.54,-103.54,-83.0,-62.0,-41.0,-20.0,0.0,20.0,40.46,60.46,80.46
8780,-210.12,-189.12,-167.56,-146.12,-124.56,-103.56,-83.0,-62.0,-41.0,-20.0,0.0,20.0,40.44,60.44,80.44
8790,-210.16,-189.16,-167.58,-146.16,-124.58,-103.58,-83.0,-62.0,-41.0,-20.0,0.0,20.0,40.42,60.42,80.42
8800,-210.2,-189.2,-167.6,-146.2,-124.6,-103.6,-83.0,-62.0,-41.0,-20.0,0.0,20.0,40.4,60.4,80.4
8810,-210.24,-189.24,-167.62,-146.24,-124.62,-103.62,-83.0,-62.0,-41.0,-20.0,0.0,20.0,40.38,60.38,80.38
8820,-210.28,-189.28,-167.64,-146.28,-124.64,-103.64,-83.0,-62.0,-41.0,-20.0,0.0,20.0,40.36,60.36,80.36
8830,-210.32,-189.32,-167.66,-146.32,-124.66,-103.66,-83.0,-62.0,-41.0,-20.0,0.0,20.0,40.34,60.34,80.34
8840,-210.36,-189.36,-167.68,-146.36,-124.68,-103.68,-83.0,-62.0,-41.0,-20.0,0.0,20.0,40.32,60.32,80.32
8850,-210.4,-189.4,-167.7,-146.4,-124.7,-103.7,-83.0,-62.0,-41.0,-20.0,0.0,20.0,40.3,60.3,80.3
8860,-210.44,-189.44,-167.72,-146.44,-124.72,-103.72,-83.0,-62.0,-41.0,-20.0,0.0,20.0,40.28,60.28,80.28
8870,-210.48,-189.48,-167.74,-146.48,-124.74,-103.74,-83.0,-62.0,-41.0,-20.0,0.0,20.0,40.26,60.26,80.26
8880,-210.52,-189.52,-167.76,-146.52,-124.76,-103.76,-83.0,-62.0,-41.0,-20.0,0.0,20.0,40.24,60.24,80.24
8890,-210.56,-189.56,-167.78,-146.56,-124.78,-103.78,-83.0,-62.0,-41.0,-20.0,0.0,20.0,40.22,60.22,80.22
8900,-210.6,-189.6,-167.8,-146.6,-124.8,-103.8,-83.0,-62.0,-41.0,-20.0,0.0,20.0,40.2,60.2,80.2
8910,-210.64,-189.64,-167.82,-146.64,-124.82,-103.82,-83.0,-62.0,-41.0,-20.0,0.0,20.0,40.18,60.18,80.18
8920,-210.68,-189.68,-167.84,-146.68,-124.84,-103.84,-83.0,-62.0,-41.0,-20.0,0.0,20.0,40.16,60.16,80.16
8930,-210.72,-189.72,-167.86,-146.72,-124.86,-103.86,-83.0,-62.0,-41.0,-20.0,0.0,20.0,40.14,60.14,80.14
8940,-210.76,-189.76,-167.88,-146.76,-124.88,-103.88,-83.0,-62.0,-41.0,-20.0,0.0,20.0,40.12,60.12,80.12
8950,-210.8,-189.8,-167.9,-146.8,-124.9,-103.9,-83.0,-62.0,-41.0,-20.0,0.0,20.0,40.1,60.1,80.1
8960,-210.84,-189.84,-167.92,-146.84,-124.92,-103.92,-83.0,-62.0,-41.0,-20.0,0.0,20.0,40.08,60.08,80.08
8970,-210.88,-189.88,-167.94,-146.88,-124.94,-103.94,-83.0,-62.0,-41.0,-20.0,0.0,20.0,40.06,60.06,80.06
8980,-210.92,-189.92,-167.96,-146.92,-124.96,-103.96,-83.0,-62.0,-41.0,-20.0,0.0,20.0,40.04,60.04,80.04
8990,-210.96,-189.96,-167.98,-146.96,-124.98,-103.98,-83.0,-62.0,-41.0,-20.0,0.0,20.0,40.02,60.02,80.02
9000,-211.0,-190.0,-168.0,-147.0,-125.0,-104.0,-83.0,-62.0,-41.0,-20.0,0.0,20.0,40.0,60.0,80.0
9010,-211.1,-190.06,-168.06,-147.04,-125.04,-104.02,-83.02,-62.0,-41.0,-20.02,0.0,20.0,40.0,60.0,79.98
9020,-211.2,-190.12,-168.12,-147.08,-125.08,-104.04,-83.04,-62.0,-41.0,-20.04,0.0,20.0,40.0,60.0,79.96
9030,-211.3,-190.18,-168.18,-147.12,-125.12,-104.06,-83.06,-62.0,-41.0,-20.06,0.0,20.0,40.0,60.0,79.94
9040,-211.4,-190.24,-168.24,-147.16,-125.16,-104.08,-83.08,-62.0,-41.0,-20.08,0.0,20.0,40.0,60.0,79.92
9050,-211.5,-190.3,-168.3,-147.2,-125.2,-104.1,-83.1,-62.0,-41.0,-20.1,0.0,20.0,40.0,60.0,79.9
9060,-211.6,-190.36,-168.36,-147.24,-125.24,-104.12,-83.12,-62.0,-41.0,-20.12,0.0,20.0,40.0,60.0,79.88
9070,-211.7,-190.42,-168.42,-147.28,-125.28,-104.14,-83.14,-62.0,-41.0,-20.14,0.0,20.0,40.0,60.0,79.86
9080,-211.8,-190.48,-168.48,-147.32,-125.32,-104.16,-83.16,-62.0,-41.0,-20.16,0.0,20.0,40.0,60.0,79.84
9090,-211.9,-190.54,-168.54,-147.36,-125.36,-104.18,-83.18,-62.0,-41.0,-20.18,0.0,20.0,40.0,60.0,79.82
9100,-212.0,-190.6,-168.6,-147.4,-125.4,-104.2,-83.2,-62.0,-41.0,-20.2,0.0,20.0,40.0,60.0,79.8
9110,-212.1,-190.66,-168.66,-147.44,-125.44,-104.22,-83.22,-62.0,-41.0,-20.22,0.0,20.0,40.0,60.0,79.78
9120,-212.2,-190.72,-168.72,-147.48,-125.48,-104.24,-83.24,-62.0,-41.0,-20.24,0.0,20.0,40.0,60.0,79.76
9130,-212.3,-190.78,-168.78,-147.52,-125.52,-104.26,-83.26,-62.0,-41.0,-20.26,0.0,20.0,40.0,60.0,79.74
9140,-212.4,-190.84,-168.84,-147.56,-125.56,-104.28,-83.28,-62.0,-41.0,-20.28,0.0,20.0,40.0,60.0,79.72
9150,-212.5,-190.9,-168.9,-147.6,-125.6,-104.3,-83.3,-62.0,-41.0,-20.3,0.0,20.0,40.0,60.0,79.7
9160,-212.6,-190.96,-168.96,-147.64,-125.64,-104.32,-83.32,-62.0,-41.0,-20.32,0.0,20.0,40.0,60.0,79.68
9170,-212.7,-191.02,-169.02,-147.68,-125.68,-104.34,-83.34,-62.0,-41.0,-20.34,0.0,20.0,40.0,60.0,79.66
9180,-212.8,-191.08,-169.08,-147.72,-125.72,-104.36,-83.36,-62.0,-41.0,-20.36,0.0,20.0,40.0,60.0,79.64
9190,-212.9,-191.14,-169.14,-147.76,-125.76,-104.38,-83.38,-62.0,-41.0,-20.38,0.0,20.0,40.0,60.0,79.62
9200,-213.0,-191.2,-169.2,-147.8,-125.8,-104.4,-83.4,-62.0,-41.0,-20.4,0.0,20.0,40.0,60.0,79.6
9210,-213.1,-191.26,-169.26,-147.84,-125.84,-104.42,-83.42,-62.0,-41.0,-20.42,0.0,20.0,40.0,60.0,79.58
9220,-213.2,-191.32,-169.32,-147.88,-125.88,-104.44,-83.44,-62.0,-41.0,-20.44,0.0,20.0,40.0,60.0,79.56
9230,-213.3,-191.38,-169.38,-147.92,-125.92,-104.46,-83.46,-62.0,-41.0,-20.46,0.0,20.0,40.0,60.0,79.54
9240,-213.4,-191.44,-169.44,-147.96,-125.96,-104.48,-83.48,-62.0,-41.0,-20.48,0.0,20.0,40.0,60.0,79.52
9250,-213.5,-191.5,-169.5,-148.0,-126.0,-104.5,-83.5,-62.0,-41.0,-20.5,0.0,20.0,40.0,60.0,79.5
9260,-213.6,-191.56,-169.56,-148.04,-126.04,-104.52,-83.52,-62.0,-41.0,-20.52,0.0,20.0,40.0,60.0,79.48
9270,-213.7,-191.62,-169.62,-148.08,-126.08,-104.54,-83.54,-62.0,-41.0,-20.54,0.0,20.0,40.0,60.0,79.46
9280,-213.8,-191.68,-169.68,-148.12,-126.12,-104.56,-83.56,-62.0,-41.0,-20.56,0.0,20.0,40.0,60.0,79.44
9290,-213.9,-191.74,-169.74,-148.16,-126.16,-104.58,-83.58,-62.0,-41.0,-20.58,0.0,20.0,40.0,60.0,79.42
9300,-214.0,-191.8,-169.8,-148.2,-126.2,-104.6,-83.6,-62.0,-41.0,-20.6,0.0,20.0,40.0,60.0,79.4
9310,-214.1,-191.86,-169.86,-148.24,-126.24,-104.62,-83.62,-62.0,-41.0,-20.62,0.0,20.0,40.0,60.0,79.38
9320,-214.2,-191.92,-169.92,-148.28,-126.28,-104.64,-83.64,-62.0,-41.0,-20.64,0.0,20.0,40.0,60.0,79.36
9330,-214.3,-191.98,-169.98,-148.32,-126.32,-104.66,-83.66,-62.0,-41.0,-20.66,0.0,20.0,40.0,60.0,79.34
9340,-214.4,-192.04,-170.04,-148.36,-126.36,-104.68,-83.68,-62.0,-41.0,-20.68,0.0,20.0,40.0,60.0,79.32
9350,-214.5,-192.1,-170.1,-148.4,-126.4,-104.7,-83.7,-62.0,-41.0,-20.7,0.0,20.0,40.0,60.0,79.3
9360,-214.6,-192.16,-170.16,-148.44,-126.44,-104.72,-83.72,-62.0,-41.0,-20.72,0.0,20.0,40.0,60.0,79.28
9370,-214.7,-192.22,-170.22,-148.48,-126.48,-104.74,-83.74,-62.0,-41.0,-20.74,0.0,20.0,40.0,60.0,79.26
9380,-214.8,-192.28,-170.28,-148.52,-126.52,-104.76,-83.76,-62.0,-41.0,-20.76,0.0,20.0,40.0,60.0,79.24
9390,-214.9,-192.34,-170.34,-148.56,-126.56,-104.78,-83.78,-62.0,-41.0,-20.78,0.0,20.0,40.0,60.0,79.22
9400,-215.0,-192.4,-170.4,-148.6,-126.6,-104.8,-83.8,-62.0,-41.0,-20.8,0.0,20.0,40.0,60.0,79.2
9410,-215.1,-192.46,-170.46,-148.64,-126.64,-104.82,-83.82,-62.0,-41.0,-20.82,0.0,20.0,40.0,60.0,79.18
9420,-215.2,-192.52,-170.52,-148.68,-126.68,-104.84,-83.84,-62.0,-41.0,-20.84,0.0,20.0,40.0,60.0,79.16
9430,-215.3,-192.58,-170.58,-148.72,-126.72,-104.86,-83.86,-62.0,-41.0,-20.86,0.0,20.0,40.0,60.0,79.14
9440,-215.4,-192.64,-170.64,-148.76,-126.76,-104.88,-83.88,-62.0,-41.0,-20.88,0.0,20.0,40.0,60.0,79.12
9450,-215.5,-192.7,-170.7,-148.8,-126.8,-104.9,-83.9,-62.0,-41.0,-20.9,0.0,20.0,40.0,60.0,79.1
9460,-215.6,-192.76,-170.76,-148.84,-126.84,-104.92,-83.92,-62.0,-41.0,-20.92,0.0,20.0,40.0,60.0,79.08
9470,-215.7,-192.82,-170.82,-148.88,-126.88,-104.94,-83.94,-62.0,-41.0,-20.94,0.0,20.0,40.0,60.0,79.06
9480,-215.8,-192.88,-170.88,-148.92,-126.92,-104.96,-83.96,-62.0,-41.0,-20.96,0.0,20.0,40.0,60.0,79.04
9490,-215.9,-192.94,-170.94,-148.96,-126.96,-104.98,-83.98,-62.0,-41.0,-20.98,0.0,20.0,40.0,60.0,79.02
9500,-216.0,-193.0,-171.0,-149.0,-127.0,-105.0,-84.0,-62.0,-41.0,-21.0,0.0,20.0,40.0,60.0,79.0
9510,-216.1,-193.2,-171.1,-149.1,-127.1,-105.1,-84.0,-62.1,-41.0,-21.0,0.0,20.0,40.0,59.9,78.9
9520,-216.2,-193.4,-171.2,-149.2,-127.2,-105.2,-84.0,-62.2,-41.0,-21.0,0.0,20.0,40.0,59.8,78.8
9530,-216.3,-193.6,-171.3,-149.3,-127.3,-105.3,-84.0,-62.3,-41.0,-21.0,0.0,20.0,40.0,59.7,78.7
9540,-216.4,-193.8,-171.4,-149.4,-127.4,-105.4,-84.0,-62.4,-41.0,-21.0,0.0,20.0,40.0,59.6,78.6
9550,-216.5,-194.0,-171.5,-149.5,-127.5,-105.5,-84.0,-62.5,-41.0,-21.0,0.0,20.0,40.0,59.5,78.5
9560,-216.6,-194.2,-171.6,-149.6,-127.6,-105.6,-84.0,-62.6,-41.0,-21.0,0.0,20.0,40.0,59.4,78.4
9570,-216.7,-194.4,-171.7,-149.7,-127.7,-105.7,-84.0,-62.7,-41.0,-21.0,0.0,20.0,40.0,59.3,78.3
9580,-216.8,-194.6,-171.8,-149.8,-127.8,-105.8,-84.0,-62.8,-41.0,-21.0,0.0,20.0,40.0,59.2,78.2
9590,-216.9,-194.8,-171.9,-149.9,-127.9,-105.9,-84.0,-62.9,-41.0,-21.0,0.0,20.0,40.0,59.1,78.1
9600,-217.0,-195.0,-172.0,-150.0,-128.0,-106.0,-84.0,-63.0,-41.0,-21.0,0.0,20.0,40.0,59.0,78.0
9610,-217.3,-195.2,-172.2,-150.1,-128.1,-106.1,-84.1,-63.0,-41.1,-21.0,0.0,20.0,40.0,59.0,77.9
9620,-217.6,-195.4,-172.4,-150.2,-128.2,-106.2,-84.2,-63.0,-41.2,-21.0,0.0,20.0,40.0,59.0,77.8
9630,-217.9,-195.6,-172.6,-150.3,-128.3,-106.3,-84.3,-63.0,-41.3,-21.0,0.0,20.0,40.0,59.0,77.7
9640,-218.2,-195.8,-172.8,-150.4,-128.4,-106.4,-84.4,-63.0,-41.4,-21.0,0.0,20.0,40.0,59.0,77.6
9650,-218.5,-196.0,-173.0,-150.5,-128.5,-106.5,-84.5,-63.0,-41.5,-21.0,0.0,20.0,40.0,59.0,77.5
9660,-218.8,-196.2,-173.2,-150.6,-128.6,-106.6,-84.6,-63.0,-41.6,-21.0,0.0,20.0,40.0,59.0,77.4
9670,-219.1,-196.4,-173.4,-150.7,-128.7,-106.7,-84.7,-63.0,-41.7,-21.0,0.0,20.0,40.0,59.0,77.3
9680,-219.4,-196.6,-173.6,-150.8,-128.8,-106.8,-84.8,-63.0,-41.8,-21.0,0.0,20.0,40.0,59.0,77.2
9690,-219.7,-196.8,-173.8,-150.9,-128.9,-106.9,-84.9,-63.0,-41.9,-21.0,0.0,20.0,40.0,59.0,77.1
9700,-220.0,-197.0,-174.0,-151.0,-129.0,-107.0,-85.0,-63.0,-42.0,-21.0,0.0,20.0,40.0,59.0,77.0
9710,-220.3,-197.2,-174.2,-151.2,-129.1,-107.1,-85.1,-63.1,-42.0,-21.0,0.0,20.0,39.9,58.8,76.6
9720,-220.6,-197.4,-174.4,-151.4,-129.2,-107.2,-85.2,-63.2,-42.0,-21.0,0.0,20.0,39.8,58.6,76.2
9730,-220.9,-197.6,-174.6,-151.6,-129.3,-107.3,-85.3,-63.3,-42.0,-21.0,0.0,20.0,39.7,58.4,75.8
9740,-221.2,-197.8,-174.8,-151.8,-129.4,-107.4,-85.4,-63.4,-42.0,-21.0,0.0,20.0,39.6,58.2,75.4
9750,-221.5,-198.0,-175.0,-152.0,-129.5,-107.5,-85.5,-63.5,-42.0,-21.0,0.0,20.0,39.5,58.0,75.0
9760,-221.8,-198.2,-175.2,-152.2,-129.6,-107.6,-85.6,-63.6,-42.0,-21.0,0.0,20.0,39.4,57.8,74.6
9770,-222.1,-198.4,-175.4,-152.4,-129.7,-107.7,-85.7,-63.7,-42.0,-21.0,0.0,20.0,39.3,57.6,74.2
9780,-222.4,-198.6,-175.6,-152.6,-129.8,-107.8,-85.8,-63.8,-42.0,-21.0,0.0,20.0,39.2,57.4,73.8
9790,-222.7,-198.8,-175.8,-152.8,-129.9,-107.9,-85.9,-63.9,-42.0,-21.0,0.0,20.0,39.1,57.2,73.4
9800,-223.0,-199.0,-176.0,-153.0,-130.0,-108.0,-86.0,-64.0,-42.0,-21.0,0.0,20.0,39.0,57.0,73.0
9810,-223.5,-199.5,-176.4,-153.4,-130.3,-108.2,-86.1,-64.1,-42.1,-21.0,0.0,20.0,38.8,56.3,71.4
9820,-224.0,-200.0,-176.8,-153.8,-130.6,-108.4,-86.2,-64.2,-42.2,-21.0,0.0,20.0,38.6,55.6,69.8
9830,-224.5,-200.5,-177.2,-154.2,-130.9,-108.6,-86.3,-64.3,-42.3,-21.0,0.0,20.0,38.4,54.9,68.2
9840,-225.0,-201.0,-177.6,-154.6,-131.2,-108.8,-86.4,-64.4,-42.4,-21.0,0.0,20.0,38.2,54.2,66.6
9850,-225.5,-201.5,-178.0,-155.0,-131.5,-109.0,-86.5,-64.5,-42.5,-21.0,0.0,20.0,38.0,53.5,65.0
9860,-226.0,-202.0,-178.4,-155.4,-131.8,-109.2,-86.6,-64.6,-42.6,-21.0,0.0,20.0,37.8,52.8,63.4
9870,-226.5,-202.5,-178.8,-155.8,-132.1,-109.4,-86.7,-64.7,-42.7,-21.0,0.0,20.0,37.6,52.1,61.8
9880,-227.0,-203.0,-179.2,-156.2,-132.4,-109.6,-86.8,-64.8,-42.8,-21.0,0.0,20.0,37.4,51.4,60.2
9890,-227.5,-203.5,-179.6,-156.6,-132.7,-109.8,-86.9,-64.9,-42.9,-21.0,0.0,20.0,37.2,50.7,58.6
9900,-228.0,-204.0,-180.0,-157.0,-133.0,-110.0,-87.0,-65.0,-43.0,-21.0,0.0,20.0,37.0,50.0,57.0
9910,-228.9,-204.9,-180.9,-157.8,-133.8,-110.7,-87.6,-65.4,-43.2,-21.1,0.0,18.8,34.1,45.8,52.0
9920,-229.8,-205.8,-181.8,-158.6,-134.6,-111.4,-88.2,-65.8,-43.4,-21.2,0.0,17.6,31.2,41.6,47.0
9930,-230.7,-206.7,-182.7,-159.4,-135.4,-112.1,-88.8,-66.2,-43.6,-21.3,0.0,16.4,28.3,37.4,42.0
9940,-231.6,-207.6,-183.6,-160.2,-136.2,-112.8,-89.4,-66.6,-43.8,-21.4,0.0,15.2,25.4,33.2,37.0
9950,-232.5,-208.5,-184.5,-161.0,-137.0,-113.5,-90.0,-67.0,-44.0,-21.5,0.0,14.0,22.5,29.0,32.0
9960,-233.4,-209.4,-185.4,-161.8,-137.8,-114.2,-90.6,-67.4,-44.2,-21.6,0.0,12.8,19.6,24.799999999999997,27.0
9970,-234.3,-210.3,-186.3,-162.6,-138.6,-114.9,-91.2,-67.8,-44.4,-21.7,0.0,11.6,16.7,20.599999999999998,22.0
9980,-235.2,-211.2,-187.2,-163.4,-139.4,-115.6,-91.8,-68.2,-44.6,-21.8,0.0,10.4,13.8,16.4,17.0
9990,-236.1,-212.1,-188.1,-164.2,-140.2,-116.3,-92.4,-68.6,-44.8,-21.9,0.0,9.200000000000001,10.900000000000002,12.199999999999996,12.0
10000,-237.0,-213.0,-189.0,-165.0,-141.0,-117.0,-93.0,-69.0,-45.0,-22.0,0.0,8.0,8.0,8.0,7.0
10010,-237.0,-213.0,-189.0,-165.0,-141.0,-117.0,-93.0,-69.0,-45.0,-22.0,0.0,8.0,8.0,8.0,7.0
