level,trim_-5.0,trim_-4.0,trim_-3.0,trim_-2.0,trim_-1.0,trim_0.0,trim_1.0,trim_2.0
0,0.8,0.8,0.8,0.8,0.8,0.8,1,1.4
1,0.9,0.9,0.9,0.9,0.9,0.9,1.1,1.5
2,1,0.9,0.9,0.9,0.9,1,1.2,1.6
3,1,1,1,1,1,1.1,1.4,1.8
4,1.1,1.1,1.1,1.1,1.1,1.2,1.5,2
5,1.2,1.2,1.2,1.1,1.2,1.4,1.7,2.2
6,1.3,1.3,1.2,1.2,1.3,1.5,1.9,2.4
7,1.4,1.4,1.3,1.3,1.5,1.7,2.1,2.7
8,1.5,1.5,1.5,1.5,1.6,1.9,2.4,2.9
9,1.7,1.6,1.6,1.6,1.8,2.2,2.6,3.2
10,1.8,1.7,1.7,1.8,2,2.4,2.9,3.4
11,1.9,1.9,1.9,2,2.2,2.6,3.1,3.7
12,2.1,2,2,2.2,2.5,2.9,3.4,4
13,2.2,2.2,2.2,2.4,2.7,3.2,3.7,4.3
14,2.4,2.4,2.4,2.6,3,3.4,4,4.7
15,2.6,2.6,2.7,2.9,3.3,3.7,4.3,5
16,2.7,2.8,2.9,3.2,3.5,4,4.7,5.3
17,2.9,3,3.1,3.4,3.8,4.4,5,5.7
18,3.2,3.2,3.4,3.7,4.2,4.7,5.3,6.1
19,3.4,3.5,3.7,4,4.5,5,5.7,6.4
20,3.6,3.7,4,4.3,4.8,5.4,6.1,6.8
21,3.9,4,4.3,4.7,5.1,5.7,6.4,7.2
22,4.1,4.3,4.6,5,5.5,6.1,6.8,7.6
23,4.4,4.6,4.9,5.3,5.9,6.5,7.2,8
24,4.7,4.9,5.3,5.7,6.2,6.9,7.6,8.4
25,5,5.3,5.6,6.1,6.6,7.3,8,8.9
26,5.3,5.6,6,6.4,7,7.7,8.5,9.3
27,5.7,5.9,6.3,6.8,7.4,8.1,8.9,9.7
28,6,6.3,6.7,7.2,7.8,8.6,9.3,10.2
29,6.4,6.7,7.1,7.6,8.3,9,9.8,10.7
30,6.7,7.1,7.5,8.1,8.7,9.4,10.2,11.1
31,7.1,7.5,7.9,8.5,9.1,9.9,10.7,11.6
32,7.5,7.9,8.3,8.9,9.6,10.4,11.2,12.1
33,7.9,8.3,8.8,9.4,10.1,10.8,11.7,12.6
34,8.3,8.7,9.2,9.8,10.5,11.3,12.2,13.1
35,8.7,9.1,9.7,10.3,11,11.8,12.7,13.7
36,9.1,9.6,10.1,10.8,11.5,12.3,13.2,14.2
37,9.5,10,10.6,11.2,12,12.8,13.7,14.7
38,10,10.5,11.1,11.7,12.5,13.3,14.3,15.3
39,10.4,10.9,11.5,12.2,13,13.8,14.8,15.8
40,10.9,11.4,12,12.7,13.5,14.4,15.3,16.4
41,11.3,11.9,12.5,13.2,14,14.9,15.9,17
42,11.8,12.4,13,13.8,14.6,15.5,16.5,17.6
43,12.3,12.9,13.5,14.3,15.1,16,17,18.2
44,12.8,13.4,14.1,14.8,15.7,16.6,17.6,18.8
45,13.3,13.9,14.6,15.4,16.2,17.2,18.2,19.4
46,13.8,14.4,15.1,15.9,16.8,17.7,18.8,20
47,14.4,15,15.7,16.5,17.4,18.3,19.4,20.6
48,14.9,15.5,16.3,17,17.9,18.9,20,21.2
49,15.4,16.1,16.8,17.6,18.5,19.5,20.6,21.9
50,16,16.6,17.4,18.2,19.1,20.1,21.3,22.5
51,16.5,17.2,18,18.8,19.7,20.8,21.9,23.1
52,17.1,17.8,18.5,19.4,20.3,21.4,22.5,23.8
53,17.7,18.4,19.1,20,21,22,23.2,24.5
54,18.2,19,19.7,20.6,21.6,22.7,23.9,25.1
55,18.8,19.6,20.3,21.2,22.2,23.3,24.5,25.8
56,19.4,20.2,21,21.9,22.9,24,25.2,26.5
57,20,20.8,21.6,22.5,23.5,24.7,25.9,27.2
58,20.6,21.4,22.2,23.2,24.2,25.3,26.6,27.9
59,21.2,22,22.9,23.8,24.9,26,27.3,28.6
60,21.9,22.6,23.5,24.5,25.5,26.7,28,29.3
61,22.5,23.3,24.2,25.1,26.2,27.4,28.7,30
62,23.1,23.9,24.8,25.8,26.9,28.1,29.4,30.8
63,23.8,24.6,25.5,26.5,27.6,28.8,30.1,31.5
64,24.4,25.2,26.2,27.2,28.3,29.5,30.8,32.2
65,25.1,25.9,26.9,27.9,29,30.2,31.6,33
66,25.7,26.6,27.5,28.6,29.7,31,32.3,33.7
67,26.4,27.3,28.2,29.3,30.5,31.7,33.1,34.5
68,27.1,28,28.9,30,31.2,32.5,33.8,35.3
69,27.8,28.7,29.7,30.7,31.9,33.2,34.6,36
70,28.5,29.4,30.4,31.5,32.7,34,35.4,36.8
71,29.2,30.1,31.1,32.2,33.4,34.7,36.1,37.6
72,29.9,30.8,31.8,33,34.2,35.5,36.9,38.4
73,30.6,31.5,32.6,33.7,35,36.3,37.7,39.2
74,31.3,32.3,33.3,34.5,35.7,37.1,38.5,40
75,32,33,34.1,35.3,36.5,37.9,39.3,40.8
76,32.7,33.7,34.9,36,37.3,38.7,40.1,41.7
77,33.5,34.5,35.6,36.8,38.1,39.5,40.9,42.5
78,34.2,35.3,36.4,37.6,38.9,40.3,41.8,43.3
79,35,36,37.2,38.4,39.7,41.1,42.6,44.2
80,35.7,36.8,37.9,39.2,40.5,41.9,43.4,45
81,36.5,37.6,38.7,40,41.3,42.8,44.3,45.8
82,37.3,38.3,39.5,40.8,42.2,43.6,45.1,46.7
83,38,39.1,40.3,41.6,43,44.4,46,47.6
84,38.8,39.9,41.1,42.4,43.8,45.3,46.8,48.4
85,39.6,40.7,42,43.3,44.7,46.1,47.7,49.3
86,40.4,41.6,42.8,44.1,45.5,47,48.6,50.2
87,41.2,42.4,43.6,44.9,46.4,47.9,49.4,51.1
88,42,43.2,44.4,45.8,47.2,48.7,50.3,51.9
89,42.9,44,45.3,46.6,48.1,49.6,51.2,52.8
90,43.7,44.9,46.1,47.5,48.9,50.5,52.1,53.7
91,44.5,45.7,47,48.4,49.8,51.4,53,54.6
92,45.3,46.6,47.8,49.2,50.7,52.3,53.9,55.6
93,46.2,47.4,48.7,50.1,51.6,53.2,54.8,56.5
94,47,48.3,49.6,51,52.5,54.1,55.7,57.4
95,47.9,49.1,50.5,51.9,53.4,55,56.6,58.3
96,48.8,50,51.3,52.8,54.3,55.9,57.5,59.2
97,49.6,50.9,52.2,53.7,55.2,56.8,58.4,60.2
98,50.5,51.8,53.1,54.6,56.1,57.7,59.4,61.1
99,51.4,52.7,54,55.5,57,58.6,60.3,62.1
100,52.3,53.6,54.9,56.4,58,59.6,61.2,63
101,53.2,54.5,55.9,57.3,58.9,60.5,62.2,64
102,54.1,55.4,56.8,58.3,59.8,61.4,63.2,65
103,55,56.3,57.7,59.2,60.8,62.4,64.1,65.9
104,55.9,57.2,58.6,60.2,61.7,63.3,65.1,66.9
105,56.8,58.2,59.6,61.1,62.7,64.3,66.1,67.9
106,57.8,59.1,60.5,62,63.6,65.3,67,68.9
107,58.7,60,61.5,63,64.6,66.3,68,69.9
108,59.6,61,62.4,64,65.5,67.2,69,70.9
109,60.6,61.9,63.4,64.9,66.5,68.2,70,71.9
110,61.5,62.9,64.4,65.9,67.5,69.2,71,72.9
111,62.5,63.9,65.4,66.9,68.5,70.2,72,73.9
112,63.4,64.8,66.3,67.9,69.5,71.2,73,74.9
113,64.4,65.8,67.3,68.8,70.5,72.2,74,75.9
114,65.4,66.8,68.3,69.8,71.5,73.2,75,77
115,66.4,67.8,69.3,70.8,72.5,74.2,76.1,78
116,67.3,68.8,70.3,71.8,73.5,75.3,77.1,79
117,68.3,69.8,71.3,72.9,74.5,76.3,78.1,80.1
118,69.3,70.8,72.3,73.9,75.6,77.3,79.2,81.1
119,70.3,71.8,73.3,74.9,76.6,78.4,80.2,82.2
120,71.3,72.8,74.3,75.9,77.6,79.4,81.3,83.3
121,72.4,73.8,75.3,77,78.7,80.5,82.4,84.3
122,73.4,74.8,76.4,78,79.7,81.5,83.4,85.4
123,74.4,75.9,77.4,79.1,80.8,82.6,84.5,86.5
124,75.4,76.9,78.5,80.1,81.8,83.7,85.6,87.6
125,76.5,77.9,79.5,81.2,82.9,84.7,86.7,88.7
126,77.5,79,80.6,82.2,84,85.8,87.7,89.8
127,78.5,80,81.6,83.3,85.1,86.9,88.8,90.9
128,79.6,81.1,82.7,84.4,86.1,88,89.9,92
129,80.6,82.1,83.7,85.4,87.2,89.1,91,93.1
130,81.7,83.2,84.8,86.5,88.3,90.2,92.2,94.2
131,82.7,84.3,85.9,87.6,89.4,91.3,93.3,95.3
132,83.8,85.3,87,88.7,90.5,92.4,94.4,96.4
133,84.9,86.4,88.1,89.8,91.6,93.5,95.5,97.5
134,85.9,87.5,89.2,90.9,92.7,94.6,96.6,98.7
135,87,88.6,90.3,92,93.8,95.8,97.8,99.8
136,88.1,89.7,91.4,93.1,95,96.9,98.9,101
137,89.2,90.8,92.5,94.2,96.1,98,100,102.1
138,90.3,91.9,93.6,95.4,97.2,99.2,101.2,103.3
139,91.4,93,94.7,96.5,98.4,100.3,102.3,104.4
140,92.5,94.1,95.8,97.6,99.5,101.5,103.5,105.6
141,93.6,95.2,97,98.8,100.7,102.6,104.6,106.7
142,94.7,96.3,98.1,99.9,101.8,103.8,105.8,107.9
143,95.8,97.5,99.2,101.1,103,104.9,107,109.1
144,96.9,98.6,100.4,102.2,104.1,106.1,108.1,110.3
145,98.1,99.7,101.5,103.4,105.3,107.3,109.3,111.4
146,99.2,100.9,102.7,104.5,106.5,108.4,110.5,112.6
147,100.3,102,103.8,105.7,107.6,109.6,111.7,113.8
148,101.5,103.2,105,106.9,108.8,110.8,112.9,115
149,102.6,104.3,106.1,108,110,112,114.1,116.2
150,103.8,105.5,107.3,109.2,111.2,113.2,115.3,117.4
151,104.9,106.7,108.5,110.4,112.3,114.4,116.5,118.7
152,106.1,107.8,109.7,111.6,113.5,115.6,117.7,119.9
153,107.3,109,110.8,112.8,114.7,116.8,118.9,121.1
154,108.4,110.2,112,114,115.9,118,120.1,122.3
155,109.6,111.4,113.2,115.1,117.1,119.2,121.3,123.6
156,110.8,112.6,114.4,116.3,118.3,120.4,122.6,124.8
157,112,113.8,115.6,117.6,119.5,121.6,123.8,126
158,113.2,115,116.8,118.8,120.8,122.9,125,127.3
159,114.4,116.2,118,120,122,124.1,126.3,128.5
160,115.6,117.4,119.3,121.2,123.2,125.3,127.5,129.8
161,116.8,118.6,120.5,122.4,124.4,126.6,128.7,131
162,118,119.8,121.7,123.6,125.7,127.8,130,132.3
163,119.2,121,122.9,124.9,126.9,129,131.3,133.6
164,120.4,122.3,124.1,126.1,128.2,130.3,132.5,134.8
165,121.6,123.5,125.4,127.4,129.4,131.6,133.8,136.1
166,122.9,124.7,126.6,128.6,130.7,132.8,135.1,137.4
167,124.1,126,127.9,129.9,131.9,134.1,136.3,138.7
168,125.3,127.2,129.1,131.1,133.2,135.4,137.6,140
169,126.6,128.4,130.4,132.4,134.5,136.6,138.9,141.3
170,127.8,129.7,131.6,133.6,135.7,137.9,140.2,142.6
171,129.1,130.9,132.9,134.9,137,139.2,141.5,143.9
172,130.3,132.2,134.1,136.2,138.3,140.5,142.8,145.2
173,131.6,133.5,135.4,137.5,139.6,141.8,144.1,146.5
174,132.9,134.7,136.7,138.7,140.9,143.1,145.4,147.8
175,134.1,136,138,140,142.1,144.4,146.7,149.1
176,135.4,137.3,139.2,141.3,143.4,145.7,148,150.4
177,136.7,138.6,140.5,142.6,144.7,147,149.3,151.8
178,137.9,139.8,141.8,143.9,146.1,148.3,150.7,153.1
179,139.2,141.1,143.1,145.2,147.4,149.6,152,154.4
180,140.5,142.4,144.4,146.5,148.7,151,153.3,155.8
181,141.8,143.7,145.7,147.8,150,152.3,154.7,157.1
182,143.1,145,147,149.1,151.3,153.6,156,158.4
183,144.4,146.3,148.3,150.5,152.7,155,157.3,159.8
184,145.7,147.6,149.7,151.8,154,156.3,158.7,161.2
185,147,148.9,151,153.1,155.3,157.6,160,162.5
186,148.3,150.2,152.3,154.4,156.7,159,161.4,163.9
187,149.6,151.6,153.6,155.8,158,160.3,162.8,165.2
188,150.9,152.9,155,157.1,159.4,161.7,164.1,166.6
189,152.2,154.2,156.3,158.5,160.7,163.1,165.5,168
190,153.5,155.5,157.6,159.8,162.1,164.4,166.9,169.4
191,154.9,156.9,159,161.2,163.5,165.8,168.2,170.7
192,156.2,158.2,160.3,162.5,164.8,167.2,169.6,172.1
193,157.5,159.6,161.7,163.9,166.2,168.6,171,173.5
194,158.9,160.9,163,165.3,167.6,169.9,172.4,174.9
195,160.2,162.3,164.4,166.6,168.9,171.3,173.8,176.3
196,161.6,163.6,165.8,168,170.3,172.7,175.2,177.7
197,162.9,165,167.1,169.4,171.7,174.1,176.6,179.1
198,164.3,166.3,168.5,170.8,173.1,175.5,178,180.5
199,165.6,167.7,169.9,172.1,174.5,176.9,179.4,181.9
200,167,169.1,171.3,173.5,175.9,178.3,180.8,183.3
201,168.3,170.4,172.6,174.9,177.3,179.7,182.2,184.8
202,169.7,171.8,174,176.3,178.7,181.1,183.6,186.2
203,171.1,173.2,175.4,177.7,180.1,182.5,185,187.6
204,172.5,174.6,176.8,179.1,181.5,183.9,186.5,189
205,173.8,176,178.2,180.5,182.9,185.4,187.9,190.5
206,175.2,177.4,179.6,181.9,184.3,186.8,189.3,191.9
207,176.6,178.8,181,183.3,185.7,188.2,190.7,193.4
208,178,180.2,182.4,184.8,187.2,189.6,192.2,194.8
209,179.4,181.6,183.8,186.2,188.6,191.1,193.6,196.2
210,180.8,183,185.3,187.6,190,192.5,195.1,197.7
211,182.3,184.4,186.7,189,191.5,193.9,196.5,199.1
212,183.7,185.9,188.1,190.5,192.9,195.4,197.9,200.6
213,185.1,187.3,189.5,191.9,194.3,196.8,199.4,202.1
214,186.5,188.7,191,193.3,195.8,198.3,200.9,203.5
215,187.9,190.1,192.4,194.8,197.2,199.7,202.3,205
216,189.4,191.6,193.9,196.2,198.7,201.2,203.8,206.5
217,190.8,193,195.3,197.7,200.1,202.7,205.3,207.9
218,192.2,194.5,196.8,199.1,201.6,204.1,206.7,209.4
219,193.7,195.9,198.2,200.6,203,205.6,208.2,210.9
220,195.1,197.4,199.7,202.1,204.5,207.1,209.7,212.4
221,196.6,198.8,201.1,203.5,206,208.5,211.2,213.9
222,198,200.3,202.6,205,207.5,210,212.6,215.4
223,199.5,201.7,204.1,206.5,208.9,211.5,214.1,216.9
224,200.9,203.2,205.5,207.9,210.4,213,215.6,218.4
225,202.4,204.7,207,209.4,211.9,214.5,217.1,219.9
226,203.9,206.1,208.5,210.9,213.4,216,218.6,221.4
227,205.3,207.6,210,212.4,214.9,217.5,220.1,222.9
228,206.8,209.1,211.5,213.9,216.4,219,221.6,224.4
229,208.3,210.6,212.9,215.4,217.9,220.5,223.1,225.9
230,209.8,212.1,214.4,216.9,219.4,222,224.7,227.4
231,211.3,213.6,215.9,218.4,220.9,223.5,226.2,228.9
232,212.7,215.1,217.4,219.9,222.4,225,227.7,230.5
233,214.2,216.5,218.9,221.4,223.9,226.5,229.2,232
234,215.7,218,220.4,222.9,225.4,228.1,230.8,233.5
235,217.2,219.5,221.9,224.4,227,229.6,232.3,235.1
236,218.7,221.1,223.4,225.9,228.5,231.1,233.8,236.6
237,220.2,222.6,225,227.4,230,232.6,235.4,238.1
238,221.7,224.1,226.5,229,231.5,234.2,236.9,239.7
239,223.2,225.6,228,230.5,233.1,235.7,238.4,241.2
240,224.8,227.1,229.5,232,234.6,237.3,240,242.8
241,226.3,228.6,231.1,233.6,236.1,238.8,241.5,244.3
242,227.8,230.2,232.6,235.1,237.7,240.4,243.1,245.9
243,229.3,231.7,234.1,236.6,239.2,241.9,244.7,247.5
244,230.8,233.2,235.7,238.2,240.8,243.5,246.2,249
245,232.4,234.7,237.2,239.7,242.3,245,247.8,250.6
246,233.9,236.3,238.7,241.3,243.9,246.6,249.3,252.2
247,235.4,237.8,240.3,242.8,245.5,248.2,250.9,253.7
248,237,239.4,241.8,244.4,247,249.7,252.5,255.3
249,238.5,240.9,243.4,246,248.6,251.3,254.1,256.9
250,240.1,242.5,245,247.5,250.2,252.9,255.6,258.5
251,241.6,244,246.5,249.1,251.7,254.4,257.2,260.1
252,243.2,245.6,248.1,250.7,253.3,256,258.8,261.7
253,244.7,247.1,249.6,252.2,254.9,257.6,260.4,263.2
254,246.3,248.7,251.2,253.8,256.5,259.2,262,264.8
255,247.8,250.3,252.8,255.4,258,260.8,263.6,266.4
256,249.4,251.8,254.4,257,259.6,262.4,265.2,268
257,251,253.4,255.9,258.5,261.2,264,266.8,269.6
258,252.5,255,257.5,260.1,262.8,265.6,268.4,271.3
259,254.1,256.6,259.1,261.7,264.4,267.2,270,272.9
260,255.7,258.2,260.7,263.3,266,268.8,271.6,274.5
261,257.3,259.7,262.3,264.9,267.6,270.4,273.2,276.1
262,258.9,261.3,263.9,266.5,269.2,272,274.8,277.7
263,260.4,262.9,265.5,268.1,270.8,273.6,276.4,279.4
264,262,264.5,267.1,269.7,272.4,275.2,278,281
265,263.6,266.1,268.7,271.3,274,276.8,279.7,282.6
266,265.2,267.7,270.3,272.9,275.7,278.4,281.3,284.2
267,266.8,269.3,271.9,274.6,277.3,280.1,282.9,285.9
268,268.4,270.9,273.5,276.2,278.9,281.7,284.6,287.5
269,270,272.5,275.1,277.8,280.5,283.3,286.2,289.2
270,271.6,274.2,276.8,279.4,282.1,284.9,287.8,290.8
271,273.2,275.8,278.4,281,283.8,286.6,289.5,292.4
272,274.9,277.4,280,282.7,285.4,288.2,291.1,294.1
273,276.5,279,281.6,284.3,287,289.9,292.8,295.7
274,278.1,280.6,283.3,285.9,288.7,291.5,294.4,297.4
275,279.7,282.3,284.9,287.6,290.3,293.2,296.1,299.1
276,281.3,283.9,286.5,289.2,292,294.8,297.7,300.7
277,283,285.5,288.2,290.8,293.6,296.5,299.4,302.4
278,284.6,287.2,289.8,292.5,295.3,298.1,301,304
279,286.2,288.8,291.4,294.1,296.9,299.8,302.7,305.7
280,287.9,290.4,293.1,295.8,298.6,301.4,304.4,307.4
281,289.5,292.1,294.7,297.4,300.2,303.1,306,309.1
282,291.2,293.7,296.4,299.1,301.9,304.8,307.7,310.7
283,292.8,295.4,298,300.8,303.6,306.4,309.4,312.4
284,294.5,297,299.7,302.4,305.2,308.1,311.1,314.1
285,296.1,298.7,301.4,304.1,306.9,309.8,312.8,315.8
286,297.8,300.3,303,305.8,308.6,311.5,314.4,317.5
287,299.4,302,304.7,307.4,310.3,313.2,316.1,319.2
288,301.1,303.7,306.3,309.1,311.9,314.8,317.8,320.9
289,302.7,305.3,308,310.8,313.6,316.5,319.5,322.5
290,304.4,307,309.7,312.5,315.3,318.2,321.2,324.2
291,306.1,308.7,311.4,314.1,317,319.9,322.9,325.9
292,307.7,310.3,313,315.8,318.7,321.6,324.6,327.6
293,309.4,312,314.7,317.5,320.4,323.3,326.3,329.4
294,311.1,313.7,316.4,319.2,322.1,325,328,331.1
295,312.7,315.4,318.1,320.9,323.8,326.7,329.7,332.8
296,314.4,317.1,319.8,322.6,325.5,328.4,331.4,334.5
297,316.1,318.7,321.5,324.3,327.2,330.1,333.1,336.2
298,317.8,320.4,323.2,326,328.9,331.8,334.8,337.9
299,319.5,322.1,324.9,327.7,330.6,333.5,336.6,339.6
300,321.2,323.8,326.6,329.4,332.3,335.2,338.3,341.4
301,322.9,325.5,328.3,331.1,334,337,340,343.1
302,324.6,327.2,330,332.8,335.7,338.7,341.7,344.8
303,326.3,328.9,331.7,334.5,337.4,340.4,343.4,346.6
304,328,330.6,333.4,336.2,339.1,342.1,345.2,348.3
305,329.7,332.3,335.1,338,340.9,343.8,346.9,350
306,331.4,334.1,336.8,339.7,342.6,345.6,348.6,351.8
307,333.1,335.8,338.5,341.4,344.3,347.3,350.4,353.5
308,334.8,337.5,340.3,343.1,346,349,352.1,355.2
309,336.5,339.2,342,344.8,347.8,350.8,353.8,357
310,338.2,340.9,343.7,346.6,349.5,352.5,355.6,358.7
311,339.9,342.7,345.4,348.3,351.2,354.3,357.3,360.5
312,341.7,344.4,347.2,350.1,353,356,359.1,362.2
313,343.4,346.1,348.9,351.8,354.7,357.7,360.8,364
314,345.1,347.8,350.7,353.5,356.5,359.5,362.6,365.7
315,346.8,349.6,352.4,355.3,358.2,361.2,364.3,367.5
316,348.6,351.3,354.1,357,360,363,366.1,369.3
317,350.3,353.1,355.9,358.8,361.7,364.8,367.9,371
318,352,354.8,357.6,360.5,363.5,366.5,369.6,372.8
319,353.8,356.5,359.4,362.3,365.2,368.3,371.4,374.6
320,355.5,358.3,361.1,364,367,370,373.1,376.3
321,357.3,360,362.9,365.8,368.8,371.8,374.9,378.1
322,359,361.8,364.6,367.5,370.5,373.6,376.7,379.9
323,360.8,363.5,366.4,369.3,372.3,375.3,378.5,381.7
324,362.5,365.3,368.1,371.1,374.1,377.1,380.2,383.4
325,364.3,367.1,369.9,372.8,375.8,378.9,382,385.2
326,366,368.8,371.7,374.6,377.6,380.7,383.8,387
327,367.8,370.6,373.4,376.4,379.4,382.4,385.6,388.8
328,369.5,372.3,375.2,378.1,381.2,384.2,387.4,390.6
329,371.3,374.1,377,379.9,382.9,386,389.2,392.4
330,373.1,375.9,378.8,381.7,384.7,387.8,390.9,394.2
331,374.8,377.7,380.5,383.5,386.5,389.6,392.7,395.9
332,376.6,379.4,382.3,385.3,388.3,391.4,394.5,397.7
333,378.4,381.2,384.1,387,390.1,393.2,396.3,399.5
334,380.2,383,385.9,388.8,391.9,395,398.1,401.3
335,381.9,384.8,387.7,390.6,393.7,396.8,399.9,403.2
336,383.7,386.5,389.4,392.4,395.5,398.6,401.7,405
337,385.5,388.3,391.2,394.2,397.3,400.4,403.5,406.8
338,387.3,390.1,393,396,399.1,402.2,405.3,408.6
339,389.1,391.9,394.8,397.8,400.9,404,407.1,410.4
340,390.9,393.7,396.6,399.6,402.7,405.8,409,412.2
341,392.6,395.5,398.4,401.4,404.5,407.6,410.8,414
342,394.4,397.3,400.2,403.2,406.3,409.4,412.6,415.8
343,396.2,399.1,402,405,408.1,411.2,414.4,417.7
344,398,400.9,403.8,406.8,409.9,413,416.2,419.5
345,399.8,402.7,405.6,408.6,411.7,414.8,418,421.3
346,401.6,404.5,407.4,410.4,413.5,416.7,419.9,423.1
347,403.4,406.3,409.2,412.3,415.3,418.5,421.7,425
348,405.2,408.1,411.1,414.1,417.2,420.3,423.5,426.8
349,407,409.9,412.9,415.9,419,422.1,425.3,428.6
350,408.9,411.7,414.7,417.7,420.8,424,427.2,430.5
351,410.7,413.6,416.5,419.5,422.6,425.8,429,432.3
352,412.5,415.4,418.3,421.4,424.5,427.6,430.8,434.1
353,414.3,417.2,420.2,423.2,426.3,429.4,432.7,436
354,416.1,419,422,425,428.1,431.3,434.5,437.8
355,417.9,420.8,423.8,426.8,429.9,433.1,436.4,439.7
356,419.8,422.7,425.6,428.7,431.8,435,438.2,441.5
357,421.6,424.5,427.5,430.5,433.6,436.8,440,443.4
358,423.4,426.3,429.3,432.4,435.5,438.6,441.9,445.2
359,425.2,428.2,431.1,434.2,437.3,440.5,443.7,447.1
360,427.1,430,433,436,439.1,442.3,445.6,448.9
361,428.9,431.8,434.8,437.9,441,444.2,447.4,450.8
362,430.7,433.7,436.7,439.7,442.8,446,449.3,452.6
363,432.6,435.5,438.5,441.6,444.7,447.9,451.2,454.5
364,434.4,437.3,440.3,443.4,446.5,449.7,453,456.3
365,436.2,439.2,442.2,445.3,448.4,451.6,454.9,458.2
366,438.1,441,444,447.1,450.3,453.5,456.7,460.1
367,439.9,442.9,445.9,449,452.1,455.3,458.6,461.9
368,441.8,444.7,447.7,450.8,454,457.2,460.5,463.8
369,443.6,446.6,449.6,452.7,455.8,459,462.3,465.7
370,445.5,448.4,451.4,454.5,457.7,460.9,464.2,467.5
371,447.3,450.3,453.3,456.4,459.6,462.8,466.1,469.4
372,449.2,452.1,455.2,458.3,461.4,464.7,467.9,471.3
373,451,454,457,460.1,463.3,466.5,469.8,473.2
374,452.9,455.9,458.9,462,465.2,468.4,471.7,475.1
375,454.7,457.7,460.8,463.9,467,470.3,473.6,476.9
376,456.6,459.6,462.6,465.7,468.9,472.1,475.5,478.8
377,458.5,461.4,464.5,467.6,470.8,474,477.3,480.7
378,460.3,463.3,466.4,469.5,472.7,475.9,479.2,482.6
379,462.2,465.2,468.2,471.4,474.5,477.8,481.1,484.5
380,464.1,467,470.1,473.2,476.4,479.7,483,486.4
381,465.9,468.9,472,475.1,478.3,481.6,484.9,488.3
382,467.8,470.8,473.9,477,480.2,483.4,486.8,490.1
383,469.7,472.7,475.7,478.9,482.1,485.3,488.7,492
384,471.5,474.5,477.6,480.8,484,487.2,490.5,493.9
385,473.4,476.4,479.5,482.6,485.8,489.1,492.4,495.8
386,475.3,478.3,481.4,484.5,487.7,491,494.3,497.7
387,477.2,480.2,483.3,486.4,489.6,492.9,496.2,499.6
388,479,482.1,485.2,488.3,491.5,494.8,498.1,501.5
389,480.9,484,487,490.2,493.4,496.7,500,503.4
390,482.8,485.8,488.9,492.1,495.3,498.6,501.9,505.3
391,484.7,487.7,490.8,494,497.2,500.5,503.8,507.2
392,486.6,489.6,492.7,495.9,499.1,502.4,505.7,509.2
393,488.5,491.5,494.6,497.8,501,504.3,507.7,511.1
394,490.4,493.4,496.5,499.7,502.9,506.2,509.6,513
395,492.3,495.3,498.4,501.6,504.8,508.1,511.5,514.9
396,494.1,497.2,500.3,503.5,506.7,510,513.4,516.8
397,496,499.1,502.2,505.4,508.6,511.9,515.3,518.7
398,497.9,501,504.1,507.3,510.5,513.8,517.2,520.6
399,499.8,502.9,506,509.2,512.4,515.8,519.1,522.6
400,501.7,504.8,507.9,511.1,514.4,517.7,521,524.5
401,503.6,506.7,509.8,513,516.3,519.6,523,526.4
402,505.5,508.6,511.7,514.9,518.2,521.5,524.9,528.3
403,507.4,510.5,513.6,516.8,520.1,523.4,526.8,530.2
404,509.3,512.4,515.6,518.8,522,525.3,528.7,532.2
405,511.3,514.3,517.5,520.7,523.9,527.3,530.7,534.1
406,513.2,516.2,519.4,522.6,525.9,529.2,532.6,536
407,515.1,518.2,521.3,524.5,527.8,531.1,534.5,538
408,517,520.1,523.2,526.4,529.7,533,536.4,539.9
409,518.9,522,525.1,528.4,531.6,535,538.4,541.8
410,520.8,523.9,527.1,530.3,533.6,536.9,540.3,543.7
411,522.7,525.8,529,532.2,535.5,538.8,542.2,545.7
412,524.6,527.7,530.9,534.1,537.4,540.8,544.2,547.6
413,526.6,529.7,532.8,536.1,539.3,542.7,546.1,549.5
414,528.5,531.6,534.8,538,541.3,544.6,548,551.5
415,530.4,533.5,536.7,539.9,543.2,546.6,550,553.4
416,532.3,535.4,538.6,541.8,545.1,548.5,551.9,555.4
417,534.3,537.4,540.5,543.8,547.1,550.4,553.8,557.3
418,536.2,539.3,542.5,545.7,549,552.4,555.8,559.3
419,538.1,541.2,544.4,547.6,550.9,554.3,557.7,561.2
420,540,543.2,546.3,549.6,552.9,556.2,559.7,563.1
421,542,545.1,548.3,551.5,554.8,558.2,561.6,565.1
422,543.9,547,550.2,553.5,556.8,560.1,563.6,567
423,545.8,549,552.2,555.4,558.7,562.1,565.5,569
424,547.8,550.9,554.1,557.3,560.7,564,567.5,570.9
425,549.7,552.8,556,559.3,562.6,566,569.4,572.9
426,551.6,554.8,558,561.2,564.6,567.9,571.4,574.8
427,553.6,556.7,559.9,563.2,566.5,569.9,573.3,576.8
428,555.5,558.7,561.9,565.1,568.4,571.8,575.3,578.7
429,557.5,560.6,563.8,567.1,570.4,573.8,577.2,580.7
430,559.4,562.6,565.8,569,572.4,575.7,579.2,582.7
431,561.4,564.5,567.7,571,574.3,577.7,581.1,584.6
432,563.3,566.4,569.7,572.9,576.3,579.6,583.1,586.6
433,565.2,568.4,571.6,574.9,578.2,581.6,585,588.5
434,567.2,570.3,573.6,576.8,580.2,583.6,587,590.5
435,569.1,572.3,575.5,578.8,582.1,585.5,589,592.5
436,571.1,574.2,577.5,580.7,584.1,587.5,590.9,594.4
437,573,576.2,579.4,582.7,586,589.4,592.9,596.4
438,575,578.2,581.4,584.7,588,591.4,594.8,598.4
439,576.9,580.1,583.3,586.6,590,593.4,596.8,600.3
440,578.9,582.1,585.3,588.6,591.9,595.3,598.8,602.3
441,580.9,584,587.3,590.5,593.9,597.3,600.7,604.3
442,582.8,586,589.2,592.5,595.9,599.3,602.7,606.2
443,584.8,587.9,591.2,594.5,597.8,601.2,604.7,608.2
444,586.7,589.9,593.1,596.4,599.8,603.2,606.7,610.2
445,588.7,591.9,595.1,598.4,601.8,605.2,608.6,612.1
446,590.7,593.8,597.1,600.4,603.7,607.1,610.6,614.1
447,592.6,595.8,599,602.3,605.7,609.1,612.6,616.1
448,594.6,597.8,601,604.3,607.7,611.1,614.6,618.1
449,596.5,599.7,603,606.3,609.6,613.1,616.5,620.1
450,598.5,601.7,604.9,608.3,611.6,615,618.5,622
451,600.5,603.7,606.9,610.2,613.6,617,620.5,624
452,602.4,605.6,608.9,612.2,615.6,619,622.5,626
453,604.4,607.6,610.9,614.2,617.5,621,624.4,628
454,606.4,609.6,612.8,616.1,619.5,622.9,626.4,630
455,608.4,611.6,614.8,618.1,621.5,624.9,628.4,631.9
456,610.3,613.5,616.8,620.1,623.5,626.9,630.4,633.9
457,612.3,615.5,618.8,622.1,625.5,628.9,632.4,635.9
458,614.3,617.5,620.7,624.1,627.4,630.9,634.3,637.9
459,616.2,619.5,622.7,626,629.4,632.8,636.3,639.9
460,618.2,621.4,624.7,628,631.4,634.8,638.3,641.9
461,620.2,623.4,626.7,630,633.4,636.8,640.3,643.8
462,622.2,625.4,628.7,632,635.4,638.8,642.3,645.8
463,624.2,627.4,630.6,634,637.4,640.8,644.3,647.8
464,626.1,629.4,632.6,636,639.3,642.8,646.3,649.8
465,628.1,631.3,634.6,637.9,641.3,644.8,648.3,651.8
466,630.1,633.3,636.6,639.9,643.3,646.8,650.3,653.8
467,632.1,635.3,638.6,641.9,645.3,648.7,652.2,655.8
468,634.1,637.3,640.6,643.9,647.3,650.7,654.2,657.8
469,636,639.3,642.6,645.9,649.3,652.7,656.2,659.8
470,638,641.3,644.5,647.9,651.3,654.7,658.2,661.8
471,640,643.2,646.5,649.9,653.3,656.7,660.2,663.8
472,642,645.2,648.5,651.9,655.3,658.7,662.2,665.8
473,644,647.2,650.5,653.9,657.3,660.7,664.2,667.8
474,646,649.2,652.5,655.8,659.2,662.7,666.2,669.8
475,648,651.2,654.5,657.8,661.2,664.7,668.2,671.8
476,650,653.2,656.5,659.8,663.2,666.7,670.2,673.8
477,651.9,655.2,658.5,661.8,665.2,668.7,672.2,675.8
478,653.9,657.2,660.5,663.8,667.2,670.7,674.2,677.8
479,655.9,659.2,662.5,665.8,669.2,672.7,676.2,679.8
480,657.9,661.2,664.5,667.8,671.2,674.7,678.2,681.8
481,659.9,663.2,666.5,669.8,673.2,676.7,680.2,683.8
482,661.9,665.2,668.5,671.8,675.2,678.7,682.2,685.8
483,663.9,667.2,670.5,673.8,677.2,680.7,684.2,687.8
484,665.9,669.2,672.5,675.8,679.2,682.7,686.2,689.8
485,667.9,671.1,674.5,677.8,681.2,684.7,688.2,691.8
486,669.9,673.1,676.5,679.8,683.2,686.7,690.2,693.8
487,671.9,675.1,678.5,681.8,685.2,688.7,692.2,695.8
488,673.9,677.1,680.5,683.8,687.2,690.7,694.2,697.8
489,675.9,679.1,682.5,685.8,689.3,692.7,696.2,699.8
490,677.9,681.1,684.5,687.8,691.3,694.7,698.3,701.8
491,679.9,683.2,686.5,689.8,693.3,696.7,700.3,703.8
492,681.9,685.2,688.5,691.8,695.3,698.7,702.3,705.8
493,683.9,687.2,690.5,693.9,697.3,700.8,704.3,707.9
494,685.9,689.2,692.5,695.9,699.3,702.8,706.3,709.9
495,687.9,691.2,694.5,697.9,701.3,704.8,708.3,711.9
496,689.9,693.2,696.5,699.9,703.3,706.8,710.3,713.9
497,691.9,695.2,698.5,701.9,705.3,708.8,712.3,715.9
498,693.9,697.2,700.5,703.9,707.3,710.8,714.3,717.9
499,695.9,699.2,702.5,705.9,709.3,712.8,716.3,719.9
500,697.9,701.2,704.5,707.9,711.3,714.8,718.4,721.9
501,699.9,703.2,706.5,709.9,713.4,716.8,720.4,724
502,701.9,705.2,708.5,711.9,715.4,718.9,722.4,726
503,703.9,707.2,710.6,713.9,717.4,720.9,724.4,728
504,706,709.2,712.6,716,719.4,722.9,726.4,730
505,708,711.2,714.6,718,721.4,724.9,728.4,732
506,710,713.3,716.6,720,723.4,726.9,730.4,734
507,712,715.3,718.6,722,725.4,728.9,732.5,736
508,714,717.3,720.6,724,727.4,730.9,734.5,738.1
509,716,719.3,722.6,726,729.5,733,736.5,740.1
510,718,721.3,724.6,728,731.5,735,738.5,742.1
511,720,723.3,726.7,730.1,733.5,737,740.5,744.1
512,722,725.3,728.7,732.1,735.5,739,742.5,746.1
513,724,727.3,730.7,734.1,737.5,741,744.6,748.1
514,726.1,729.4,732.7,736.1,739.5,743,746.6,750.2
515,728.1,731.4,734.7,738.1,741.6,745.1,748.6,752.2
516,730.1,733.4,736.7,740.1,743.6,747.1,750.6,754.2
517,732.1,735.4,738.8,742.2,745.6,749.1,752.6,756.2
518,734.1,737.4,740.8,744.2,747.6,751.1,754.7,758.2
519,736.1,739.4,742.8,746.2,749.6,753.1,756.7,760.3
520,738.1,741.4,744.8,748.2,751.7,755.2,758.7,762.3
521,740.2,743.5,746.8,750.2,753.7,757.2,760.7,764.3
522,742.2,745.5,748.8,752.2,755.7,759.2,762.7,766.3
523,744.2,747.5,750.9,754.3,757.7,761.2,764.8,768.3
524,746.2,749.5,752.9,756.3,759.7,763.2,766.8,770.4
525,748.2,751.5,754.9,758.3,761.8,765.3,768.8,772.4
526,750.2,753.5,756.9,760.3,763.8,767.3,770.8,774.4
527,752.2,755.6,758.9,762.3,765.8,769.3,772.8,776.4
528,754.3,757.6,760.9,764.4,767.8,771.3,774.9,778.4
529,756.3,759.6,763,766.4,769.8,773.3,776.9,780.5
530,758.3,761.6,765,768.4,771.9,775.4,778.9,782.5
531,760.3,763.6,767,770.4,773.9,777.4,780.9,784.5
532,762.3,765.7,769,772.4,775.9,779.4,783,786.5
533,764.4,767.7,771,774.5,777.9,781.4,785,788.6
534,766.4,769.7,773.1,776.5,779.9,783.4,787,790.6
535,768.4,771.7,775.1,778.5,782,785.5,789,792.6
536,770.4,773.7,777.1,780.5,784,787.5,791,794.6
537,772.4,775.8,779.1,782.5,786,789.5,793.1,796.6
538,774.5,777.8,781.1,784.6,788,791.5,795.1,798.7
539,776.5,779.8,783.2,786.6,790.1,793.6,797.1,800.7
540,778.5,781.8,785.2,788.6,792.1,795.6,799.1,802.7
541,780.5,783.8,787.2,790.6,794.1,797.6,801.1,804.7
542,782.5,785.9,789.2,792.7,796.1,799.6,803.2,806.8
543,784.6,787.9,791.3,794.7,798.1,801.6,805.2,808.8
544,786.6,789.9,793.3,796.7,800.2,803.7,807.2,810.8
545,788.6,791.9,795.3,798.7,802.2,805.7,809.2,812.8
546,790.6,793.9,797.3,800.7,804.2,807.7,811.3,814.8
547,792.6,796,799.3,802.8,806.2,809.7,813.3,816.9
548,794.7,798,801.4,804.8,808.2,811.8,815.3,818.9
549,796.7,800,803.4,806.8,810.3,813.8,817.3,820.9
550,798.7,802,805.4,808.8,812.3,815.8,819.3,822.9
551,800.7,804.1,807.4,810.8,814.3,817.8,821.4,825
552,802.7,806.1,809.5,812.9,816.3,819.8,823.4,827
553,804.8,808.1,811.5,814.9,818.4,821.9,825.4,829
554,806.8,810.1,813.5,816.9,820.4,823.9,827.4,831
555,808.8,812.1,815.5,818.9,822.4,825.9,829.4,833
556,810.8,814.2,817.5,821,824.4,827.9,831.5,835.1
557,812.9,816.2,819.6,823,826.4,829.9,833.5,837.1
558,814.9,818.2,821.6,825,828.5,832,835.5,839.1
559,816.9,820.2,823.6,827,830.5,834,837.5,841.1
560,818.9,822.3,825.6,829,832.5,836,839.6,843.1
561,820.9,824.3,827.7,831.1,834.5,838,841.6,845.2
562,823,826.3,829.7,833.1,836.6,840.1,843.6,847.2
563,825,828.3,831.7,835.1,838.6,842.1,845.6,849.2
564,827,830.3,833.7,837.1,840.6,844.1,847.6,851.2
565,829,832.4,835.7,839.2,842.6,846.1,849.7,853.2
566,831,834.4,837.8,841.2,844.6,848.1,851.7,855.3
567,833.1,836.4,839.8,843.2,846.7,850.2,853.7,857.3
568,835.1,838.4,841.8,845.2,848.7,852.2,855.7,859.3
569,837.1,840.4,843.8,847.2,850.7,854.2,857.7,861.3
570,839.1,842.5,845.8,849.3,852.7,856.2,859.8,863.3
571,841.1,844.5,847.9,851.3,854.7,858.2,861.8,865.4
572,843.2,846.5,849.9,853.3,856.8,860.3,863.8,867.4
573,845.2,848.5,851.9,855.3,858.8,862.3,865.8,869.4
574,847.2,850.5,853.9,857.3,860.8,864.3,867.8,871.4
575,849.2,852.6,855.9,859.4,862.8,866.3,869.9,873.4
576,851.2,854.6,858,861.4,864.8,868.3,871.9,875.4
577,853.3,856.6,860,863.4,866.9,870.4,873.9,877.5
578,855.3,858.6,862,865.4,868.9,872.4,875.9,879.5
579,857.3,860.6,864,867.4,870.9,874.4,877.9,881.5
580,859.3,862.6,866,869.4,872.9,876.4,879.9,883.5
581,861.3,864.7,868,871.5,874.9,878.4,882,885.5
582,863.3,866.7,870.1,873.5,876.9,880.4,884,887.5
583,865.4,868.7,872.1,875.5,879,882.4,886,889.5
584,867.4,870.7,874.1,877.5,881,884.5,888,891.6
585,869.4,872.7,876.1,879.5,883,886.5,890,893.6
586,871.4,874.7,878.1,881.5,885,888.5,892,895.6
587,873.4,876.8,880.1,883.6,887,890.5,894,897.6
588,875.4,878.8,882.2,885.6,889,892.5,896,899.6
589,877.4,880.8,884.2,887.6,891,894.5,898.1,901.6
590,879.5,882.8,886.2,889.6,893.1,896.5,900.1,903.6
591,881.5,884.8,888.2,891.6,895.1,898.6,902.1,905.6
592,883.5,886.8,890.2,893.6,897.1,900.6,904.1,907.6
593,885.5,888.8,892.2,895.6,899.1,902.6,906.1,909.7
594,887.5,890.9,894.2,897.6,901.1,904.6,908.1,911.7
595,889.5,892.9,896.2,899.7,903.1,906.6,910.1,913.7
596,891.5,894.9,898.3,901.7,905.1,908.6,912.1,915.7
597,893.5,896.9,900.3,903.7,907.1,910.6,914.1,917.7
598,895.6,898.9,902.3,905.7,909.1,912.6,916.1,919.7
599,897.6,900.9,904.3,907.7,911.2,914.6,918.2,921.7
600,899.6,902.9,906.3,909.7,913.2,916.6,920.2,923.7
601,901.6,904.9,908.3,911.7,915.2,918.6,922.2,925.7
602,903.6,906.9,910.3,913.7,917.2,920.7,924.2,927.7
603,905.6,908.9,912.3,915.7,919.2,922.7,926.2,929.7
604,907.6,911,914.3,917.7,921.2,924.7,928.2,931.7
605,909.6,913,916.3,919.7,923.2,926.7,930.2,933.7
606,911.6,915,918.3,921.8,925.2,928.7,932.2,935.7
607,913.6,917,920.3,923.8,927.2,930.7,934.2,937.7
608,915.6,919,922.4,925.8,929.2,932.7,936.2,939.7
609,917.6,921,924.4,927.8,931.2,934.7,938.2,941.7
610,919.6,923,926.4,929.8,933.2,936.7,940.2,943.7
611,921.7,925,928.4,931.8,935.2,938.7,942.2,945.7
612,923.7,927,930.4,933.8,937.2,940.7,944.2,947.7
613,925.7,929,932.4,935.8,939.2,942.7,946.2,949.7
614,927.7,931,934.4,937.8,941.2,944.7,948.2,951.7
615,929.7,933,936.4,939.8,943.2,946.7,950.2,953.7
616,931.7,935,938.4,941.8,945.2,948.7,952.2,955.7
617,933.7,937,940.4,943.8,947.2,950.7,954.2,957.7
618,935.7,939,942.4,945.8,949.2,952.7,956.2,959.7
619,937.7,941,944.4,947.8,951.2,954.7,958.1,961.7
620,939.7,943,946.4,949.8,953.2,956.6,960.1,963.7
621,941.7,945,948.4,951.8,955.2,958.6,962.1,965.6
622,943.7,947,950.4,953.7,957.2,960.6,964.1,967.6
623,945.7,949,952.3,955.7,959.2,962.6,966.1,969.6
624,947.6,951,954.3,957.7,961.2,964.6,968.1,971.6
625,949.6,953,956.3,959.7,963.2,966.6,970.1,973.6
626,951.6,955,958.3,961.7,965.1,968.6,972.1,975.6
627,953.6,957,960.3,963.7,967.1,970.6,974.1,977.6
628,955.6,958.9,962.3,965.7,969.1,972.6,976,979.6
629,957.6,960.9,964.3,967.7,971.1,974.6,978,981.5
630,959.6,962.9,966.3,969.7,973.1,976.5,980,983.5
631,961.6,964.9,968.3,971.7,975.1,978.5,982,985.5
632,963.6,966.9,970.3,973.6,977.1,980.5,984,987.5
633,965.6,968.9,972.2,975.6,979,982.5,986,989.5
634,967.6,970.9,974.2,977.6,981,984.5,987.9,991.4
635,969.5,972.9,976.2,979.6,983,986.5,989.9,993.4
636,971.5,974.9,978.2,981.6,985,988.4,991.9,995.4
637,973.5,976.8,980.2,983.6,987,990.4,993.9,997.4
638,975.5,978.8,982.2,985.5,989,992.4,995.9,999.3
639,977.5,980.8,984.1,987.5,990.9,994.4,997.8,1001.3
640,979.5,982.8,986.1,989.5,992.9,996.3,999.8,1003.3
641,981.4,984.8,988.1,991.5,994.9,998.3,1001.8,1005.3
642,983.4,986.7,990.1,993.5,996.9,1000.3,1003.7,1007.2
643,985.4,988.7,992.1,995.4,998.8,1002.3,1005.7,1009.2
644,987.4,990.7,994,997.4,1000.8,1004.2,1007.7,1011.2
645,989.4,992.7,996,999.4,1002.8,1006.2,1009.7,1013.1
646,991.3,994.7,998,1001.4,1004.8,1008.2,1011.6,1015.1
647,993.3,996.6,1000,1003.3,1006.7,1010.1,1013.6,1017.1
648,995.3,998.6,1001.9,1005.3,1008.7,1012.1,1015.6,1019
649,997.3,1000.6,1003.9,1007.3,1010.7,1014.1,1017.5,1021
650,999.2,1002.5,1005.9,1009.2,1012.6,1016,1019.5,1023
651,1001.2,1004.5,1007.9,1011.2,1014.6,1018,1021.5,1024.9
652,1003.2,1006.5,1009.8,1013.2,1016.6,1020,1023.4,1026.9
653,1005.2,1008.5,1011.8,1015.1,1018.5,1021.9,1025.4,1028.8
654,1007.1,1010.4,1013.8,1017.1,1020.5,1023.9,1027.3,1030.8
655,1009.1,1012.4,1015.7,1019.1,1022.5,1025.9,1029.3,1032.7
656,1011.1,1014.4,1017.7,1021,1024.4,1027.8,1031.2,1034.7
657,1013,1016.3,1019.6,1023,1026.4,1029.8,1033.2,1036.7
658,1015,1018.3,1021.6,1025,1028.3,1031.7,1035.2,1038.6
659,1017,1020.2,1023.6,1026.9,1030.3,1033.7,1037.1,1040.6
660,1018.9,1022.2,1025.5,1028.9,1032.2,1035.6,1039.1,1042.5
661,1020.9,1024.2,1027.5,1030.8,1034.2,1037.6,1041,1044.5
662,1022.8,1026.1,1029.4,1032.8,1036.2,1039.5,1043,1046.4
663,1024.8,1028.1,1031.4,1034.7,1038.1,1041.5,1044.9,1048.4
664,1026.8,1030,1033.4,1036.7,1040.1,1043.4,1046.9,1050.3
665,1028.7,1032,1035.3,1038.6,1042,1045.4,1048.8,1052.2
666,1030.7,1034,1037.3,1040.6,1044,1047.3,1050.8,1054.2
667,1032.6,1035.9,1039.2,1042.6,1045.9,1049.3,1052.7,1056.1
668,1034.6,1037.9,1041.2,1044.5,1047.9,1051.2,1054.6,1058.1
669,1036.5,1039.8,1043.1,1046.4,1049.8,1053.2,1056.6,1060
670,1038.5,1041.8,1045.1,1048.4,1051.7,1055.1,1058.5,1061.9
671,1040.4,1043.7,1047,1050.3,1053.7,1057.1,1060.5,1063.9
672,1042.4,1045.7,1049,1052.3,1055.6,1059,1062.4,1065.8
673,1044.3,1047.6,1050.9,1054.2,1057.6,1060.9,1064.3,1067.8
674,1046.3,1049.5,1052.8,1056.2,1059.5,1062.9,1066.3,1069.7
675,1048.2,1051.5,1054.8,1058.1,1061.5,1064.8,1068.2,1071.6
676,1050.2,1053.4,1056.7,1060,1063.4,1066.8,1070.1,1073.5
677,1052.1,1055.4,1058.7,1062,1065.3,1068.7,1072.1,1075.5
678,1054.1,1057.3,1060.6,1063.9,1067.3,1070.6,1074,1077.4
679,1056,1059.3,1062.5,1065.9,1069.2,1072.5,1075.9,1079.3
680,1057.9,1061.2,1064.5,1067.8,1071.1,1074.5,1077.9,1081.3
681,1059.9,1063.1,1066.4,1069.7,1073.1,1076.4,1079.8,1083.2
682,1061.8,1065.1,1068.3,1071.7,1075,1078.3,1081.7,1085.1
683,1063.8,1067,1070.3,1073.6,1076.9,1080.3,1083.6,1087
684,1065.7,1068.9,1072.2,1075.5,1078.8,1082.2,1085.6,1088.9
685,1067.6,1070.9,1074.1,1077.4,1080.8,1084.1,1087.5,1090.9
686,1069.6,1072.8,1076.1,1079.4,1082.7,1086,1089.4,1092.8
687,1071.5,1074.7,1078,1081.3,1084.6,1087.9,1091.3,1094.7
688,1073.4,1076.7,1079.9,1083.2,1086.5,1089.9,1093.2,1096.6
689,1075.3,1078.6,1081.8,1085.1,1088.4,1091.8,1095.1,1098.5
690,1077.3,1080.5,1083.8,1087.1,1090.4,1093.7,1097.1,1100.4
691,1079.2,1082.4,1085.7,1089,1092.3,1095.6,1099,1102.3
692,1081.1,1084.4,1087.6,1090.9,1094.2,1097.5,1100.9,1104.2
693,1083,1086.3,1089.5,1092.8,1096.1,1099.4,1102.8,1106.1
694,1085,1088.2,1091.4,1094.7,1098,1101.3,1104.7,1108
695,1086.9,1090.1,1093.4,1096.6,1099.9,1103.3,1106.6,1109.9
696,1088.8,1092,1095.3,1098.6,1101.8,1105.2,1108.5,1111.8
697,1090.7,1093.9,1097.2,1100.5,1103.8,1107.1,1110.4,1113.7
698,1092.6,1095.9,1099.1,1102.4,1105.7,1109,1112.3,1115.6
699,1094.5,1097.8,1101,1104.3,1107.6,1110.9,1114.2,1117.5
700,1096.5,1099.7,1102.9,1106.2,1109.5,1112.8,1116.1,1119.4
701,1098.4,1101.6,1104.8,1108.1,1111.4,1114.7,1118,1121.3
702,1100.3,1103.5,1106.7,1110,1113.3,1116.6,1119.9,1123.2
703,1102.2,1105.4,1108.6,1111.9,1115.2,1118.5,1121.8,1125.1
704,1104.1,1107.3,1110.5,1113.8,1117.1,1120.4,1123.7,1127
705,1106,1109.2,1112.4,1115.7,1119,1122.3,1125.6,1128.9
706,1107.9,1111.1,1114.3,1117.6,1120.9,1124.2,1127.5,1130.8
707,1109.8,1113,1116.2,1119.5,1122.8,1126,1129.3,1132.7
708,1111.7,1114.9,1118.1,1121.4,1124.6,1127.9,1131.2,1134.5
709,1113.6,1116.8,1120,1123.3,1126.5,1129.8,1133.1,1136.4
710,1115.5,1118.7,1121.9,1125.2,1128.4,1131.7,1135,1138.3
711,1117.4,1120.6,1123.8,1127.1,1130.3,1133.6,1136.9,1140.2
712,1119.3,1122.5,1125.7,1128.9,1132.2,1135.5,1138.8,1142
713,1121.2,1124.4,1127.6,1130.8,1134.1,1137.3,1140.6,1143.9
714,1123.1,1126.3,1129.5,1132.7,1136,1139.2,1142.5,1145.8
715,1125,1128.2,1131.4,1134.6,1137.8,1141.1,1144.4,1147.7
716,1126.8,1130,1133.2,1136.5,1139.7,1143,1146.2,1149.5
717,1128.7,1131.9,1135.1,1138.4,1141.6,1144.8,1148.1,1151.4
718,1130.6,1133.8,1137,1140.2,1143.5,1146.7,1150,1153.3
719,1132.5,1135.7,1138.9,1142.1,1145.3,1148.6,1151.9,1155.1
720,1134.4,1137.6,1140.8,1144,1147.2,1150.5,1153.7,1157
721,1136.3,1139.4,1142.6,1145.9,1149.1,1152.3,1155.6,1158.8
722,1138.1,1141.3,1144.5,1147.7,1150.9,1154.2,1157.4,1160.7
723,1140,1143.2,1146.4,1149.6,1152.8,1156,1159.3,1162.6
724,1141.9,1145.1,1148.2,1151.5,1154.7,1157.9,1161.2,1164.4
725,1143.8,1146.9,1150.1,1153.3,1156.5,1159.8,1163,1166.3
726,1145.6,1148.8,1152,1155.2,1158.4,1161.6,1164.9,1168.1
727,1147.5,1150.7,1153.8,1157,1160.3,1163.5,1166.7,1170
728,1149.4,1152.5,1155.7,1158.9,1162.1,1165.3,1168.6,1171.8
729,1151.2,1154.4,1157.6,1160.8,1164,1167.2,1170.4,1173.7
730,1153.1,1156.3,1159.4,1162.6,1165.8,1169,1172.3,1175.5
731,1155,1158.1,1161.3,1164.5,1167.7,1170.9,1174.1,1177.3
732,1156.8,1160,1163.1,1166.3,1169.5,1172.7,1175.9,1179.2
733,1158.7,1161.8,1165,1168.2,1171.4,1174.6,1177.8,1181
734,1160.5,1163.7,1166.8,1170,1173.2,1176.4,1179.6,1182.8
735,1162.4,1165.5,1168.7,1171.9,1175.1,1178.3,1181.5,1184.7
736,1164.2,1167.4,1170.5,1173.7,1176.9,1180.1,1183.3,1186.5
737,1166.1,1169.2,1172.4,1175.5,1178.7,1181.9,1185.1,1188.3
738,1167.9,1171.1,1174.2,1177.4,1180.6,1183.8,1187,1190.2
739,1169.8,1172.9,1176.1,1179.2,1182.4,1185.6,1188.8,1192
740,1171.6,1174.8,1177.9,1181.1,1184.2,1187.4,1190.6,1193.8
741,1173.5,1176.6,1179.7,1182.9,1186.1,1189.2,1192.4,1195.6
742,1175.3,1178.4,1181.6,1184.7,1187.9,1191.1,1194.3,1197.4
743,1177.1,1180.3,1183.4,1186.6,1189.7,1192.9,1196.1,1199.3
744,1179,1182.1,1185.2,1188.4,1191.5,1194.7,1197.9,1201.1
745,1180.8,1183.9,1187.1,1190.2,1193.4,1196.5,1199.7,1202.9
746,1182.7,1185.8,1188.9,1192,1195.2,1198.4,1201.5,1204.7
747,1184.5,1187.6,1190.7,1193.9,1197,1200.2,1203.3,1206.5
748,1186.3,1189.4,1192.5,1195.7,1198.8,1202,1205.1,1208.3
749,1188.1,1191.3,1194.4,1197.5,1200.6,1203.8,1206.9,1210.1
750,1190,1193.1,1196.2,1199.3,1202.5,1205.6,1208.8,1211.9
751,1191.8,1194.9,1198,1201.1,1204.3,1207.4,1210.6,1213.7
752,1193.6,1196.7,1199.8,1202.9,1206.1,1209.2,1212.4,1215.5
753,1195.4,1198.5,1201.6,1204.8,1207.9,1211,1214.2,1217.3
754,1197.2,1200.3,1203.4,1206.6,1209.7,1212.8,1216,1219.1
755,1199.1,1202.2,1205.3,1208.4,1211.5,1214.6,1217.7,1220.9
756,1200.9,1204,1207.1,1210.2,1213.3,1216.4,1219.5,1222.7
757,1202.7,1205.8,1208.9,1212,1215.1,1218.2,1221.3,1224.5
758,1204.5,1207.6,1210.7,1213.8,1216.9,1220,1223.1,1226.3
759,1206.3,1209.4,1212.5,1215.6,1218.7,1221.8,1224.9,1228
760,1208.1,1211.2,1214.3,1217.4,1220.5,1223.6,1226.7,1229.8
761,1209.9,1213,1216.1,1219.2,1222.3,1225.4,1228.5,1231.6
762,1211.7,1214.8,1217.9,1220.9,1224,1227.1,1230.3,1233.4
763,1213.5,1216.6,1219.7,1222.7,1225.8,1228.9,1232,1235.1
764,1215.3,1218.4,1221.4,1224.5,1227.6,1230.7,1233.8,1236.9
765,1217.1,1220.2,1223.2,1226.3,1229.4,1232.5,1235.6,1238.7
766,1218.9,1221.9,1225,1228.1,1231.2,1234.3,1237.4,1240.5
767,1220.7,1223.7,1226.8,1229.9,1232.9,1236,1239.1,1242.2
768,1222.5,1225.5,1228.6,1231.6,1234.7,1237.8,1240.9,1244
769,1224.2,1227.3,1230.3,1233.4,1236.5,1239.6,1242.7,1245.7
770,1226,1229.1,1232.1,1235.2,1238.3,1241.3,1244.4,1247.5
771,1227.8,1230.8,1233.9,1237,1240,1243.1,1246.2,1249.2
772,1229.6,1232.6,1235.7,1238.7,1241.8,1244.9,1247.9,1251
773,1231.4,1234.4,1237.4,1240.5,1243.5,1246.6,1249.7,1252.8
774,1233.1,1236.2,1239.2,1242.2,1245.3,1248.4,1251.4,1254.5
775,1234.9,1237.9,1241,1244,1247.1,1250.1,1253.2,1256.2
776,1236.7,1239.7,1242.7,1245.8,1248.8,1251.9,1254.9,1258
777,1238.4,1241.5,1244.5,1247.5,1250.6,1253.6,1256.7,1259.7
778,1240.2,1243.2,1246.2,1249.3,1252.3,1255.4,1258.4,1261.5
779,1242,1245,1248,1251,1254.1,1257.1,1260.2,1263.2
780,1243.7,1246.7,1249.7,1252.8,1255.8,1258.9,1261.9,1264.9
781,1245.5,1248.5,1251.5,1254.5,1257.6,1260.6,1263.6,1266.7
782,1247.2,1250.2,1253.2,1256.3,1259.3,1262.3,1265.4,1268.4
783,1249,1252,1255,1258,1261,1264.1,1267.1,1270.1
784,1250.7,1253.7,1256.7,1259.7,1262.8,1265.8,1268.8,1271.8
785,1252.5,1255.5,1258.5,1261.5,1264.5,1267.5,1270.5,1273.6
786,1254.2,1257.2,1260.2,1263.2,1266.2,1269.2,1272.3,1275.3
787,1256,1259,1262,1265,1268,1271,1274,1277
788,1257.7,1260.7,1263.7,1266.7,1269.7,1272.7,1275.7,1278.7
789,1259.5,1262.4,1265.4,1268.4,1271.4,1274.4,1277.4,1280.4
790,1261.2,1264.2,1267.2,1270.1,1273.1,1276.1,1279.1,1282.1
791,1262.9,1265.9,1268.9,1271.9,1274.8,1277.8,1280.8,1283.8
792,1264.7,1267.6,1270.6,1273.6,1276.6,1279.5,1282.5,1285.5
793,1266.4,1269.4,1272.3,1275.3,1278.3,1281.3,1284.2,1287.2
794,1268.1,1271.1,1274.1,1277,1280,1283,1285.9,1288.9
795,1269.9,1272.8,1275.8,1278.7,1281.7,1284.7,1287.6,1290.6
796,1271.6,1274.5,1277.5,1280.4,1283.4,1286.4,1289.3,1292.3
797,1273.3,1276.2,1279.2,1282.2,1285.1,1288.1,1291,1294
798,1275,1278,1280.9,1283.9,1286.8,1289.8,1292.7,1295.7
799,1276.7,1279.7,1282.6,1285.6,1288.5,1291.5,1294.4,1297.4
800,1278.4,1281.4,1284.3,1287.3,1290.2,1293.2,1296.1,1299.1
801,1280.1,1283.1,1286,1289,1291.9,1294.8,1297.8,1300.7
802,1281.9,1284.8,1287.7,1290.7,1293.6,1296.5,1299.5,1302.4
803,1283.6,1286.5,1289.4,1292.4,1295.3,1298.2,1301.1,1304.1
804,1285.3,1288.2,1291.1,1294,1297,1299.9,1302.8,1305.7
805,1287,1289.9,1292.8,1295.7,1298.7,1301.6,1304.5,1307.4
806,1288.7,1291.6,1294.5,1297.4,1300.3,1303.3,1306.2,1309.1
807,1290.3,1293.3,1296.2,1299.1,1302,1304.9,1307.8,1310.7
808,1292,1295,1297.9,1300.8,1303.7,1306.6,1309.5,1312.4
809,1293.7,1296.6,1299.5,1302.5,1305.4,1308.3,1311.2,1314
810,1295.4,1298.3,1301.2,1304.1,1307,1309.9,1312.8,1315.7
811,1297.1,1300,1302.9,1305.8,1308.7,1311.6,1314.5,1317.4
812,1298.8,1301.7,1304.6,1307.5,1310.4,1313.3,1316.1,1319
813,1300.5,1303.3,1306.2,1309.1,1312,1314.9,1317.8,1320.6
814,1302.1,1305,1307.9,1310.8,1313.7,1316.6,1319.4,1322.3
815,1303.8,1306.7,1309.6,1312.5,1315.3,1318.2,1321.1,1323.9
816,1305.5,1308.4,1311.2,1314.1,1317,1319.9,1322.7,1325.6
817,1307.1,1310,1312.9,1315.8,1318.6,1321.5,1324.4,1327.2
818,1308.8,1311.7,1314.5,1317.4,1320.3,1323.2,1326,1328.8
819,1310.5,1313.3,1316.2,1319.1,1321.9,1324.8,1327.6,1330.5
820,1312.1,1315,1317.8,1320.7,1323.6,1326.4,1329.3,1332.1
821,1313.8,1316.6,1319.5,1322.4,1325.2,1328.1,1330.9,1333.7
822,1315.4,1318.3,1321.1,1324,1326.8,1329.7,1332.5,1335.3
823,1317.1,1319.9,1322.8,1325.6,1328.5,1331.3,1334.1,1336.9
824,1318.7,1321.6,1324.4,1327.3,1330.1,1332.9,1335.7,1338.5
825,1320.4,1323.2,1326.1,1328.9,1331.7,1334.5,1337.4,1340.2
826,1322,1324.9,1327.7,1330.5,1333.4,1336.2,1339,1341.8
827,1323.7,1326.5,1329.3,1332.2,1335,1337.8,1340.6,1343.4
828,1325.3,1328.1,1331,1333.8,1336.6,1339.4,1342.2,1345
829,1326.9,1329.8,1332.6,1335.4,1338.2,1341,1343.8,1346.6
830,1328.6,1331.4,1334.2,1337,1339.8,1342.6,1345.4,1348.2
831,1330.2,1333,1335.8,1338.6,1341.4,1344.2,1347,1349.8
832,1331.8,1334.6,1337.4,1340.2,1343,1345.8,1348.6,1351.3
833,1333.4,1336.3,1339.1,1341.9,1344.6,1347.4,1350.2,1352.9
834,1335.1,1337.9,1340.7,1343.5,1346.2,1349,1351.7,1354.5
835,1336.7,1339.5,1342.3,1345.1,1347.8,1350.6,1353.3,1356.1
836,1338.3,1341.1,1343.9,1346.7,1349.4,1352.2,1354.9,1357.7
837,1339.9,1342.7,1345.5,1348.3,1351,1353.8,1356.5,1359.3
838,1341.5,1344.3,1347.1,1349.8,1352.6,1355.3,1358.1,1360.8
839,1343.1,1345.9,1348.7,1351.4,1354.2,1356.9,1359.6,1362.4
840,1344.7,1347.5,1350.3,1353,1355.8,1358.5,1361.2,1364
841,1346.3,1349.1,1351.9,1354.6,1357.3,1360.1,1362.8,1365.5
842,1347.9,1350.7,1353.4,1356.2,1358.9,1361.6,1364.4,1367.1
843,1349.5,1352.3,1355,1357.8,1360.5,1363.2,1365.9,1368.6
844,1351.1,1353.9,1356.6,1359.3,1362,1364.8,1367.5,1370.2
845,1352.7,1355.4,1358.2,1360.9,1363.6,1366.3,1369,1371.8
846,1354.3,1357,1359.7,1362.5,1365.2,1367.9,1370.6,1373.3
847,1355.8,1358.6,1361.3,1364,1366.7,1369.4,1372.1,1374.8
848,1357.4,1360.2,1362.9,1365.6,1368.3,1371,1373.7,1376.4
849,1359,1361.7,1364.4,1367.1,1369.8,1372.5,1375.2,1377.9
850,1360.5,1363.3,1366,1368.7,1371.4,1374.1,1376.8,1379.5
851,1362.1,1364.8,1367.6,1370.2,1372.9,1375.6,1378.3,1381
852,1363.7,1366.4,1369.1,1371.8,1374.5,1377.2,1379.9,1382.5
853,1365.2,1367.9,1370.7,1373.3,1376,1378.7,1381.4,1384.1
854,1366.8,1369.5,1372.2,1374.9,1377.6,1380.2,1382.9,1385.6
855,1368.3,1371,1373.7,1376.4,1379.1,1381.8,1384.4,1387.1
856,1369.9,1372.6,1375.3,1378,1380.6,1383.3,1386,1388.6
857,1371.4,1374.1,1376.8,1379.5,1382.2,1384.8,1387.5,1390.1
858,1373,1375.6,1378.3,1381,1383.7,1386.3,1389,1391.6
859,1374.5,1377.2,1379.8,1382.5,1385.2,1387.9,1390.5,1393.1
860,1376,1378.7,1381.4,1384,1386.7,1389.4,1392,1394.6
861,1377.5,1380.2,1382.9,1385.6,1388.2,1390.9,1393.5,1396.1
862,1379.1,1381.7,1384.4,1387.1,1389.7,1392.4,1395,1397.6
863,1380.6,1383.3,1385.9,1388.6,1391.2,1393.9,1396.5,1399.1
864,1382.1,1384.8,1387.4,1390.1,1392.7,1395.4,1398,1400.6
865,1383.6,1386.3,1388.9,1391.6,1394.2,1396.9,1399.5,1402.1
866,1385.1,1387.8,1390.4,1393.1,1395.7,1398.4,1401,1403.6
867,1386.6,1389.3,1391.9,1394.6,1397.2,1399.9,1402.5,1405
868,1388.2,1390.8,1393.4,1396.1,1398.7,1401.3,1403.9,1406.5
869,1389.7,1392.3,1394.9,1397.6,1400.2,1402.8,1405.4,1408
870,1391.2,1393.8,1396.4,1399.1,1401.7,1404.3,1406.9,1409.4
871,1392.7,1395.3,1397.9,1400.5,1403.2,1405.8,1408.3,1410.9
872,1394.1,1396.8,1399.4,1402,1404.6,1407.2,1409.8,1412.3
873,1395.6,1398.2,1400.9,1403.5,1406.1,1408.7,1411.3,1413.8
874,1397.1,1399.7,1402.4,1405,1407.6,1410.1,1412.7,1415.2
875,1398.6,1401.2,1403.8,1406.4,1409,1411.6,1414.2,1416.7
876,1400.1,1402.7,1405.3,1407.9,1410.5,1413.1,1415.6,1418.1
877,1401.6,1404.2,1406.8,1409.4,1411.9,1414.5,1417,1419.6
878,1403.1,1405.6,1408.2,1410.8,1413.4,1415.9,1418.5,1421
879,1404.6,1407.1,1409.7,1412.3,1414.8,1417.4,1419.9,1422.4
880,1406,1408.6,1411.2,1413.7,1416.3,1418.8,1421.3,1423.9
881,1407.5,1410.1,1412.6,1415.2,1417.7,1420.3,1422.8,1425.3
882,1409,1411.5,1414.1,1416.6,1419.2,1421.7,1424.2,1426.7
883,1410.4,1413,1415.5,1418.1,1420.6,1423.1,1425.6,1428.1
884,1411.9,1414.4,1417,1419.5,1422,1424.5,1427,1429.5
885,1413.3,1415.9,1418.4,1420.9,1423.5,1426,1428.5,1430.9
886,1414.8,1417.3,1419.9,1422.4,1424.9,1427.4,1429.9,1432.3
887,1416.3,1418.8,1421.3,1423.8,1426.3,1428.8,1431.3,1433.7
888,1417.7,1420.2,1422.7,1425.2,1427.7,1430.2,1432.7,1435.1
889,1419.1,1421.7,1424.2,1426.7,1429.1,1431.6,1434.1,1436.5
890,1420.6,1423.1,1425.6,1428.1,1430.5,1433,1435.5,1437.9
891,1422,1424.5,1427,1429.5,1432,1434.4,1436.9,1439.3
892,1423.5,1426,1428.5,1430.9,1433.4,1435.8,1438.2,1440.7
893,1424.9,1427.4,1429.9,1432.3,1434.8,1437.2,1439.6,1442
894,1426.3,1428.8,1431.3,1433.7,1436.2,1438.6,1441,1443.4
895,1427.7,1430.2,1432.7,1435.1,1437.6,1440,1442.4,1444.8
896,1429.2,1431.6,1434.1,1436.5,1439,1441.4,1443.8,1446.2
897,1430.6,1433,1435.5,1437.9,1440.3,1442.8,1445.1,1447.5
898,1432,1434.5,1436.9,1439.3,1441.7,1444.1,1446.5,1448.9
899,1433.4,1435.9,1438.3,1440.7,1443.1,1445.5,1447.9,1450.2
900,1434.8,1437.2,1439.7,1442.1,1444.5,1446.9,1449.2,1451.6
901,1436.2,1438.6,1441.1,1443.5,1445.9,1448.2,1450.6,1452.9
902,1437.6,1440,1442.4,1444.8,1447.2,1449.6,1452,1454.3
903,1439,1441.4,1443.8,1446.2,1448.6,1451,1453.3,1455.6
904,1440.3,1442.8,1445.2,1447.6,1450,1452.3,1454.7,1457
905,1441.7,1444.2,1446.6,1449,1451.3,1453.7,1456,1458.3
906,1443.1,1445.5,1447.9,1450.3,1452.7,1455,1457.3,1459.6
907,1444.5,1446.9,1449.3,1451.7,1454,1456.4,1458.7,1461
908,1445.8,1448.3,1450.6,1453,1455.4,1457.7,1460,1462.3
909,1447.2,1449.6,1452,1454.4,1456.7,1459,1461.3,1463.6
910,1448.6,1451,1453.3,1455.7,1458.1,1460.4,1462.7,1464.9
911,1449.9,1452.3,1454.7,1457.1,1459.4,1461.7,1464,1466.2
912,1451.3,1453.7,1456,1458.4,1460.7,1463,1465.3,1467.5
913,1452.6,1455,1457.4,1459.7,1462.1,1464.3,1466.6,1468.8
914,1454,1456.3,1458.7,1461.1,1463.4,1465.7,1467.9,1470.1
915,1455.3,1457.7,1460,1462.4,1464.7,1467,1469.2,1471.3
916,1456.6,1459,1461.4,1463.7,1466,1468.3,1470.5,1472.6
917,1458,1460.3,1462.7,1465,1467.3,1469.6,1471.8,1473.9
918,1459.3,1461.6,1464,1466.3,1468.6,1470.9,1473,1475.2
919,1460.6,1463,1465.3,1467.6,1469.9,1472.2,1474.3,1476.4
920,1461.9,1464.3,1466.6,1468.9,1471.2,1473.4,1475.6,1477.7
921,1463.2,1465.6,1467.9,1470.2,1472.5,1474.7,1476.9,1479
922,1464.6,1466.9,1469.2,1471.5,1473.8,1476,1478.1,1480.2
923,1465.9,1468.2,1470.5,1472.8,1475.1,1477.3,1479.4,1481.5
924,1467.2,1469.5,1471.8,1474.1,1476.3,1478.5,1480.6,1482.7
925,1468.5,1470.8,1473.1,1475.4,1477.6,1479.8,1481.9,1483.9
926,1469.8,1472.1,1474.4,1476.6,1478.9,1481,1483.1,1485.2
927,1471.1,1473.4,1475.6,1477.9,1480.1,1482.3,1484.3,1486.4
928,1472.4,1474.6,1476.9,1479.2,1481.4,1483.5,1485.6,1487.6
929,1473.6,1475.9,1478.2,1480.4,1482.6,1484.7,1486.8,1488.9
930,1474.9,1477.2,1479.5,1481.7,1483.9,1486,1488,1490.1
931,1476.2,1478.5,1480.7,1482.9,1485.1,1487.2,1489.2,1491.3
932,1477.5,1479.7,1482,1484.2,1486.3,1488.4,1490.5,1492.5
933,1478.7,1481,1483.2,1485.4,1487.5,1489.6,1491.7,1493.7
934,1480,1482.3,1484.5,1486.7,1488.8,1490.8,1492.9,1494.9
935,1481.3,1483.5,1485.7,1487.9,1490,1492,1494.1,1496.1
936,1482.5,1484.8,1487,1489.1,1491.2,1493.2,1495.3,1497.3
937,1483.8,1486,1488.2,1490.4,1492.4,1494.4,1496.5,1498.5
938,1485,1487.2,1489.4,1491.6,1493.6,1495.6,1497.7,1499.6
939,1486.3,1488.5,1490.7,1492.8,1494.8,1496.8,1498.8,1500.8
940,1487.5,1489.7,1491.9,1494,1496,1498,1500,1502
941,1488.7,1490.9,1493.1,1495.2,1497.2,1499.2,1501.2,1503.2
942,1489.9,1492.1,1494.3,1496.4,1498.4,1500.4,1502.4,1504.4
943,1491.2,1493.4,1495.5,1497.6,1499.6,1501.6,1503.5,1505.6
944,1492.4,1494.6,1496.7,1498.7,1500.8,1502.7,1504.7,1506.7
945,1493.6,1495.8,1497.9,1499.9,1501.9,1503.9,1505.9,1507.9
946,1494.8,1497,1499.1,1501.1,1503.1,1505.1,1507,1509.1
947,1496,1498.2,1500.3,1502.3,1504.3,1506.2,1508.2,1510.2
948,1497.2,1499.4,1501.4,1503.4,1505.4,1507.4,1509.4,1511.4
949,1498.4,1500.5,1502.6,1504.6,1506.6,1508.5,1510.5,1512.5
950,1499.6,1501.7,1503.8,1505.8,1507.7,1509.7,1511.7,1513.7
951,1500.8,1502.9,1504.9,1506.9,1508.9,1510.8,1512.8,1514.8
952,1501.9,1504.1,1506.1,1508.1,1510,1511.9,1514,1516
953,1503.1,1505.2,1507.2,1509.2,1511.1,1513.1,1515.1,1517.1
954,1504.3,1506.4,1508.4,1510.3,1512.3,1514.2,1516.2,1518.2
955,1505.5,1507.5,1509.5,1511.5,1513.4,1515.4,1517.4,1519.3
956,1506.6,1508.6,1510.6,1512.6,1514.5,1516.5,1518.5,1520.5
957,1507.7,1509.8,1511.8,1513.7,1515.6,1517.6,1519.6,1521.6
958,1508.9,1510.9,1512.9,1514.8,1516.8,1518.7,1520.7,1522.7
959,1510,1512,1514,1516,1517.8,1519.9,1521.8,1523.8
960,1511.1,1513.2,1515.1,1517.1,1519,1521,1522.9,1524.9
961,1512.2,1514.2,1516.2,1518.2,1520.1,1522.1,1524,1526
962,1513.3,1515.3,1517.3,1519.3,1521.2,1523.2,1525.1,1527.1
963,1514.4,1516.4,1518.4,1520.4,1522.3,1524.3,1526.2,1528.1
964,1515.4,1517.5,1519.5,1521.4,1523.4,1525.4,1527.3,1529.2
965,1516.5,1518.6,1520.6,1522.5,1524.5,1526.5,1528.4,1530.3
966,1517.6,1519.6,1521.6,1523.6,1525.6,1527.5,1529.5,1531.3
967,1518.7,1520.7,1522.7,1524.7,1526.7,1528.6,1530.5,1532.4
968,1519.8,1521.8,1523.8,1525.7,1527.7,1529.7,1531.6,1533.4
969,1520.8,1522.8,1524.8,1526.8,1528.8,1530.8,1532.7,1534.5
970,1521.9,1523.9,1525.8,1527.9,1529.9,1531.8,1533.7,1535.5
971,1522.9,1524.9,1526.9,1528.9,1530.9,1532.9,1534.8,1536.5
972,1524,1526,1527.9,1529.9,1532,1533.9,1535.8,1537.6
973,1525,1527,1528.9,1531,1533,1535,1536.8,1538.6
974,1526.1,1528,1530,1532,1534,1536,1537.8,1539.6
975,1527.1,1529.1,1531,1533,1535,1537,1538.9,1540.6
976,1528.1,1530.1,1532.1,1534.1,1536.1,1538,1539.9,1541.6
977,1529.2,1531.1,1533.1,1535.1,1537.1,1539,1540.9,1542.6
978,1530.2,1532.1,1534.1,1536.1,1538.1,1540,1541.9,1543.6
979,1531.2,1533.1,1535.1,1537.1,1539.1,1541,1542.8,1544.5
980,1532.2,1534.1,1536.1,1538.1,1540.1,1542,1543.8,1545.5
981,1533.2,1535.1,1537.1,1539.1,1541.1,1542.9,1544.7,1546.5
982,1534.2,1536.2,1538.1,1540.1,1542,1543.9,1545.7,1547.4
983,1535.2,1537.2,1539.1,1541.1,1543,1544.9,1546.6,1548.4
984,1536.2,1538.2,1540.1,1542.1,1544,1545.8,1547.6,1549.3
985,1537.2,1539.2,1541.1,1543.1,1545,1546.8,1548.5,1550.2
986,1538.2,1540.1,1542.1,1544,1545.9,1547.7,1549.4,1551.1
987,1539.1,1541.1,1543.1,1545,1546.9,1548.7,1550.4,1552
988,1540.1,1542.1,1544.1,1546,1547.8,1549.6,1551.3,1553
989,1541.2,1543.1,1545,1546.9,1548.8,1550.5,1552.2,1553.9
990,1542.2,1544.1,1546,1547.9,1549.7,1551.4,1553.1,1554.8
991,1543.2,1545,1546.9,1548.8,1550.6,1552.3,1554,1555.7
992,1544.2,1546,1547.9,1549.8,1551.5,1553.3,1554.9,1556.6
993,1545.2,1547,1548.8,1550.7,1552.5,1554.2,1555.8,1557.5
994,1546.2,1548,1549.8,1551.6,1553.4,1555.1,1556.7,1558.3
995,1547.2,1549,1550.7,1552.5,1554.3,1555.9,1557.6,1559.2
996,1548.2,1549.9,1551.7,1553.4,1555.2,1556.8,1558.5,1560.1
997,1549.2,1550.9,1552.7,1554.3,1556.1,1557.7,1559.3,1560.9
998,1550.1,1551.9,1553.6,1555.2,1556.9,1558.6,1560.2,1561.8
999,1551.1,1552.9,1554.6,1556.2,1557.8,1559.5,1561.1,1562.7
1000,1552.1,1553.8,1555.5,1557.1,1558.7,1560.3,1561.9,1563.5
1001,1553,1554.8,1556.4,1558,1559.6,1561.2,1562.8,1564.3
1002,1554,1555.7,1557.4,1558.9,1560.5,1562,1563.6,1565.2
1003,1554.9,1556.7,1558.3,1559.8,1561.4,1562.9,1564.5,1566
1004,1555.9,1557.6,1559.2,1560.7,1562.2,1563.7,1565.3,1566.8
1005,1556.8,1558.5,1560.1,1561.6,1563.1,1564.6,1566.1,1567.6
1006,1557.8,1559.4,1561,1562.5,1564,1565.5,1566.9,1568.4
1007,1558.7,1560.4,1561.9,1563.4,1564.9,1566.3,1567.8,1569.2
1008,1559.6,1561.3,1562.8,1564.3,1565.8,1567.2,1568.6,1570
1009,1560.5,1562.2,1563.7,1565.2,1566.6,1568.1,1569.4,1570.8
1010,1561.5,1563.1,1564.6,1566,1567.5,1568.9,1570.3,1571.6
1011,1562.4,1563.9,1565.4,1566.9,1568.3,1569.8,1571.1,1572.4
1012,1563.3,1564.8,1566.3,1567.8,1569.2,1570.6,1571.9,1573.2
1013,1564.2,1565.7,1567.2,1568.6,1570,1571.4,1572.7,1574
1014,1565.1,1566.6,1568,1569.5,1570.9,1572.2,1573.5,1574.8
1015,1565.9,1567.4,1568.9,1570.3,1571.7,1573.1,1574.3,1575.6
1016,1566.8,1568.3,1569.7,1571.2,1572.5,1573.9,1575.1,1576.3
1017,1567.6,1569.2,1570.6,1572,1573.4,1574.7,1575.9,1577.1
1018,1568.4,1570,1571.4,1572.8,1574.2,1575.5,1576.7,1577.9
1019,1569.3,1570.8,1572.3,1573.6,1575,1576.3,1577.5,1578.6
1020,1570.1,1571.6,1573.1,1574.5,1575.8,1577.1,1578.3,1579.4
1021,1570.9,1572.4,1573.9,1575.3,1576.6,1577.8,1579,1580.1
1022,1571.7,1573.2,1574.7,1576.1,1577.4,1578.6,1579.8,1580.8
1023,1572.5,1574,1575.5,1576.9,1578.2,1579.4,1580.5,1581.4
1024,1573.3,1574.8,1576.2,1577.7,1578.9,1580.1,1581.3,1582.1
1025,1574.1,1575.5,1577,1578.4,1579.7,1580.9,1582,1582.8
1026,1574.8,1576.3,1577.8,1579.2,1580.5,1581.7,1582.7,1583.4
1027,1575.6,1577.1,1578.5,1579.9,1581.2,1582.4,1583.5,1584.1
1028,1576.4,1577.8,1579.3,1580.6,1581.9,1583.1,1584.1,1584.7
1029,1577.1,1578.6,1580,1581.4,1582.7,1583.9,1584.7,1585.3
1030,1577.9,1579.3,1580.7,1582.1,1583.4,1584.6,1585.4,1586
1031,1578.6,1580.1,1581.5,1582.8,1584.1,1585.2,1586,1586.6
1032,1579.3,1580.8,1582.2,1583.5,1584.8,1585.9,1586.7,1587.2
1033,1580.1,1581.5,1582.9,1584.2,1585.4,1586.6,1587.3,1587.8
1034,1580.8,1582.2,1583.6,1584.9,1586.1,1587.2,1587.8,1588.4
1035,1581.5,1582.9,1584.3,1585.6,1586.8,1587.8,1588.4,1589
1036,1582.2,1583.6,1585,1586.3,1587.4,1588.4,1589,1589.6
1037,1582.9,1584.3,1585.7,1586.9,1588.1,1588.9,1589.6,1590.2
1038,1583.6,1585,1586.3,1587.6,1588.7,1589.5,1590.1,1590.7
1039,1584.3,1585.7,1587,1588.2,1589.4,1590.1,1590.7,1591.3
1040,1585,1586.4,1587.7,1588.9,1590,1590.6,1591.2,1591.8
1041,1585.7,1587,1588.3,1589.5,1590.5,1591.1,1591.8,1592.3
1042,1586.4,1587.7,1589,1590.1,1591.1,1591.7,1592.3,1592.8
1043,1587,1588.4,1589.6,1590.7,1591.6,1592.2,1592.8,1593.3
1044,1587.7,1589,1590.2,1591.4,1592.1,1592.7,1593.3,1593.8
1045,1588.3,1589.6,1590.8,1592,1592.6,1593.3,1593.8,1594.3
1046,1589,1590.3,1591.4,1592.5,1593.2,1593.8,1594.3,1594.8
1047,1589.6,1590.9,1592,1593.1,1593.7,1594.3,1594.8,1595.3
1048,1590.2,1591.5,1592.6,1593.6,1594.2,1594.8,1595.3,1595.8
1049,1590.8,1592.1,1593.2,1594.1,1594.7,1595.2,1595.8,1596.4
1050,1591.4,1592.7,1593.8,1594.6,1595.2,1595.7,1596.2,1597
1051,1592,1593.2,1594.4,1595.1,1595.6,1596.2,1596.7,1597.6
1052,1592.6,1593.8,1594.9,1595.5,1596.1,1596.7,1597.1,1598.1
1053,1593.1,1594.4,1595.4,1596,1596.6,1597.1,1597.6,1598.7
1054,1593.6,1594.9,1595.9,1596.5,1597,1597.6,1598.1,1599.3
1055,1594.1,1595.4,1596.3,1596.9,1597.5,1598,1598.6,1599.8
1056,1594.7,1595.9,1596.8,1597.4,1597.9,1598.4,1599.2,1600.4
1057,1595.2,1596.4,1597.2,1597.8,1598.4,1598.8,1599.7,1600.9
1058,1595.7,1596.8,1597.6,1598.3,1598.8,1599.2,1600.2,1601.4
1059,1596.1,1597.3,1598,1598.6,1599.2,1599.6,1600.8,1602
1060,1596.6,1597.7,1598.3,1599,1599.6,1600.1,1601.3,1602.5
1061,1597.1,1598,1598.7,1599.4,1600,1600.6,1601.8,1603
1062,1597.6,1598.4,1599.1,1599.7,1600.3,1601.1,1602.3,1603.5
1063,1598,1598.8,1599.4,1600.1,1600.6,1601.6,1602.8,1604
1064,1598.5,1599.1,1599.8,1600.4,1600.9,1602.1,1603.3,1604.6
1065,1598.9,1599.5,1600.1,1600.7,1601.2,1602.5,1603.8,1605.1
1066,1599.4,1599.8,1600.5,1601.1,1601.7,1602.9,1604.2,1605.6
1067,1599.8,1600.3,1600.8,1601.4,1602.1,1603.4,1604.7,1605.9
1068,1600.2,1600.7,1601.1,1601.7,1602.5,1603.8,1605.1,1606.3
1069,1600.7,1601.1,1601.5,1602,1602.9,1604.2,1605.5,1606.6
1070,1601.1,1601.5,1601.9,1602.2,1603.3,1604.6,1606,1606.9
1071,1601.5,1601.9,1602.2,1602.5,1603.7,1605,1606.4,1607.1
1072,1601.9,1602.3,1602.6,1603,1604.1,1605.4,1606.8,1607.4
1073,1602.4,1602.7,1603,1603.5,1604.5,1605.8,1607,1607.6
1074,1602.7,1603.1,1603.3,1604,1605,1606.2,1607.3,1607.9
1075,1603.1,1603.5,1603.7,1604.4,1605.5,1606.6,1607.6,1608.1
1076,1603.4,1603.8,1604.1,1604.9,1605.9,1607.1,1607.8,1608.3
1077,1603.7,1604.1,1604.4,1605.4,1606.4,1607.6,1608,1608.5
1078,1604,1604.4,1604.9,1605.8,1606.8,1607.9,1608.3,1608.6
1079,1604.3,1604.7,1605.3,1606.3,1607.3,1608.3,1608.6,1608.7
1080,1604.5,1604.9,1605.6,1606.8,1607.8,1608.6,1608.9,1608.9
1081,1604.8,1605.2,1606,1607.1,1608.3,1608.9,1609.1,1609.2
1082,1605,1605.4,1606.4,1607.5,1608.7,1609.2,1609.4,1609.4
1083,1605.2,1605.6,1606.7,1607.9,1609.1,1609.5,1609.6,1609.6
1084,1605.4,1605.9,1607.1,1608.2,1609.4,1609.8,1609.8,1609.8
1085,1605.6,1606.2,1607.4,1608.6,1609.6,1610,1610,1610
1086,1605.9,1606.6,1607.7,1608.9,1609.8,1610.1,1610.3,1610.1
1087,1606,1606.9,1608,1609.2,1610,1610.3,1610.4,1610.3
1088,1606.2,1607.2,1608.3,1609.5,1610.1,1610.4,1610.4,1610.4
1089,1606.4,1607.5,1608.6,1609.8,1610.2,1610.4,1610.5,1610.5
1090,1606.7,1607.8,1608.9,1610,1610.4,1610.3,1610.5,1610.5
1091,1607,1608.1,1609.2,1610.1,1610.5,1610.6,1610.6,1610.6
1092,1607.3,1608.4,1609.5,1610.3,1610.5,1610.6,1610.6,1610.6
1093,1607.6,1608.6,1609.8,1610.4,1610.6,1610.6,1610.6,1610.6
1094,1607.9,1608.9,1610.1,1610.5,1610.6,1610.7,1610.7,1610.7
1095,1608.1,1609.2,1610.1,1610.6,1610.7,1610.7,1610.7,1610.7
1096,1608.4,1609.4,1610.4,1610.7,1610.7,1610.7,1610.7,1610.7
1097,1608.7,1609.6,1610.5,1610.7,1610.8,1610.8,1610.8,1610.8
1098,1608.8,1610,1610.6,1610.8,1610.8,1610.8,1610.8,1610.8
1099,1609.1,1610.4,1610.7,1610.8,1610.8,1610.8,1610.8,1610.9
1100,1609.5,1610.5,1610.8,1610.9,1610.9,1610.9,1610.9,1610.9
1101,1609.7,1610.6,1610.9,1610.9,1610.9,1610.9,1610.9,1610.9
1102,1610,1610.7,1610.9,1610.9,1610.9,1610.9,1611,1611
1103,1610.2,1610.8,1611,1611,1611,1611,1611,1611
1104,1610.5,1610.9,1611,1611,1611,1611,1611,1611
1105,1610.7,1611,1611,1611.1,1611.1,1611.1,1611.1,1611.1
1106,1610.8,1611.1,1611.1,1611.1,1611.1,1611.1,1611.1,1611.1
1107,1610.9,1611.1,1611.1,1611.1,1611.1,1611.1,1611.1,1611.1
1108,1611,1611.1,1611.2,1611.2,1611.2,1611.2,1611.2,1611.2
1109,1611.1,1611.2,1611.2,1611.2,1611.2,1611.2,1611.2,1611.2
1110,1611.2,1611.2,1611.2,1611.2,1611.2,1611.2,1611.2,1611.2
1111,1611.2,1611.3,1611.3,1611.3,1611.3,1611.3,1611.3,1611.3
1112,1611.3,1611.3,1611.3,1611.3,1611.3,1611.3,1611.3,1611.3
1113,1611.3,1611.3,1611.3,1611.3,1611.3,1611.3,1611.3,1611.3
1114,1611.4,1611.4,1611.4,1611.4,1611.4,1611.4,1611.4,1611.4
1115,1611.4,1611.4,1611.4,1611.4,1611.4,1611.4,1611.4,1611.4
1116,1611.5,1611.4,1611.4,1611.4,1611.4,1611.4,1611.4,1611.5
1117,1611.5,1611.5,1611.5,1611.5,1611.5,1611.5,1611.5,1611.5
1118,1611.5,1611.5,1611.5,1611.5,1611.5,1611.5,1611.5,1611.5
1119,1611.6,1611.6,1611.6,1611.6,1611.6,1611.3,1611.3,1611.6
1120,1611.6,1611.6,1611.6,1611.3,1611.4,1611.4,1611.4,1611.4
1121,1611.7,1611.6,1611.4,1611.4,1611.4,1611.4,1611.4,1611.4
1122,1611.4,1611.5,1611.5,1611.5,1611.5,1611.5,1611.5,1611.5
1123,1611.5,1611.5,1611.5,1611.5,1611.5,1611.5,1611.5,1611.5
1124,1611.6,1611.6,1611.6,1611.6,1611.6,1611.6,1611.6,1611.6
1125,1611.6,1611.6,1611.6,1611.6,1611.6,1611.6,1611.6,1611.6
1126,1611.7,1611.7,1611.7,1611.7,1611.7,1611.7,1611.7,1611.7
1127,1611.7,1611.7,1611.7,1611.7,1611.7,1611.7,1611.7,1611.8
1128,1611.8,1611.8,1611.8,1611.8,1611.8,1611.8,1611.8,1611.8
1129,1611.8,1611.8,1611.8,1611.8,1611.8,1611.8,1611.9,1611.9
1130,1611.9,1611.9,1611.9,1611.9,1611.9,1611.9,1611.9,1611.9
1131,1611.9,1611.9,1611.9,1611.9,1611.9,1611.9,1612,1612
1132,1612,1612,1612,1612,1612,1612,1612,1612
1133,1612.1,1612,1612,1612,1612,1612.1,1612.1,1612.1
1134,1612.1,1612.1,1612.1,1612.1,1612.1,1612.1,1612.1,1612.1
1135,1612.2,1612.1,1612.1,1612.1,1612.1,1612.2,1612.2,1612.2
1136,1612.2,1612.2,1612.2,1612.2,1612.2,1612.2,1612.2,1612.2
1137,1612.3,1612.2,1612.2,1612.2,1612.2,1612.3,1612.3,1612.3
1138,1612.3,1612.3,1612.3,1612.3,1612.3,1612.3,1612.3,1612.3
1139,1612.3,1612.3,1612.3,1612.3,1612.3,1612.4,1612.4,1612.4
1140,1612.4,1612.4,1612.4,1612.4,1612.4,1612.4,1612.4,1612.4
1141,1612.4,1612.4,1612.4,1612.4,1612.4,1612.4,1612.5,1612.5
1142,1612.5,1612.5,1612.5,1612.5,1612.5,1612.5,1612.5,1612.5
1143,1612.5,1612.5,1612.5,1612.5,1612.5,1612.5,1612.5,1612.6
1144,1612.6,1612.6,1612.6,1612.6,1612.6,1612.6,1612.6,1612.6
1145,1612.6,1612.6,1612.6,1612.6,1612.6,1612.6,1612.6,1612.6
1146,1612.7,1612.7,1612.7,1612.7,1612.7,1612.7,1612.7,1612.7
1147,1612.7,1612.7,1612.7,1612.7,1612.7,1612.7,1612.7,1612.7
1148,1612.7,1612.7,1612.8,1612.8,1612.8,1612.8,1612.8,1612.8
1149,1612.8,1612.8,1612.8,1612.8,1612.8,1612.8,1612.8,1612.8
1150,1612.8,1612.8,1612.8,1612.8,1612.8,1612.8,1612.8,1612.8
1151,1612.8,1612.8,1612.8,1612.8,1612.8,1612.8,1612.8,1612.8
1152,1612.8,1612.8,1612.8,1612.8,1612.8,1612.8,1612.8,1612.8
1153,1612.9,1612.9,1612.9,1612.9,1612.9,1612.9,1612.9,1612.9
1154,1612.9,1612.9,1612.9,1612.9,1612.9,1612.9,1612.9,1612.9
1155,1612.9,1612.9,1612.9,1612.9,1612.9,1612.9,1612.9,1612.9
1156,1612.9,1612.9,1612.9,1612.9,1612.9,1612.9,1612.9,1612.9
1157,1612.9,1612.9,1612.9,1612.9,1612.9,1612.9,1612.9,1612.9
1158,1612.9,1612.9,1612.9,1612.9,1612.9,1612.9,1612.9,1612.9
1159,1612.9,1612.9,1612.9,1612.9,1612.9,1612.9,1612.9,1612.9
1160,1612.9,1612.9,1612.9,1612.9,1612.9,1612.9,1612.9,1612.9
1161,1612.9,1612.9,1612.9,1612.9,1612.9,1612.9,1612.9,1612.9
1162,1612.9,1612.9,1612.9,1612.9,1612.9,1612.9,1612.9,1612.9
1163,1612.9,1612.9,1612.9,1612.9,1612.9,1612.9,1612.9,1612.9
1164,1613,1612.9,1612.9,1612.9,1612.9,1613,1613,1613
1165,1613,1613,1613,1613,1613,1613,1613,1613
1166,1612.9,1612.9,1613,1613,1613,1613,1613,1613
1167,1612.9,1612.9,1612.9,1612.9,1612.9,1612.9,1612.9,1612.9
1168,1612.9,1612.9,1612.9,1612.9,1612.9,1612.9,1612.9,1612.9
1169,1612.8,1612.8,1612.8,1612.8,1612.8,1612.8,1612.8,1612.8
1170,1612.8,1612.8,1612.8,1612.8,1612.8,1612.8,1612.7,1612.7
1171,1612.7,1612.7,1612.7,1612.7,1612.7,1612.7,1612.7,1612.6
1172,1612.5,1612.6,1612.6,1612.6,1612.6,1612.5,1612.5,1612.5
1173,1613,1613,1613,1613,1613,1613,1613,1613
1174,1613,1613,1613,1613,1613,1613,1613,1613
1175,1613,1613,1613,1613,1613,1613,1613,1613
1176,1613,1613,1613,1613,1613,1613,1613,1613
1177,1613,1613,1613,1613,1613,1613,1613,1613
1178,1613,1613,1613,1613,1613,1613,1613,1613
1179,1613,1613,1613,1613,1613,1613,1613,1613
1180,1613,1613,1613,1613,1613,1613,1613,1613
1181,1613,1613,1613,1613,1613,1613,1613,1613
1182,1613,1613,1613,1613,1613,1613,1613,1613
1183,1613,1613,1613,1613,1613,1613,1613,1613
1184,1613,1613,1613,1613,1613,1613,1613,1613
1185,1613,1613,1613,1613,1613,1613,1613,1613
1186,1613,1613,1613,1613,1613,1613,1613,1613
1187,1613,1613,1613,1613,1613,1613,1613,1613
1188,1613,1613,1613,1613,1613,1613,1613,1613
1189,1613,1613,1613,1613,1613,1613,1613,1613
1190,1613,1613,1613,1613,1613,1613,1613,1613
1191,1613,1613,1613,1613,1613,1613,1613,1613
1192,1613,1613,1613,1613,1613,1613,1613,1613
1193,1613,1613,1613,1613,1613,1613,1613,1613
1194,1613,1613,1613,1613,1613,1613,1613,1613
1195,1613,1613,1613,1613,1613,1613,1613,1613
1196,1613,1613,1613,1613,1613,1613,1613,1613
1197,1613,1613,1613,1613,1613,1613,1613,1613
1198,1613,1613,1613,1613,1613,1613,1613,1613
1199,1613,1613,1613,1613,1613,1613,1613,1613
1200,1613,1613,1613,1613,1613,1613,1613,1613
1201,1613,1613,1613,1613,1613,1613,1613,1613
1202,1613,1613,1613,1613,1613,1613,1613,1613
1203,1613,1613,1613,1613,1613,1613,1613,1613
1204,1613,1613,1613,1613,1613,1613,1613,1613
1205,1613,1613,1613,1613,1613,1613,1613,1613
1206,1613,1613,1613,1613,1613,1613,1613,1613
1207,1613,1613,1613,1613,1613,1613,1613,1613
1208,1613,1613,1613,1613,1613,1613,1613,1613
1209,1613,1613,1613,1613,1613,1613,1613,1613
1210,1613,1613,1613,1613,1613,1613,1613,1613
1211,1613,1613,1613,1613,1613,1613,1613,1613
1212,1613,1613,1613,1613,1613,1613,1613,1613
1213,1613,1613,1613,1613,1613,1613,1613,1613
1214,1613,1613,1613,1613,1613,1613,1613,1613
1215,1613,1613,1613,1613,1613,1613,1613,1613
1216,1613,1613,1613,1613,1613,1613,1613,1613
1217,1613,1613,1613,1613,1613,1613,1613,1613
1218,1613,1613,1613,1613,1613,1613,1613,1613
1219,1613,1613,1613,1613,1613,1613,1613,1613
1220,1613,1613,1613,1613,1613,1613,1613,1613
1221,1613,1613,1613,1613,1613,1613,1613,1613
1222,1613,1613,1613,1613,1613,1613,1613,1613
1223,1613,1613,1613,1613,1613,1613,1613,1613
1224,1613,1613,1613,1613,1613,1613,1613,1613
1225,1613,1613,1613,1613,1613,1613,1613,1613
1226,1613,1613,1613,1613,1613,1613,1613,1613
1227,1613,1613,1613,1613,1613,1613,1613,1613
1228,1613,1613,1613,1613,1613,1613,1613,1613
1229,1613,1613,1613,1613,1613,1613,1613,1613
1230,1613,1613,1613,1613,1613,1613,1613,1613
1231,1613,1613,1613,1613,1613,1613,1613,1613
1232,1613,1613,1613,1613,1613,1613,1613,1613
1233,1613,1613,1613,1613,1613,1613,1613,1613
1234,1613,1613,1613,1613,1613,1613,1613,1613
1235,1613,1613,1613,1613,1613,1613,1613,1613
1236,1613,1613,1613,1613,1613,1613,1613,1613
1237,1613,1613,1613,1613,1613,1613,1613,1613
1238,1613,1613,1613,1613,1613,1613,1613,1613
1239,1613,1613,1613,1613,1613,1613,1613,1613
1240,1613,1613,1613,1613,1613,1613,1613,1613
1241,1613,1613,1613,1613,1613,1613,1613,1613
1242,1613,1613,1613,1613,1613,1613,1613,1613
1243,1613,1613,1613,1613,1613,1613,1613,1613
1244,1613,1613,1613,1613,1613,1613,1613,1613
1245,1613,1613,1613,1613,1613,1613,1613,1613
1246,1613,1613,1613,1613,1613,1613,1613,1613
1247,1613,1613,1613,1613,1613,1613,1613,1613
1248,1613,1613,1613,1613,1613,1613,1613,1613
1249,1613,1613,1613,1613,1613,1613,1613,1613
1250,1613,1613,1613,1613,1613,1613,1613,1613
1251,1613,1613,1613,1613,1613,1613,1613,1613
1252,1613,1613,1613,1613,1613,1613,1613,1613
1253,1613,1613,1613,1613,1613,1613,1613,1613
1254,1613,1613,1613,1613,1613,1613,1613,1613
1255,1613,1613,1613,1613,1613,1613,1613,1613
1256,1613,1613,1613,1613,1613,1613,1613,1613
1257,1613,1613,1613,1613,1613,1613,1613,1613
1258,1613,1613,1613,1613,1613,1613,1613,1613
1259,1613,1613,1613,1613,1613,1613,1613,1613
1260,1613,1613,1613,1613,1613,1613,1613,1613
1261,1613,1613,1613,1613,1613,1613,1613,1613
1262,1613,1613,1613,1613,1613,1613,1613,1613
1263,1613,1613,1613,1613,1613,1613,1613,1613
1264,1613,1613,1613,1613,1613,1613,1613,1613
1265,1613,1613,1613,1613,1613,1613,1613,1613
1266,1613,1613,1613,1613,1613,1613,1613,1613
1267,1613,1613,1613,1613,1613,1613,1613,1613
1268,1613,1613,1613,1613,1613,1613,1613,1613
1269,1613,1613,1613,1613,1613,1613,1613,1613
1270,1613,1613,1613,1613,1613,1613,1613,1613
1271,1613,1613,1613,1613,1613,1613,1613,1613
1272,1613,1613,1613,1613,1613,1613,1613,1613
1273,1613,1613,1613,1613,1613,1613,1613,1613
1274,1613,1613,1613,1613,1613,1613,1613,1613
1275,1613,1613,1613,1613,1613,1613,1613,1613
1276,1613,1613,1613,1613,1613,1613,1613,1613
1277,1613,1613,1613,1613,1613,1613,1613,1613
1278,1613,1613,1613,1613,1613,1613,1613,1613
1279,1613,1613,1613,1613,1613,1613,1613,1613
1280,1613,1613,1613,1613,1613,1613,1613,1613
1281,1613,1613,1613,1613,1613,1613,1613,1613
1282,1613,1613,1613,1613,1613,1613,1613,1613
1283,1613,1613,1613,1613,1613,1613,1613,1613
1284,1613,1613,1613,1613,1613,1613,1613,1613
1285,1613,1613,1613,1613,1613,1613,1613,1613
1286,1613,1613,1613,1613,1613,1613,1613,1613
1287,1613,1613,1613,1613,1613,1613,1613,1613
1288,1613,1613,1613,1613,1613,1613,1613,1613
1289,1613,1613,1613,1613,1613,1613,1613,1613
1290,1613,1613,1613,1613,1613,1613,1613,1613
1291,1613,1613,1613,1613,1613,1613,1613,1613
1292,1613,1613,1613,1613,1613,1613,1613,1613
1293,1613,1613,1613,1613,1613,1613,1613,1613
1294,1613,1613,1613,1613,1613,1613,1613,1613
1295,1613,1613,1613,1613,1613,1613,1613,1613
1296,1613,1613,1613,1613,1613,1613,1613,1613
1297,1613,1613,1613,1613,1613,1613,1613,1613
1298,1613,1613,1613,1613,1613,1613,1613,1613
1299,1613,1613,1613,1613,1613,1613,1613,1613
1300,1613,1613,1613,1613,1613,1613,1613,1613
