level,trim_-5.0,trim_-4.0,trim_-3.0,trim_-2.5,trim_-2.0,trim_-1.5,trim_-1.0,trim_-0.5,trim_0.0,trim_0.5,trim_1.0,trim_1.5,trim_2.0
0,10.0,7.0,4.0,3.0,2.0,1.0,1.0,0.0,0.0,17.0,35.0,53.0,72.0
10,4.0,1.2999999999999998,-1.2000000000000002,-2.0,-2.5,-2.8,-1.7999999999999998,-1.4,0.0,16.8,34.6,52.5,71.3
20,-2.0,-4.4,-6.4,-7.0,-7.0,-6.6,-4.6,-2.8,0.0,16.6,34.2,52.0,70.6
30,-8.0,-10.100000000000001,-11.600000000000001,-12.0,-11.5,-10.399999999999999,-7.399999999999999,-4.199999999999999,0.0,16.4,33.8,51.5,69.9
40,-14.0,-15.8,-16.8,-17.0,-16.0,-14.2,-10.2,-5.6,0.0,16.2,33.4,51.0,69.2
50,-20.0,-21.5,-22.0,-22.0,-20.5,-18.0,-13.0,-7.0,0.0,16.0,33.0,50.5,68.5
60,-26.0,-27.200000000000003,-27.200000000000003,-27.0,-25.0,-21.799999999999997,-15.799999999999997,-8.399999999999999,0.0,15.8,32.6,50.0,67.8
70,-32.0,-32.9,-32.4,-32.0,-29.5,-25.599999999999998,-18.599999999999998,-9.799999999999999,0.0,15.6,32.2,49.5,67.1
80,-38.0,-38.6,-37.6,-37.0,-34.0,-29.4,-21.4,-11.2,0.0,15.4,31.8,49.0,66.4
90,-44.0,-44.300000000000004,-42.800000000000004,-42.0,-38.5,-33.199999999999996,-24.2,-12.6,0.0,15.2,31.4,48.5,65.7
100,-50.0,-50.0,-48.0,-47.0,-43.0,-37.0,-27.0,-14.0,0.0,15.0,31.0,48.0,65.0
110,-54.1,-53.5,-50.6,-48.8,-44.1,-37.5,-27.2,-14.1,0.0,15.0,31.0,47.9,64.8
120,-58.2,-57.0,-53.2,-50.6,-45.2,-38.0,-27.4,-14.2,0.0,15.0,31.0,47.8,64.6
130,-62.3,-60.5,-55.8,-52.4,-46.3,-38.5,-27.6,-14.3,0.0,15.0,31.0,47.7,64.4
140,-66.4,-64.0,-58.4,-54.2,-47.4,-39.0,-27.8,-14.4,0.0,15.0,31.0,47.6,64.2
150,-70.5,-67.5,-61.0,-56.0,-48.5,-39.5,-28.0,-14.5,0.0,15.0,31.0,47.5,64.0
160,-74.6,-71.0,-63.6,-57.8,-49.6,-40.0,-28.2,-14.6,0.0,15.0,31.0,47.4,63.8
170,-78.69999999999999,-74.5,-66.2,-59.6,-50.7,-40.5,-28.4,-14.7,0.0,15.0,31.0,47.3,63.6
180,-82.8,-78.0,-68.8,-61.4,-51.8,-41.0,-28.6,-14.8,0.0,15.0,31.0,47.2,63.4
190,-86.9,-81.5,-71.4,-63.2,-52.9,-41.5,-28.8,-14.9,0.0,15.0,31.0,47.1,63.2
200,-91.0,-85.0,-74.0,-65.0,-54.0,-42.0,-29.0,-15.0,0.0,15.0,31.0,47.0,63.0
210,-93.4,-86.6,-74.6,-65.3,-54.2,-42.1,-29.0,-15.0,0.0,15.0,30.9,46.9,62.9
220,-95.8,-88.2,-75.2,-65.6,-54.4,-42.2,-29.0,-15.0,0.0,15.0,30.8,46.8,62.8
230,-98.2,-89.8,-75.8,-65.9,-54.6,-42.3,-29.0,-15.0,0.0,15.0,30.7,46.7,62.7
240,-100.6,-91.4,-76.4,-66.2,-54.8,-42.4,-29.0,-15.0,0.0,15.0,30.6,46.6,62.6
250,-103.0,-93.0,-77.0,-66.5,-55.0,-42.5,-29.0,-15.0,0.0,15.0,30.5,46.5,62.5
260,-105.4,-94.6,-77.6,-66.8,-55.2,-42.6,-29.0,-15.0,0.0,15.0,30.4,46.4,62.4
270,-107.8,-96.2,-78.2,-67.1,-55.4,-42.7,-29.0,-15.0,0.0,15.0,30.3,46.3,62.3
280,-110.2,-97.8,-78.8,-67.4,-55.6,-42.8,-29.0,-15.0,0.0,15.0,30.2,46.2,62.2
290,-112.6,-99.4,-79.4,-67.7,-55.8,-42.9,-29.0,-15.0,0.0,15.0,30.1,46.1,62.1
300,-115.0,-101.0,-80.0,-68.0,-56.0,-43.0,-29.0,-15.0,0.0,15.0,30.0,46.0,62.0
310,-116.2,-101.5,-80.3,-68.2,-56.1,-43.0,-29.0,-15.0,0.0,15.0,30.0,46.0,62.0
320,-117.4,-102.0,-80.6,-68.4,-56.2,-43.0,-29.0,-15.0,0.0,15.0,30.0,46.0,62.0
330,-118.6,-102.5,-80.9,-68.6,-56.3,-43.0,-29.0,-15.0,0.0,15.0,30.0,46.0,62.0
340,-119.8,-103.0,-81.2,-68.8,-56.4,-43.0,-29.0,-15.0,0.0,15.0,30.0,46.0,62.0
350,-121.0,-103.5,-81.5,-69.0,-56.5,-43.0,-29.0,-15.0,0.0,15.0,30.0,46.0,62.0
360,-122.2,-104.0,-81.8,-69.2,-56.6,-43.0,-29.0,-15.0,0.0,15.0,30.0,46.0,62.0
370,-123.4,-104.5,-82.1,-69.4,-56.7,-43.0,-29.0,-15.0,0.0,15.0,30.0,46.0,62.0
380,-124.6,-105.0,-82.4,-69.6,-56.8,-43.0,-29.0,-15.0,0.0,15.0,30.0,46.0,62.0
390,-125.8,-105.5,-82.7,-69.8,-56.9,-43.0,-29.0,-15.0,0.0,15.0,30.0,46.0,62.0
400,-127.0,-106.0,-83.0,-70.0,-57.0,-43.0,-29.0,-15.0,0.0,15.0,30.0,46.0,62.0
410,-127.5,-106.3,-83.1,-70.1,-57.0,-43.0,-29.0,-15.0,0.0,15.0,30.0,46.0,61.9
420,-128.0,-106.6,-83.2,-70.2,-57.0,-43.0,-29.0,-15.0,0.0,15.0,30.0,46.0,61.8
430,-128.5,-106.9,-83.3,-70.3,-57.0,-43.0,-29.0,-15.0,0.0,15.0,30.0,46.0,61.7
440,-129.0,-107.2,-83.4,-70.4,-57.0,-43.0,-29.0,-15.0,0.0,15.0,30.0,46.0,61.6
450,-129.5,-107.5,-83.5,-70.5,-57.0,-43.0,-29.0,-15.0,0.0,15.0,30.0,46.0,61.5
460,-130.0,-107.8,-83.6,-70.6,-57.0,-43.0,-29.0,-15.0,0.0,15.0,30.0,46.0,61.4
470,-130.5,-108.1,-83.7,-70.7,-57.0,-43.0,-29.0,-15.0,0.0,15.0,30.0,46.0,61.3
480,-131.0,-108.4,-83.8,-70.8,-57.0,-43.0,-29.0,-15.0,0.0,15.0,30.0,46.0,61.2
490,-131.5,-108.7,-83.9,-70.9,-57.0,-43.0,-29.0,-15.0,0.0,15.0,30.0,46.0,61.1
500,-132.0,-109.0,-84.0,-71.0,-57.0,-43.0,-29.0,-15.0,0.0,15.0,30.0,46.0,61.0
510,-132.18,-109.1,-84.04,-71.02,-57.02,-43.02,-29.0,-15.0,0.0,15.0,30.0,45.98,61.0
520,-132.36,-109.2,-84.08,-71.04,-57.04,-43.04,-29.0,-15.0,0.0,15.0,30.0,45.96,61.0
530,-132.54,-109.3,-84.12,-71.06,-57.06,-43.06,-29.0,-15.0,0.0,15.0,30.0,45.94,61.0
540,-132.72,-109.4,-84.16,-71.08,-57.08,-43.08,-29.0,-15.0,0.0,15.0,30.0,45.92,61.0
550,-132.9,-109.5,-84.2,-71.1,-57.1,-43.1,-29.0,-15.0,0.0,15.0,30.0,45.9,61.0
560,-133.08,-109.6,-84.24,-71.12,-57.12,-43.12,-29.0,-15.0,0.0,15.0,30.0,45.88,61.0
570,-133.26,-109.7,-84.28,-71.14,-57.14,-43.14,-29.0,-15.0,0.0,15.0,30.0,45.86,61.0
580,-133.44,-109.8,-84.32,-71.16,-57.16,-43.16,-29.0,-15.0,0.0,15.0,30.0,45.84,61.0
590,-133.62,-109.9,-84.36,-71.18,-57.18,-43.18,-29.0,-15.0,0.0,15.0,30.0,45.82,61.0
600,-133.8,-110.0,-84.4,-71.2,-57.2,-43.2,-29.0,-15.0,0.0,15.0,30.0,45.8,61.0
610,-133.98,-110.1,-84.44,-71.22,-57.22,-43.22,-29.0,-15.0,0.0,15.0,30.0,45.78,61.0
620,-134.16,-110.2,-84.48,-71.24,-57.24,-43.24,-29.0,-15.0,0.0,15.0,30.0,45.76,61.0
630,-134.34,-110.3,-84.52,-71.26,-57.26,-43.26,-29.0,-15.0,0.0,15.0,30.0,45.74,61.0
640,-134.52,-110.4,-84.56,-71.28,-57.28,-43.28,-29.0,-15.0,0.0,15.0,30.0,45.72,61.0
650,-134.7,-110.5,-84.6,-71.3,-57.3,-43.3,-29.0,-15.0,0.0,15.0,30.0,45.7,61.0
660,-134.88,-110.6,-84.64,-71.32,-57.32,-43.32,-29.0,-15.0,0.0,15.0,30.0,45.68,61.0
670,-135.06,-110.7,-84.68,-71.34,-57.34,-43.34,-29.0,-15.0,0.0,15.0,30.0,45.66,61.0
680,-135.24,-110.8,-84.72,-71.36,-57.36,-43.36,-29.0,-15.0,0.0,15.0,30.0,45.64,61.0
690,-135.42,-110.9,-84.76,-71.38,-57.38,-43.38,-29.0,-15.0,0.0,15.0,30.0,45.62,61.0
700,-135.6,-111.0,-84.8,-71.4,-57.4,-43.4,-29.0,-15.0,0.0,15.0,30.0,45.6,61.0
710,-135.78,-111.1,-84.84,-71.42,-57.42,-43.42,-29.0,-15.0,0.0,15.0,30.0,45.58,61.0
720,-135.96,-111.2,-84.88,-71.44,-57.44,-43.44,-29.0,-15.0,0.0,15.0,30.0,45.56,61.0
730,-136.14,-111.3,-84.92,-71.46,-57.46,-43.46,-29.0,-15.0,0.0,15.0,30.0,45.54,61.0
740,-136.32,-111.4,-84.96,-71.48,-57.48,-43.48,-29.0,-15.0,0.0,15.0,30.0,45.52,61.0
750,-136.5,-111.5,-85.0,-71.5,-57.5,-43.5,-29.0,-15.0,0.0,15.0,30.0,45.5,61.0
760,-136.68,-111.6,-85.04,-71.52,-57.52,-43.52,-29.0,-15.0,0.0,15.0,30.0,45.48,61.0
770,-136.86,-111.7,-85.08,-71.54,-57.54,-43.54,-29.0,-15.0,0.0,15.0,30.0,45.46,61.0
780,-137.04,-111.8,-85.12,-71.56,-57.56,-43.56,-29.0,-15.0,0.0,15.0,30.0,45.44,61.0
790,-137.22,-111.9,-85.16,-71.58,-57.58,-43.58,-29.0,-15.0,0.0,15.0,30.0,45.42,61.0
800,-137.4,-112.0,-85.2,-71.6,-57.6,-43.6,-29.0,-15.0,0.0,15.0,30.0,45.4,61.0
810,-137.58,-112.1,-85.24,-71.62,-57.62,-43.62,-29.0,-15.0,0.0,15.0,30.0,45.38,61.0
820,-137.76,-112.2,-85.28,-71.64,-57.64,-43.64,-29.0,-15.0,0.0,15.0,30.0,45.36,61.0
830,-137.94,-112.3,-85.32,-71.66,-57.66,-43.66,-29.0,-15.0,0.0,15.0,30.0,45.34,61.0
840,-138.12,-112.4,-85.36,-71.68,-57.68,-43.68,-29.0,-15.0,0.0,15.0,30.0,45.32,61.0
850,-138.3,-112.5,-85.4,-71.7,-57.7,-43.7,-29.0,-15.0,0.0,15.0,30.0,45.3,61.0
860,-138.48,-112.6,-85.44,-71.72,-57.72,-43.72,-29.0,-15.0,0.0,15.0,30.0,45.28,61.0
870,-138.66,-112.7,-85.48,-71.74,-57.74,-43.74,-29.0,-15.0,0.0,15.0,30.0,45.26,61.0
880,-138.84,-112.8,-85.52,-71.76,-57.76,-43.76,-29.0,-15.0,0.0,15.0,30.0,45.24,61.0
890,-139.02,-112.9,-85.56,-71.78,-57.78,-43.78,-29.0,-15.0,0.0,15.0,30.0,45.22,61.0
900,-139.2,-113.0,-85.6,-71.8,-57.8,-43.8,-29.0,-15.0,0.0,15.0,30.0,45.2,61.0
910,-139.38,-113.1,-85.64,-71.82,-57.82,-43.82,-29.0,-15.0,0.0,15.0,30.0,45.18,61.0
920,-139.56,-113.2,-85.68,-71.84,-57.84,-43.84,-29.0,-15.0,0.0,15.0,30.0,45.16,61.0
930,-139.74,-113.3,-85.72,-71.86,-57.86,-43.86,-29.0,-15.0,0.0,15.0,30.0,45.14,61.0
940,-139.92,-113.4,-85.76,-71.88,-57.88,-43.88,-29.0,-15.0,0.0,15.0,30.0,45.12,61.0
950,-140.1,-113.5,-85.8,-71.9,-57.9,-43.9,-29.0,-15.0,0.0,15.0,30.0,45.1,61.0
960,-140.28,-113.6,-85.84,-71.92,-57.92,-43.92,-29.0,-15.0,0.0,15.0,30.0,45.08,61.0
970,-140.46,-113.7,-85.88,-71.94,-57.94,-43.94,-29.0,-15.0,0.0,15.0,30.0,45.06,61.0
980,-140.64,-113.8,-85.92,-71.96,-57.96,-43.96,-29.0,-15.0,0.0,15.0,30.0,45.04,61.0
990,-140.82,-113.9,-85.96,-71.98,-57.98,-43.98,-29.0,-15.0,0.0,15.0,30.0,45.02,61.0
1000,-141.0,-114.0,-86.0,-72.0,-58.0,-44.0,-29.0,-15.0,0.0,15.0,30.0,45.0,61.0
1010,-141.04,-114.04,-86.02,-72.02,-58.02,-44.0,-29.02,-15.0,0.0,15.0,30.0,45.0,60.98
1020,-141.08,-114.08,-86.04,-72.04,-58.04,-44.0,-29.04,-15.0,0.0,15.0,30.0,45.0,60.96
1030,-141.12,-114.12,-86.06,-72.06,-58.06,-44.0,-29.06,-15.0,0.0,15.0,30.0,45.0,60.94
1040,-141.16,-114.16,-86.08,-72.08,-58.08,-44.0,-29.08,-15.0,0.0,15.0,30.0,45.0,60.92
1050,-141.2,-114.2,-86.1,-72.1,-58.1,-44.0,-29.1,-15.0,0.0,15.0,30.0,45.0,60.9
1060,-141.24,-114.24,-86.12,-72.12,-58.12,-44.0,-29.12,-15.0,0.0,15.0,30.0,45.0,60.88
1070,-141.28,-114.28,-86.14,-72.14,-58.14,-44.0,-29.14,-15.0,0.0,15.0,30.0,45.0,60.86
1080,-141.32,-114.32,-86.16,-72.16,-58.16,-44.0,-29.16,-15.0,0.0,15.0,30.0,45.0,60.84
1090,-141.36,-114.36,-86.18,-72.18,-58.18,-44.0,-29.18,-15.0,0.0,15.0,30.0,45.0,60.82
1100,-141.4,-114.4,-86.2,-72.2,-58.2,-44.0,-29.2,-15.0,0.0,15.0,30.0,45.0,60.8
1110,-141.44,-114.44,-86.22,-72.22,-58.22,-44.0,-29.22,-15.0,0.0,15.0,30.0,45.0,60.78
1120,-141.48,-114.48,-86.24,-72.24,-58.24,-44.0,-29.24,-15.0,0.0,15.0,30.0,45.0,60.76
1130,-141.52,-114.52,-86.26,-72.26,-58.26,-44.0,-29.26,-15.0,0.0,15.0,30.0,45.0,60.74
1140,-141.56,-114.56,-86.28,-72.28,-58.28,-44.0,-29.28,-15.0,0.0,15.0,30.0,45.0,60.72
1150,-141.6,-114.6,-86.3,-72.3,-58.3,-44.0,-29.3,-15.0,0.0,15.0,30.0,45.0,60.7
1160,-141.64,-114.64,-86.32,-72.32,-58.32,-44.0,-29.32,-15.0,0.0,15.0,30.0,45.0,60.68
1170,-141.68,-114.68,-86.34,-72.34,-58.34,-44.0,-29.34,-15.0,0.0,15.0,30.0,45.0,60.66
1180,-141.72,-114.72,-86.36,-72.36,-58.36,-44.0,-29.36,-15.0,0.0,15.0,30.0,45.0,60.64
1190,-141.76,-114.76,-86.38,-72.38,-58.38,-44.0,-29.38,-15.0,0.0,15.0,30.0,45.0,60.62
1200,-141.8,-114.8,-86.4,-72.4,-58.4,-44.0,-29.4,-15.0,0.0,15.0,30.0,45.0,60.6
1210,-141.84,-114.84,-86.42,-72.42,-58.42,-44.0,-29.42,-15.0,0.0,15.0,30.0,45.0,60.58
1220,-141.88,-114.88,-86.44,-72.44,-58.44,-44.0,-29.44,-15.0,0.0,15.0,30.0,45.0,60.56
1230,-141.92,-114.92,-86.46,-72.46,-58.46,-44.0,-29.46,-15.0,0.0,15.0,30.0,45.0,60.54
1240,-141.96,-114.96,-86.48,-72.48,-58.48,-44.0,-29.48,-15.0,0.0,15.0,30.0,45.0,60.52
1250,-142.0,-115.0,-86.5,-72.5,-58.5,-44.0,-29.5,-15.0,0.0,15.0,30.0,45.0,60.5
1260,-142.04,-115.04,-86.52,-72.52,-58.52,-44.0,-29.52,-15.0,0.0,15.0,30.0,45.0,60.48
1270,-142.08,-115.08,-86.54,-72.54,-58.54,-44.0,-29.54,-15.0,0.0,15.0,30.0,45.0,60.46
1280,-142.12,-115.12,-86.56,-72.56,-58.56,-44.0,-29.56,-15.0,0.0,15.0,30.0,45.0,60.44
1290,-142.16,-115.16,-86.58,-72.58,-58.58,-44.0,-29.58,-15.0,0.0,15.0,30.0,45.0,60.42
1300,-142.2,-115.2,-86.6,-72.6,-58.6,-44.0,-29.6,-15.0,0.0,15.0,30.0,45.0,60.4
1310,-142.24,-115.24,-86.62,-72.62,-58.62,-44.0,-29.62,-15.0,0.0,15.0,30.0,45.0,60.38
1320,-142.28,-115.28,-86.64,-72.64,-58.64,-44.0,-29.64,-15.0,0.0,15.0,30.0,45.0,60.36
1330,-142.32,-115.32,-86.66,-72.66,-58.66,-44.0,-29.66,-15.0,0.0,15.0,30.0,45.0,60.34
1340,-142.36,-115.36,-86.68,-72.68,-58.68,-44.0,-29.68,-15.0,0.0,15.0,30.0,45.0,60.32
1350,-142.4,-115.4,-86.7,-72.7,-58.7,-44.0,-29.7,-15.0,0.0,15.0,30.0,45.0,60.3
1360,-142.44,-115.44,-86.72,-72.72,-58.72,-44.0,-29.72,-15.0,0.0,15.0,30.0,45.0,60.28
1370,-142.48,-115.48,-86.74,-72.74,-58.74,-44.0,-29.74,-15.0,0.0,15.0,30.0,45.0,60.26
1380,-142.52,-115.52,-86.76,-72.76,-58.76,-44.0,-29.76,-15.0,0.0,15.0,30.0,45.0,60.24
1390,-142.56,-115.56,-86.78,-72.78,-58.78,-44.0,-29.78,-15.0,0.0,15.0,30.0,45.0,60.22
1400,-142.6,-115.6,-86.8,-72.8,-58.8,-44.0,-29.8,-15.0,0.0,15.0,30.0,45.0,60.2
1410,-142.64,-115.64,-86.82,-72.82,-58.82,-44.0,-29.82,-15.0,0.0,15.0,30.0,45.0,60.18
1420,-142.68,-115.68,-86.84,-72.84,-58.84,-44.0,-29.84,-15.0,0.0,15.0,30.0,45.0,60.16
1430,-142.72,-115.72,-86.86,-72.86,-58.86,-44.0,-29.86,-15.0,0.0,15.0,30.0,45.0,60.14
1440,-142.76,-115.76,-86.88,-72.88,-58.88,-44.0,-29.88,-15.0,0.0,15.0,30.0,45.0,60.12
1450,-142.8,-115.8,-86.9,-72.9,-58.9,-44.0,-29.9,-15.0,0.0,15.0,30.0,45.0,60.1
1460,-142.84,-115.84,-86.92,-72.92,-58.92,-44.0,-29.92,-15.0,0.0,15.0,30.0,45.0,60.08
1470,-142.88,-115.88,-86.94,-72.94,-58.94,-44.0,-29.94,-15.0,0.0,15.0,30.0,45.0,60.06
1480,-142.92,-115.92,-86.96,-72.96,-58.96,-44.0,-29.96,-15.0,0.0,15.0,30.0,45.0,60.04
1490,-142.96,-115.96,-86.98,-72.98,-58.98,-44.0,-29.98,-15.0,0.0,15.0,30.0,45.0,60.02
1500,-143.0,-116.0,-87.0,-73.0,-59.0,-44.0,-30.0,-15.0,0.0,15.0,30.0,45.0,60.0
1510,-143.04,-116.0,-87.02,-73.0,-59.0,-44.0,-30.0,-15.0,0.0,15.0,30.0,45.0,60.0
1520,-143.08,-116.0,-87.04,-73.0,-59.0,-44.0,-30.0,-15.0,0.0,15.0,30.0,45.0,60.0
1530,-143.12,-116.0,-87.06,-73.0,-59.0,-44.0,-30.0,-15.0,0.0,15.0,30.0,45.0,60.0
1540,-143.16,-116.0,-87.08,-73.0,-59.0,-44.0,-30.0,-15.0,0.0,15.0,30.0,45.0,60.0
1550,-143.2,-116.0,-87.1,-73.0,-59.0,-44.0,-30.0,-15.0,0.0,15.0,30.0,45.0,60.0
1560,-143.24,-116.0,-87.12,-73.0,-59.0,-44.0,-30.0,-15.0,0.0,15.0,30.0,45.0,60.0
1570,-143.28,-116.0,-87.14,-73.0,-59.0,-44.0,-30.0,-15.0,0.0,15.0,30.0,45.0,60.0
1580,-143.32,-116.0,-87.16,-73.0,-59.0,-44.0,-30.0,-15.0,0.0,15.0,30.0,45.0,60.0
1590,-143.36,-116.0,-87.18,-73.0,-59.0,-44.0,-30.0,-15.0,0.0,15.0,30.0,45.0,60.0
1600,-143.4,-116.0,-87.2,-73.0,-59.0,-44.0,-30.0,-15.0,0.0,15.0,30.0,45.0,60.0
1610,-143.44,-116.0,-87.22,-73.0,-59.0,-44.0,-30.0,-15.0,0.0,15.0,30.0,45.0,60.0
1620,-143.48,-116.0,-87.24,-73.0,-59.0,-44.0,-30.0,-15.0,0.0,15.0,30.0,45.0,60.0
1630,-143.52,-116.0,-87.26,-73.0,-59.0,-44.0,-30.0,-15.0,0.0,15.0,30.0,45.0,60.0
1640,-143.56,-116.0,-87.28,-73.0,-59.0,-44.0,-30.0,-15.0,0.0,15.0,30.0,45.0,60.0
1650,-143.6,-116.0,-87.3,-73.0,-59.0,-44.0,-30.0,-15.0,0.0,15.0,30.0,45.0,60.0
1660,-143.64,-116.0,-87.32,-73.0,-59.0,-44.0,-30.0,-15.0,0.0,15.0,30.0,45.0,60.0
1670,-143.68,-116.0,-87.34,-73.0,-59.0,-44.0,-30.0,-15.0,0.0,15.0,30.0,45.0,60.0
1680,-143.72,-116.0,-87.36,-73.0,-59.0,-44.0,-30.0,-15.0,0.0,15.0,30.0,45.0,60.0
1690,-143.76,-116.0,-87.38,-73.0,-59.0,-44.0,-30.0,-15.0,0.0,15.0,30.0,45.0,60.0
1700,-143.8,-116.0,-87.4,-73.0,-59.0,-44.0,-30.0,-15.0,0.0,15.0,30.0,45.0,60.0
1710,-143.84,-116.0,-87.42,-73.0,-59.0,-44.0,-30.0,-15.0,0.0,15.0,30.0,45.0,60.0
1720,-143.88,-116.0,-87.44,-73.0,-59.0,-44.0,-30.0,-15.0,0.0,15.0,30.0,45.0,60.0
1730,-143.92,-116.0,-87.46,-73.0,-59.0,-44.0,-30.0,-15.0,0.0,15.0,30.0,45.0,60.0
1740,-143.96,-116.0,-87.48,-73.0,-59.0,-44.0,-30.0,-15.0,0.0,15.0,30.0,45.0,60.0
1750,-144.0,-116.0,-87.5,-73.0,-59.0,-44.0,-30.0,-15.0,0.0,15.0,30.0,45.0,60.0
1760,-144.04,-116.0,-87.52,-73.0,-59.0,-44.0,-30.0,-15.0,0.0,15.0,30.0,45.0,60.0
1770,-144.08,-116.0,-87.54,-73.0,-59.0,-44.0,-30.0,-15.0,0.0,15.0,30.0,45.0,60.0
1780,-144.12,-116.0,-87.56,-73.0,-59.0,-44.0,-30.0,-15.0,0.0,15.0,30.0,45.0,60.0
1790,-144.16,-116.0,-87.58,-73.0,-59.0,-44.0,-30.0,-15.0,0.0,15.0,30.0,45.0,60.0
1800,-144.2,-116.0,-87.6,-73.0,-59.0,-44.0,-30.0,-15.0,0.0,15.0,30.0,45.0,60.0
1810,-144.24,-116.0,-87.62,-73.0,-59.0,-44.0,-30.0,-15.0,0.0,15.0,30.0,45.0,60.0
1820,-144.28,-116.0,-87.64,-73.0,-59.0,-44.0,-30.0,-15.0,0.0,15.0,30.0,45.0,60.0
1830,-144.32,-116.0,-87.66,-73.0,-59.0,-44.0,-30.0,-15.0,0.0,15.0,30.0,45.0,60.0
1840,-144.36,-116.0,-87.68,-73.0,-59.0,-44.0,-30.0,-15.0,0.0,15.0,30.0,45.0,60.0
1850,-144.4,-116.0,-87.7,-73.0,-59.0,-44.0,-30.0,-15.0,0.0,15.0,30.0,45.0,60.0
1860,-144.44,-116.0,-87.72,-73.0,-59.0,-44.0,-30.0,-15.0,0.0,15.0,30.0,45.0,60.0
1870,-144.48,-116.0,-87.74,-73.0,-59.0,-44.0,-30.0,-15.0,0.0,15.0,30.0,45.0,60.0
1880,-144.52,-116.0,-87.76,-73.0,-59.0,-44.0,-30.0,-15.0,0.0,15.0,30.0,45.0,60.0
1890,-144.56,-116.0,-87.78,-73.0,-59.0,-44.0,-30.0,-15.0,0.0,15.0,30.0,45.0,60.0
1900,-144.6,-116.0,-87.8,-73.0,-59.0,-44.0,-30.0,-15.0,0.0,15.0,30.0,45.0,60.0
1910,-144.64,-116.0,-87.82,-73.0,-59.0,-44.0,-30.0,-15.0,0.0,15.0,30.0,45.0,60.0
1920,-144.68,-116.0,-87.84,-73.0,-59.0,-44.0,-30.0,-15.0,0.0,15.0,30.0,45.0,60.0
1930,-144.72,-116.0,-87.86,-73.0,-59.0,-44.0,-30.0,-15.0,0.0,15.0,30.0,45.0,60.0
1940,-144.76,-116.0,-87.88,-73.0,-59.0,-44.0,-30.0,-15.0,0.0,15.0,30.0,45.0,60.0
1950,-144.8,-116.0,-87.9,-73.0,-59.0,-44.0,-30.0,-15.0,0.0,15.0,30.0,45.0,60.0
1960,-144.84,-116.0,-87.92,-73.0,-59.0,-44.0,-30.0,-15.0,0.0,15.0,30.0,45.0,60.0
1970,-144.88,-116.0,-87.94,-73.0,-59.0,-44.0,-30.0,-15.0,0.0,15.0,30.0,45.0,60.0
1980,-144.92,-116.0,-87.96,-73.0,-59.0,-44.0,-30.0,-15.0,0.0,15.0,30.0,45.0,60.0
1990,-144.96,-116.0,-87.98,-73.0,-59.0,-44.0,-30.0,-15.0,0.0,15.0,30.0,45.0,60.0
2000,-145.0,-116.0,-88.0,-73.0,-59.0,-44.0,-30.0,-15.0,0.0,15.0,30.0,45.0,60.0
2010,-145.02,-116.02,-88.0,-73.02,-59.0,-44.0,-30.0,-15.0,0.0,15.0,30.0,45.0,60.0
2020,-145.04,-116.04,-88.0,-73.04,-59.0,-44.0,-30.0,-15.0,0.0,15.0,30.0,45.0,60.0
2030,-145.06,-116.06,-88.0,-73.06,-59.0,-44.0,-30.0,-15.0,0.0,15.0,30.0,45.0,60.0
2040,-145.08,-116.08,-88.0,-73.08,-59.0,-44.0,-30.0,-15.0,0.0,15.0,30.0,45.0,60.0
2050,-145.1,-116.1,-88.0,-73.1,-59.0,-44.0,-30.0,-15.0,0.0,15.0,30.0,45.0,60.0
2060,-145.12,-116.12,-88.0,-73.12,-59.0,-44.0,-30.0,-15.0,0.0,15.0,30.0,45.0,60.0
2070,-145.14,-116.14,-88.0,-73.14,-59.0,-44.0,-30.0,-15.0,0.0,15.0,30.0,45.0,60.0
2080,-145.16,-116.16,-88.0,-73.16,-59.0,-44.0,-30.0,-15.0,0.0,15.0,30.0,45.0,60.0
2090,-145.18,-116.18,-88.0,-73.18,-59.0,-44.0,-30.0,-15.0,0.0,15.0,30.0,45.0,60.0
2100,-145.2,-116.2,-88.0,-73.2,-59.0,-44.0,-30.0,-15.0,0.0,15.0,30.0,45.0,60.0
2110,-145.22,-116.22,-88.0,-73.22,-59.0,-44.0,-30.0,-15.0,0.0,15.0,30.0,45.0,60.0
2120,-145.24,-116.24,-88.0,-73.24,-59.0,-44.0,-30.0,-15.0,0.0,15.0,30.0,45.0,60.0
2130,-145.26,-116.26,-88.0,-73.26,-59.0,-44.0,-30.0,-15.0,0.0,15.0,30.0,45.0,60.0
2140,-145.28,-116.28,-88.0,-73.28,-59.0,-44.0,-30.0,-15.0,0.0,15.0,30.0,45.0,60.0
2150,-145.3,-116.3,-88.0,-73.3,-59.0,-44.0,-30.0,-15.0,0.0,15.0,30.0,45.0,60.0
2160,-145.32,-116.32,-88.0,-73.32,-59.0,-44.0,-30.0,-15.0,0.0,15.0,30.0,45.0,60.0
2170,-145.34,-116.34,-88.0,-73.34,-59.0,-44.0,-30.0,-15.0,0.0,15.0,30.0,45.0,60.0
2180,-145.36,-116.36,-88.0,-73.36,-59.0,-44.0,-30.0,-15.0,0.0,15.0,30.0,45.0,60.0
2190,-145.38,-116.38,-88.0,-73.38,-59.0,-44.0,-30.0,-15.0,0.0,15.0,30.0,45.0,60.0
2200,-145.4,-116.4,-88.0,-73.4,-59.0,-44.0,-30.0,-15.0,0.0,15.0,30.0,45.0,60.0
2210,-145.42,-116.42,-88.0,-73.42,-59.0,-44.0,-30.0,-15.0,0.0,15.0,30.0,45.0,60.0
2220,-145.44,-116.44,-88.0,-73.44,-59.0,-44.0,-30.0,-15.0,0.0,15.0,30.0,45.0,60.0
2230,-145.46,-116.46,-88.0,-73.46,-59.0,-44.0,-30.0,-15.0,0.0,15.0,30.0,45.0,60.0
2240,-145.48,-116.48,-88.0,-73.48,-59.0,-44.0,-30.0,-15.0,0.0,15.0,30.0,45.0,60.0
2250,-145.5,-116.5,-88.0,-73.5,-59.0,-44.0,-30.0,-15.0,0.0,15.0,30.0,45.0,60.0
2260,-145.52,-116.52,-88.0,-73.52,-59.0,-44.0,-30.0,-15.0,0.0,15.0,30.0,45.0,60.0
2270,-145.54,-116.54,-88.0,-73.54,-59.0,-44.0,-30.0,-15.0,0.0,15.0,30.0,45.0,60.0
2280,-145.56,-116.56,-88.0,-73.56,-59.0,-44.0,-30.0,-15.0,0.0,15.0,30.0,45.0,60.0
2290,-145.58,-116.58,-88.0,-73.58,-59.0,-44.0,-30.0,-15.0,0.0,15.0,30.0,45.0,60.0
2300,-145.6,-116.6,-88.0,-73.6,-59.0,-44.0,-30.0,-15.0,0.0,15.0,30.0,45.0,60.0
2310,-145.62,-116.62,-88.0,-73.62,-59.0,-44.0,-30.0,-15.0,0.0,15.0,30.0,45.0,60.0
2320,-145.64,-116.64,-88.0,-73.64,-59.0,-44.0,-30.0,-15.0,0.0,15.0,30.0,45.0,60.0
2330,-145.66,-116.66,-88.0,-73.66,-59.0,-44.0,-30.0,-15.0,0.0,15.0,30.0,45.0,60.0
2340,-145.68,-116.68,-88.0,-73.68,-59.0,-44.0,-30.0,-15.0,0.0,15.0,30.0,45.0,60.0
2350,-145.7,-116.7,-88.0,-73.7,-59.0,-44.0,-30.0,-15.0,0.0,15.0,30.0,45.0,60.0
2360,-145.72,-116.72,-88.0,-73.72,-59.0,-44.0,-30.0,-15.0,0.0,15.0,30.0,45.0,60.0
2370,-145.74,-116.74,-88.0,-73.74,-59.0,-44.0,-30.0,-15.0,0.0,15.0,30.0,45.0,60.0
2380,-145.76,-116.76,-88.0,-73.76,-59.0,-44.0,-30.0,-15.0,0.0,15.0,30.0,45.0,60.0
2390,-145.78,-116.78,-88.0,-73.78,-59.0,-44.0,-30.0,-15.0,0.0,15.0,30.0,45.0,60.0
2400,-145.8,-116.8,-88.0,-73.8,-59.0,-44.0,-30.0,-15.0,0.0,15.0,30.0,45.0,60.0
2410,-145.82,-116.82,-88.0,-73.82,-59.0,-44.0,-30.0,-15.0,0.0,15.0,30.0,45.0,60.0
2420,-145.84,-116.84,-88.0,-73.84,-59.0,-44.0,-30.0,-15.0,0.0,15.0,30.0,45.0,60.0
2430,-145.86,-116.86,-88.0,-73.86,-59.0,-44.0,-30.0,-15.0,0.0,15.0,30.0,45.0,60.0
2440,-145.88,-116.88,-88.0,-73.88,-59.0,-44.0,-30.0,-15.0,0.0,15.0,30.0,45.0,60.0
2450,-145.9,-116.9,-88.0,-73.9,-59.0,-44.0,-30.0,-15.0,0.0,15.0,30.0,45.0,60.0
2460,-145.92,-116.92,-88.0,-73.92,-59.0,-44.0,-30.0,-15.0,0.0,15.0,30.0,45.0,60.0
2470,-145.94,-116.94,-88.0,-73.94,-59.0,-44.0,-30.0,-15.0,0.0,15.0,30.0,45.0,60.0
2480,-145.96,-116.96,-88.0,-73.96,-59.0,-44.0,-30.0,-15.0,0.0,15.0,30.0,45.0,60.0
2490,-145.98,-116.98,-88.0,-73.98,-59.0,-44.0,-30.0,-15.0,0.0,15.0,30.0,45.0,60.0
2500,-146.0,-117.0,-88.0,-74.0,-59.0,-44.0,-30.0,-15.0,0.0,15.0,30.0,45.0,60.0
2510,-146.0,-117.0,-88.0,-74.0,-59.0,-44.0,-30.0,-15.0,0.0,15.0,30.0,45.0,60.0
2520,-146.0,-117.0,-88.0,-74.0,-59.0,-44.0,-30.0,-15.0,0.0,15.0,30.0,45.0,60.0
2530,-146.0,-117.0,-88.0,-74.0,-59.0,-44.0,-30.0,-15.0,0.0,15.0,30.0,45.0,60.0
2540,-146.0,-117.0,-88.0,-74.0,-59.0,-44.0,-30.0,-15.0,0.0,15.0,30.0,45.0,60.0
2550,-146.0,-117.0,-88.0,-74.0,-59.0,-44.0,-30.0,-15.0,0.0,15.0,30.0,45.0,60.0
2560,-146.0,-117.0,-88.0,-74.0,-59.0,-44.0,-30.0,-15.0,0.0,15.0,30.0,45.0,60.0
2570,-146.0,-117.0,-88.0,-74.0,-59.0,-44.0,-30.0,-15.0,0.0,15.0,30.0,45.0,60.0
2580,-146.0,-117.0,-88.0,-74.0,-59.0,-44.0,-30.0,-15.0,0.0,15.0,30.0,45.0,60.0
2590,-146.0,-117.0,-88.0,-74.0,-59.0,-44.0,-30.0,-15.0,0.0,15.0,30.0,45.0,60.0
2600,-146.0,-117.0,-88.0,-74.0,-59.0,-44.0,-30.0,-15.0,0.0,15.0,30.0,45.0,60.0
2610,-146.0,-117.0,-88.0,-74.0,-59.0,-44.0,-30.0,-15.0,0.0,15.0,30.0,45.0,60.0
2620,-146.0,-117.0,-88.0,-74.0,-59.0,-44.0,-30.0,-15.0,0.0,15.0,30.0,45.0,60.0
2630,-146.0,-117.0,-88.0,-74.0,-59.0,-44.0,-30.0,-15.0,0.0,15.0,30.0,45.0,60.0
2640,-146.0,-117.0,-88.0,-74.0,-59.0,-44.0,-30.0,-15.0,0.0,15.0,30.0,45.0,60.0
2650,-146.0,-117.0,-88.0,-74.0,-59.0,-44.0,-30.0,-15.0,0.0,15.0,30.0,45.0,60.0
2660,-146.0,-117.0,-88.0,-74.0,-59.0,-44.0,-30.0,-15.0,0.0,15.0,30.0,45.0,60.0
2670,-146.0,-117.0,-88.0,-74.0,-59.0,-44.0,-30.0,-15.0,0.0,15.0,30.0,45.0,60.0
2680,-146.0,-117.0,-88.0,-74.0,-59.0,-44.0,-30.0,-15.0,0.0,15.0,30.0,45.0,60.0
2690,-146.0,-117.0,-88.0,-74.0,-59.0,-44.0,-30.0,-15.0,0.0,15.0,30.0,45.0,60.0
2700,-146.0,-117.0,-88.0,-74.0,-59.0,-44.0,-30.0,-15.0,0.0,15.0,30.0,45.0,60.0
2710,-146.0,-117.0,-88.0,-74.0,-59.0,-44.0,-30.0,-15.0,0.0,15.0,30.0,45.0,60.0
2720,-146.0,-117.0,-88.0,-74.0,-59.0,-44.0,-30.0,-15.0,0.0,15.0,30.0,45.0,60.0
2730,-146.0,-117.0,-88.0,-74.0,-59.0,-44.0,-30.0,-15.0,0.0,15.0,30.0,45.0,60.0
2740,-146.0,-117.0,-88.0,-74.0,-59.0,-44.0,-30.0,-15.0,0.0,15.0,30.0,45.0,60.0
2750,-146.0,-117.0,-88.0,-74.0,-59.0,-44.0,-30.0,-15.0,0.0,15.0,30.0,45.0,60.0
2760,-146.0,-117.0,-88.0,-74.0,-59.0,-44.0,-30.0,-15.0,0.0,15.0,30.0,45.0,60.0
2770,-146.0,-117.0,-88.0,-74.0,-59.0,-44.0,-30.0,-15.0,0.0,15.0,30.0,45.0,60.0
2780,-146.0,-117.0,-88.0,-74.0,-59.0,-44.0,-30.0,-15.0,0.0,15.0,30.0,45.0,60.0
2790,-146.0,-117.0,-88.0,-74.0,-59.0,-44.0,-30.0,-15.0,0.0,15.0,30.0,45.0,60.0
2800,-146.0,-117.0,-88.0,-74.0,-59.0,-44.0,-30.0,-15.0,0.0,15.0,30.0,45.0,60.0
2810,-146.0,-117.0,-88.0,-74.0,-59.0,-44.0,-30.0,-15.0,0.0,15.0,30.0,45.0,60.0
2820,-146.0,-117.0,-88.0,-74.0,-59.0,-44.0,-30.0,-15.0,0.0,15.0,30.0,45.0,60.0
2830,-146.0,-117.0,-88.0,-74.0,-59.0,-44.0,-30.0,-15.0,0.0,15.0,30.0,45.0,60.0
2840,-146.0,-117.0,-88.0,-74.0,-59.0,-44.0,-30.0,-15.0,0.0,15.0,30.0,45.0,60.0
2850,-146.0,-117.0,-88.0,-74.0,-59.0,-44.0,-30.0,-15.0,0.0,15.0,30.0,45.0,60.0
2860,-146.0,-117.0,-88.0,-74.0,-59.0,-44.0,-30.0,-15.0,0.0,15.0,30.0,45.0,60.0
2870,-146.0,-117.0,-88.0,-74.0,-59.0,-44.0,-30.0,-15.0,0.0,15.0,30.0,45.0,60.0
2880,-146.0,-117.0,-88.0,-74.0,-59.0,-44.0,-30.0,-15.0,0.0,15.0,30.0,45.0,60.0
2890,-146.0,-117.0,-88.0,-74.0,-59.0,-44.0,-30.0,-15.0,0.0,15.0,30.0,45.0,60.0
2900,-146.0,-117.0,-88.0,-74.0,-59.0,-44.0,-30.0,-15.0,0.0,15.0,30.0,45.0,60.0
2910,-146.0,-117.0,-88.0,-74.0,-59.0,-44.0,-30.0,-15.0,0.0,15.0,30.0,45.0,60.0
2920,-146.0,-117.0,-88.0,-74.0,-59.0,-44.0,-30.0,-15.0,0.0,15.0,30.0,45.0,60.0
2930,-146.0,-117.0,-88.0,-74.0,-59.0,-44.0,-30.0,-15.0,0.0,15.0,30.0,45.0,60.0
2940,-146.0,-117.0,-88.0,-74.0,-59.0,-44.0,-30.0,-15.0,0.0,15.0,30.0,45.0,60.0
2950,-146.0,-117.0,-88.0,-74.0,-59.0,-44.0,-30.0,-15.0,0.0,15.0,30.0,45.0,60.0
2960,-146.0,-117.0,-88.0,-74.0,-59.0,-44.0,-30.0,-15.0,0.0,15.0,30.0,45.0,60.0
2970,-146.0,-117.0,-88.0,-74.0,-59.0,-44.0,-30.0,-15.0,0.0,15.0,30.0,45.0,60.0
2980,-146.0,-117.0,-88.0,-74.0,-59.0,-44.0,-30.0,-15.0,0.0,15.0,30.0,45.0,60.0
2990,-146.0,-117.0,-88.0,-74.0,-59.0,-44.0,-30.0,-15.0,0.0,15.0,30.0,45.0,60.0
3000,-146.0,-117.0,-88.0,-74.0,-59.0,-44.0,-30.0,-15.0,0.0,15.0,30.0,45.0,60.0
3010,-146.02,-117.02,-88.02,-74.0,-59.0,-44.0,-30.0,-15.0,0.0,15.0,30.0,45.0,60.0
3020,-146.04,-117.04,-88.04,-74.0,-59.0,-44.0,-30.0,-15.0,0.0,15.0,30.0,45.0,60.0
3030,-146.06,-117.06,-88.06,-74.0,-59.0,-44.0,-30.0,-15.0,0.0,15.0,30.0,45.0,60.0
3040,-146.08,-117.08,-88.08,-74.0,-59.0,-44.0,-30.0,-15.0,0.0,15.0,30.0,45.0,60.0
3050,-146.1,-117.1,-88.1,-74.0,-59.0,-44.0,-30.0,-15.0,0.0,15.0,30.0,45.0,60.0
3060,-146.12,-117.12,-88.12,-74.0,-59.0,-44.0,-30.0,-15.0,0.0,15.0,30.0,45.0,60.0
3070,-146.14,-117.14,-88.14,-74.0,-59.0,-44.0,-30.0,-15.0,0.0,15.0,30.0,45.0,60.0
3080,-146.16,-117.16,-88.16,-74.0,-59.0,-44.0,-30.0,-15.0,0.0,15.0,30.0,45.0,60.0
3090,-146.18,-117.18,-88.18,-74.0,-59.0,-44.0,-30.0,-15.0,0.0,15.0,30.0,45.0,60.0
3100,-146.2,-117.2,-88.2,-74.0,-59.0,-44.0,-30.0,-15.0,0.0,15.0,30.0,45.0,60.0
3110,-146.22,-117.22,-88.22,-74.0,-59.0,-44.0,-30.0,-15.0,0.0,15.0,30.0,45.0,60.0
3120,-146.24,-117.24,-88.24,-74.0,-59.0,-44.0,-30.0,-15.0,0.0,15.0,30.0,45.0,60.0
3130,-146.26,-117.26,-88.26,-74.0,-59.0,-44.0,-30.0,-15.0,0.0,15.0,30.0,45.0,60.0
3140,-146.28,-117.28,-88.28,-74.0,-59.0,-44.0,-30.0,-15.0,0.0,15.0,30.0,45.0,60.0
3150,-146.3,-117.3,-88.3,-74.0,-59.0,-44.0,-30.0,-15.0,0.0,15.0,30.0,45.0,60.0
3160,-146.32,-117.32,-88.32,-74.0,-59.0,-44.0,-30.0,-15.0,0.0,15.0,30.0,45.0,60.0
3170,-146.34,-117.34,-88.34,-74.0,-59.0,-44.0,-30.0,-15.0,0.0,15.0,30.0,45.0,60.0
3180,-146.36,-117.36,-88.36,-74.0,-59.0,-44.0,-30.0,-15.0,0.0,15.0,30.0,45.0,60.0
3190,-146.38,-117.38,-88.38,-74.0,-59.0,-44.0,-30.0,-15.0,0.0,15.0,30.0,45.0,60.0
3200,-146.4,-117.4,-88.4,-74.0,-59.0,-44.0,-30.0,-15.0,0.0,15.0,30.0,45.0,60.0
3210,-146.42,-117.42,-88.42,-74.0,-59.0,-44.0,-30.0,-15.0,0.0,15.0,30.0,45.0,60.0
3220,-146.44,-117.44,-88.44,-74.0,-59.0,-44.0,-30.0,-15.0,0.0,15.0,30.0,45.0,60.0
3230,-146.46,-117.46,-88.46,-74.0,-59.0,-44.0,-30.0,-15.0,0.0,15.0,30.0,45.0,60.0
3240,-146.48,-117.48,-88.48,-74.0,-59.0,-44.0,-30.0,-15.0,0.0,15.0,30.0,45.0,60.0
3250,-146.5,-117.5,-88.5,-74.0,-59.0,-44.0,-30.0,-15.0,0.0,15.0,30.0,45.0,60.0
3260,-146.52,-117.52,-88.52,-74.0,-59.0,-44.0,-30.0,-15.0,0.0,15.0,30.0,45.0,60.0
3270,-146.54,-117.54,-88.54,-74.0,-59.0,-44.0,-30.0,-15.0,0.0,15.0,30.0,45.0,60.0
3280,-146.56,-117.56,-88.56,-74.0,-59.0,-44.0,-30.0,-15.0,0.0,15.0,30.0,45.0,60.0
3290,-146.58,-117.58,-88.58,-74.0,-59.0,-44.0,-30.0,-15.0,0.0,15.0,30.0,45.0,60.0
3300,-146.6,-117.6,-88.6,-74.0,-59.0,-44.0,-30.0,-15.0,0.0,15.0,30.0,45.0,60.0
3310,-146.62,-117.62,-88.62,-74.0,-59.0,-44.0,-30.0,-15.0,0.0,15.0,30.0,45.0,60.0
3320,-146.64,-117.64,-88.64,-74.0,-59.0,-44.0,-30.0,-15.0,0.0,15.0,30.0,45.0,60.0
3330,-146.66,-117.66,-88.66,-74.0,-59.0,-44.0,-30.0,-15.0,0.0,15.0,30.0,45.0,60.0
3340,-146.68,-117.68,-88.68,-74.0,-59.0,-44.0,-30.0,-15.0,0.0,15.0,30.0,45.0,60.0
3350,-146.7,-117.7,-88.7,-74.0,-59.0,-44.0,-30.0,-15.0,0.0,15.0,30.0,45.0,60.0
3360,-146.72,-117.72,-88.72,-74.0,-59.0,-44.0,-30.0,-15.0,0.0,15.0,30.0,45.0,60.0
3370,-146.74,-117.74,-88.74,-74.0,-59.0,-44.0,-30.0,-15.0,0.0,15.0,30.0,45.0,60.0
3380,-146.76,-117.76,-88.76,-74.0,-59.0,-44.0,-30.0,-15.0,0.0,15.0,30.0,45.0,60.0
3390,-146.78,-117.78,-88.78,-74.0,-59.0,-44.0,-30.0,-15.0,0.0,15.0,30.0,45.0,60.0
3400,-146.8,-117.8,-88.8,-74.0,-59.0,-44.0,-30.0,-15.0,0.0,15.0,30.0,45.0,60.0
3410,-146.82,-117.82,-88.82,-74.0,-59.0,-44.0,-30.0,-15.0,0.0,15.0,30.0,45.0,60.0
3420,-146.84,-117.84,-88.84,-74.0,-59.0,-44.0,-30.0,-15.0,0.0,15.0,30.0,45.0,60.0
3430,-146.86,-117.86,-88.86,-74.0,-59.0,-44.0,-30.0,-15.0,0.0,15.0,30.0,45.0,60.0
3440,-146.88,-117.88,-88.88,-74.0,-59.0,-44.0,-30.0,-15.0,0.0,15.0,30.0,45.0,60.0
3450,-146.9,-117.9,-88.9,-74.0,-59.0,-44.0,-30.0,-15.0,0.0,15.0,30.0,45.0,60.0
3460,-146.92,-117.92,-88.92,-74.0,-59.0,-44.0,-30.0,-15.0,0.0,15.0,30.0,45.0,60.0
3470,-146.94,-117.94,-88.94,-74.0,-59.0,-44.0,-30.0,-15.0,0.0,15.0,30.0,45.0,60.0
3480,-146.96,-117.96,-88.96,-74.0,-59.0,-44.0,-30.0,-15.0,0.0,15.0,30.0,45.0,60.0
3490,-146.98,-117.98,-88.98,-74.0,-59.0,-44.0,-30.0,-15.0,0.0,15.0,30.0,45.0,60.0
3500,-147.0,-118.0,-89.0,-74.0,-59.0,-44.0,-30.0,-15.0,0.0,15.0,30.0,45.0,60.0
3510,-147.0,-118.0,-89.0,-74.0,-59.0,-44.02,-30.0,-15.0,0.0,15.0,30.0,45.0,60.0
3520,-147.0,-118.0,-89.0,-74.0,-59.0,-44.04,-30.0,-15.0,0.0,15.0,30.0,45.0,60.0
3530,-147.0,-118.0,-89.0,-74.0,-59.0,-44.06,-30.0,-15.0,0.0,15.0,30.0,45.0,60.0
3540,-147.0,-118.0,-89.0,-74.0,-59.0,-44.08,-30.0,-15.0,0.0,15.0,30.0,45.0,60.0
3550,-147.0,-118.0,-89.0,-74.0,-59.0,-44.1,-30.0,-15.0,0.0,15.0,30.0,45.0,60.0
3560,-147.0,-118.0,-89.0,-74.0,-59.0,-44.12,-30.0,-15.0,0.0,15.0,30.0,45.0,60.0
3570,-147.0,-118.0,-89.0,-74.0,-59.0,-44.14,-30.0,-15.0,0.0,15.0,30.0,45.0,60.0
3580,-147.0,-118.0,-89.0,-74.0,-59.0,-44.16,-30.0,-15.0,0.0,15.0,30.0,45.0,60.0
3590,-147.0,-118.0,-89.0,-74.0,-59.0,-44.18,-30.0,-15.0,0.0,15.0,30.0,45.0,60.0
3600,-147.0,-118.0,-89.0,-74.0,-59.0,-44.2,-30.0,-15.0,0.0,15.0,30.0,45.0,60.0
3610,-147.0,-118.0,-89.0,-74.0,-59.0,-44.22,-30.0,-15.0,0.0,15.0,30.0,45.0,60.0
3620,-147.0,-118.0,-89.0,-74.0,-59.0,-44.24,-30.0,-15.0,0.0,15.0,30.0,45.0,60.0
3630,-147.0,-118.0,-89.0,-74.0,-59.0,-44.26,-30.0,-15.0,0.0,15.0,30.0,45.0,60.0
3640,-147.0,-118.0,-89.0,-74.0,-59.0,-44.28,-30.0,-15.0,0.0,15.0,30.0,45.0,60.0
3650,-147.0,-118.0,-89.0,-74.0,-59.0,-44.3,-30.0,-15.0,0.0,15.0,30.0,45.0,60.0
3660,-147.0,-118.0,-89.0,-74.0,-59.0,-44.32,-30.0,-15.0,0.0,15.0,30.0,45.0,60.0
3670,-147.0,-118.0,-89.0,-74.0,-59.0,-44.34,-30.0,-15.0,0.0,15.0,30.0,45.0,60.0
3680,-147.0,-118.0,-89.0,-74.0,-59.0,-44.36,-30.0,-15.0,0.0,15.0,30.0,45.0,60.0
3690,-147.0,-118.0,-89.0,-74.0,-59.0,-44.38,-30.0,-15.0,0.0,15.0,30.0,45.0,60.0
3700,-147.0,-118.0,-89.0,-74.0,-59.0,-44.4,-30.0,-15.0,0.0,15.0,30.0,45.0,60.0
3710,-147.0,-118.0,-89.0,-74.0,-59.0,-44.42,-30.0,-15.0,0.0,15.0,30.0,45.0,60.0
3720,-147.0,-118.0,-89.0,-74.0,-59.0,-44.44,-30.0,-15.0,0.0,15.0,30.0,45.0,60.0
3730,-147.0,-118.0,-89.0,-74.0,-59.0,-44.46,-30.0,-15.0,0.0,15.0,30.0,45.0,60.0
3740,-147.0,-118.0,-89.0,-74.0,-59.0,-44.48,-30.0,-15.0,0.0,15.0,30.0,45.0,60.0
3750,-147.0,-118.0,-89.0,-74.0,-59.0,-44.5,-30.0,-15.0,0.0,15.0,30.0,45.0,60.0
3760,-147.0,-118.0,-89.0,-74.0,-59.0,-44.52,-30.0,-15.0,0.0,15.0,30.0,45.0,60.0
3770,-147.0,-118.0,-89.0,-74.0,-59.0,-44.54,-30.0,-15.0,0.0,15.0,30.0,45.0,60.0
3780,-147.0,-118.0,-89.0,-74.0,-59.0,-44.56,-30.0,-15.0,0.0,15.0,30.0,45.0,60.0
3790,-147.0,-118.0,-89.0,-74.0,-59.0,-44.58,-30.0,-15.0,0.0,15.0,30.0,45.0,60.0
3800,-147.0,-118.0,-89.0,-74.0,-59.0,-44.6,-30.0,-15.0,0.0,15.0,30.0,45.0,60.0
3810,-147.0,-118.0,-89.0,-74.0,-59.0,-44.62,-30.0,-15.0,0.0,15.0,30.0,45.0,60.0
3820,-147.0,-118.0,-89.0,-74.0,-59.0,-44.64,-30.0,-15.0,0.0,15.0,30.0,45.0,60.0
3830,-147.0,-118.0,-89.0,-74.0,-59.0,-44.66,-30.0,-15.0,0.0,15.0,30.0,45.0,60.0
3840,-147.0,-118.0,-89.0,-74.0,-59.0,-44.68,-30.0,-15.0,0.0,15.0,30.0,45.0,60.0
3850,-147.0,-118.0,-89.0,-74.0,-59.0,-44.7,-30.0,-15.0,0.0,15.0,30.0,45.0,60.0
3860,-147.0,-118.0,-89.0,-74.0,-59.0,-44.72,-30.0,-15.0,0.0,15.0,30.0,45.0,60.0
3870,-147.0,-118.0,-89.0,-74.0,-59.0,-44.74,-30.0,-15.0,0.0,15.0,30.0,45.0,60.0
3880,-147.0,-118.0,-89.0,-74.0,-59.0,-44.76,-30.0,-15.0,0.0,15.0,30.0,45.0,60.0
3890,-147.0,-118.0,-89.0,-74.0,-59.0,-44.78,-30.0,-15.0,0.0,15.0,30.0,45.0,60.0
3900,-147.0,-118.0,-89.0,-74.0,-59.0,-44.8,-30.0,-15.0,0.0,15.0,30.0,45.0,60.0
3910,-147.0,-118.0,-89.0,-74.0,-59.0,-44.82,-30.0,-15.0,0.0,15.0,30.0,45.0,60.0
3920,-147.0,-118.0,-89.0,-74.0,-59.0,-44.84,-30.0,-15.0,0.0,15.0,30.0,45.0,60.0
3930,-147.0,-118.0,-89.0,-74.0,-59.0,-44.86,-30.0,-15.0,0.0,15.0,30.0,45.0,60.0
3940,-147.0,-118.0,-89.0,-74.0,-59.0,-44.88,-30.0,-15.0,0.0,15.0,30.0,45.0,60.0
3950,-147.0,-118.0,-89.0,-74.0,-59.0,-44.9,-30.0,-15.0,0.0,15.0,30.0,45.0,60.0
3960,-147.0,-118.0,-89.0,-74.0,-59.0,-44.92,-30.0,-15.0,0.0,15.0,30.0,45.0,60.0
3970,-147.0,-118.0,-89.0,-74.0,-59.0,-44.94,-30.0,-15.0,0.0,15.0,30.0,45.0,60.0
3980,-147.0,-118.0,-89.0,-74.0,-59.0,-44.96,-30.0,-15.0,0.0,15.0,30.0,45.0,60.0
3990,-147.0,-118.0,-89.0,-74.0,-59.0,-44.98,-30.0,-15.0,0.0,15.0,30.0,45.0,60.0
4000,-147.0,-118.0,-89.0,-74.0,-59.0,-45.0,-30.0,-15.0,0.0,15.0,30.0,45.0,60.0
4010,-147.02,-118.0,-89.0,-74.0,-59.0,-45.0,-30.0,-15.0,0.0,15.0,30.0,45.0,60.0
4020,-147.04,-118.0,-89.0,-74.0,-59.0,-45.0,-30.0,-15.0,0.0,15.0,30.0,45.0,60.0
4030,-147.06,-118.0,-89.0,-74.0,-59.0,-45.0,-30.0,-15.0,0.0,15.0,30.0,45.0,60.0
4040,-147.08,-118.0,-89.0,-74.0,-59.0,-45.0,-30.0,-15.0,0.0,15.0,30.0,45.0,60.0
4050,-147.1,-118.0,-89.0,-74.0,-59.0,-45.0,-30.0,-15.0,0.0,15.0,30.0,45.0,60.0
4060,-147.12,-118.0,-89.0,-74.0,-59.0,-45.0,-30.0,-15.0,0.0,15.0,30.0,45.0,60.0
4070,-147.14,-118.0,-89.0,-74.0,-59.0,-45.0,-30.0,-15.0,0.0,15.0,30.0,45.0,60.0
4080,-147.16,-118.0,-89.0,-74.0,-59.0,-45.0,-30.0,-15.0,0.0,15.0,30.0,45.0,60.0
4090,-147.18,-118.0,-89.0,-74.0,-59.0,-45.0,-30.0,-15.0,0.0,15.0,30.0,45.0,60.0
4100,-147.2,-118.0,-89.0,-74.0,-59.0,-45.0,-30.0,-15.0,0.0,15.0,30.0,45.0,60.0
4110,-147.22,-118.0,-89.0,-74.0,-59.0,-45.0,-30.0,-15.0,0.0,15.0,30.0,45.0,60.0
4120,-147.24,-118.0,-89.0,-74.0,-59.0,-45.0,-30.0,-15.0,0.0,15.0,30.0,45.0,60.0
4130,-147.26,-118.0,-89.0,-74.0,-59.0,-45.0,-30.0,-15.0,0.0,15.0,30.0,45.0,60.0
4140,-147.28,-118.0,-89.0,-74.0,-59.0,-45.0,-30.0,-15.0,0.0,15.0,30.0,45.0,60.0
4150,-147.3,-118.0,-89.0,-74.0,-59.0,-45.0,-30.0,-15.0,0.0,15.0,30.0,45.0,60.0
4160,-147.32,-118.0,-89.0,-74.0,-59.0,-45.0,-30.0,-15.0,0.0,15.0,30.0,45.0,60.0
4170,-147.34,-118.0,-89.0,-74.0,-59.0,-45.0,-30.0,-15.0,0.0,15.0,30.0,45.0,60.0
4180,-147.36,-118.0,-89.0,-74.0,-59.0,-45.0,-30.0,-15.0,0.0,15.0,30.0,45.0,60.0
4190,-147.38,-118.0,-89.0,-74.0,-59.0,-45.0,-30.0,-15.0,0.0,15.0,30.0,45.0,60.0
4200,-147.4,-118.0,-89.0,-74.0,-59.0,-45.0,-30.0,-15.0,0.0,15.0,30.0,45.0,60.0
4210,-147.42,-118.0,-89.0,-74.0,-59.0,-45.0,-30.0,-15.0,0.0,15.0,30.0,45.0,60.0
4220,-147.44,-118.0,-89.0,-74.0,-59.0,-45.0,-30.0,-15.0,0.0,15.0,30.0,45.0,60.0
4230,-147.46,-118.0,-89.0,-74.0,-59.0,-45.0,-30.0,-15.0,0.0,15.0,30.0,45.0,60.0
4240,-147.48,-118.0,-89.0,-74.0,-59.0,-45.0,-30.0,-15.0,0.0,15.0,30.0,45.0,60.0
4250,-147.5,-118.0,-89.0,-74.0,-59.0,-45.0,-30.0,-15.0,0.0,15.0,30.0,45.0,60.0
4260,-147.52,-118.0,-89.0,-74.0,-59.0,-45.0,-30.0,-15.0,0.0,15.0,30.0,45.0,60.0
4270,-147.54,-118.0,-89.0,-74.0,-59.0,-45.0,-30.0,-15.0,0.0,15.0,30.0,45.0,60.0
4280,-147.56,-118.0,-89.0,-74.0,-59.0,-45.0,-30.0,-15.0,0.0,15.0,30.0,45.0,60.0
4290,-147.58,-118.0,-89.0,-74.0,-59.0,-45.0,-30.0,-15.0,0.0,15.0,30.0,45.0,60.0
4300,-147.6,-118.0,-89.0,-74.0,-59.0,-45.0,-30.0,-15.0,0.0,15.0,30.0,45.0,60.0
4310,-147.62,-118.0,-89.0,-74.0,-59.0,-45.0,-30.0,-15.0,0.0,15.0,30.0,45.0,60.0
4320,-147.64,-118.0,-89.0,-74.0,-59.0,-45.0,-30.0,-15.0,0.0,15.0,30.0,45.0,60.0
4330,-147.66,-118.0,-89.0,-74.0,-59.0,-45.0,-30.0,-15.0,0.0,15.0,30.0,45.0,60.0
4340,-147.68,-118.0,-89.0,-74.0,-59.0,-45.0,-30.0,-15.0,0.0,15.0,30.0,45.0,60.0
4350,-147.7,-118.0,-89.0,-74.0,-59.0,-45.0,-30.0,-15.0,0.0,15.0,30.0,45.0,60.0
4360,-147.72,-118.0,-89.0,-74.0,-59.0,-45.0,-30.0,-15.0,0.0,15.0,30.0,45.0,60.0
4370,-147.74,-118.0,-89.0,-74.0,-59.0,-45.0,-30.0,-15.0,0.0,15.0,30.0,45.0,60.0
4380,-147.76,-118.0,-89.0,-74.0,-59.0,-45.0,-30.0,-15.0,0.0,15.0,30.0,45.0,60.0
4390,-147.78,-118.0,-89.0,-74.0,-59.0,-45.0,-30.0,-15.0,0.0,15.0,30.0,45.0,60.0
4400,-147.8,-118.0,-89.0,-74.0,-59.0,-45.0,-30.0,-15.0,0.0,15.0,30.0,45.0,60.0
4410,-147.82,-118.0,-89.0,-74.0,-59.0,-45.0,-30.0,-15.0,0.0,15.0,30.0,45.0,60.0
4420,-147.84,-118.0,-89.0,-74.0,-59.0,-45.0,-30.0,-15.0,0.0,15.0,30.0,45.0,60.0
4430,-147.86,-118.0,-89.0,-74.0,-59.0,-45.0,-30.0,-15.0,0.0,15.0,30.0,45.0,60.0
4440,-147.88,-118.0,-89.0,-74.0,-59.0,-45.0,-30.0,-15.0,0.0,15.0,30.0,45.0,60.0
4450,-147.9,-118.0,-89.0,-74.0,-59.0,-45.0,-30.0,-15.0,0.0,15.0,30.0,45.0,60.0
4460,-147.92,-118.0,-89.0,-74.0,-59.0,-45.0,-30.0,-15.0,0.0,15.0,30.0,45.0,60.0
4470,-147.94,-118.0,-89.0,-74.0,-59.0,-45.0,-30.0,-15.0,0.0,15.0,30.0,45.0,60.0
4480,-147.96,-118.0,-89.0,-74.0,-59.0,-45.0,-30.0,-15.0,0.0,15.0,30.0,45.0,60.0
4490,-147.98,-118.0,-89.0,-74.0,-59.0,-45.0,-30.0,-15.0,0.0,15.0,30.0,45.0,60.0
4500,-148.0,-118.0,-89.0,-74.0,-59.0,-45.0,-30.0,-15.0,0.0,15.0,30.0,45.0,60.0
4510,-148.0,-118.02,-89.0,-74.0,-59.0,-45.0,-30.0,-15.0,0.0,15.0,30.0,45.0,60.0
4520,-148.0,-118.04,-89.0,-74.0,-59.0,-45.0,-30.0,-15.0,0.0,15.0,30.0,45.0,60.0
4530,-148.0,-118.06,-89.0,-74.0,-59.0,-45.0,-30.0,-15.0,0.0,15.0,30.0,45.0,60.0
4540,-148.0,-118.08,-89.0,-74.0,-59.0,-45.0,-30.0,-15.0,0.0,15.0,30.0,45.0,60.0
4550,-148.0,-118.1,-89.0,-74.0,-59.0,-45.0,-30.0,-15.0,0.0,15.0,30.0,45.0,60.0
4560,-148.0,-118.12,-89.0,-74.0,-59.0,-45.0,-30.0,-15.0,0.0,15.0,30.0,45.0,60.0
4570,-148.0,-118.14,-89.0,-74.0,-59.0,-45.0,-30.0,-15.0,0.0,15.0,30.0,45.0,60.0
4580,-148.0,-118.16,-89.0,-74.0,-59.0,-45.0,-30.0,-15.0,0.0,15.0,30.0,45.0,60.0
4590,-148.0,-118.18,-89.0,-74.0,-59.0,-45.0,-30.0,-15.0,0.0,15.0,30.0,45.0,60.0
4600,-148.0,-118.2,-89.0,-74.0,-59.0,-45.0,-30.0,-15.0,0.0,15.0,30.0,45.0,60.0
4610,-148.0,-118.22,-89.0,-74.0,-59.0,-45.0,-30.0,-15.0,0.0,15.0,30.0,45.0,60.0
4620,-148.0,-118.24,-89.0,-74.0,-59.0,-45.0,-30.0,-15.0,0.0,15.0,30.0,45.0,60.0
4630,-148.0,-118.26,-89.0,-74.0,-59.0,-45.0,-30.0,-15.0,0.0,15.0,30.0,45.0,60.0
4640,-148.0,-118.28,-89.0,-74.0,-59.0,-45.0,-30.0,-15.0,0.0,15.0,30.0,45.0,60.0
4650,-148.0,-118.3,-89.0,-74.0,-59.0,-45.0,-30.0,-15.0,0.0,15.0,30.0,45.0,60.0
4660,-148.0,-118.32,-89.0,-74.0,-59.0,-45.0,-30.0,-15.0,0.0,15.0,30.0,45.0,60.0
4670,-148.0,-118.34,-89.0,-74.0,-59.0,-45.0,-30.0,-15.0,0.0,15.0,30.0,45.0,60.0
4680,-148.0,-118.36,-89.0,-74.0,-59.0,-45.0,-30.0,-15.0,0.0,15.0,30.0,45.0,60.0
4690,-148.0,-118.38,-89.0,-74.0,-59.0,-45.0,-30.0,-15.0,0.0,15.0,30.0,45.0,60.0
4700,-148.0,-118.4,-89.0,-74.0,-59.0,-45.0,-30.0,-15.0,0.0,15.0,30.0,45.0,60.0
4710,-148.0,-118.42,-89.0,-74.0,-59.0,-45.0,-30.0,-15.0,0.0,15.0,30.0,45.0,60.0
4720,-148.0,-118.44,-89.0,-74.0,-59.0,-45.0,-30.0,-15.0,0.0,15.0,30.0,45.0,60.0
4730,-148.0,-118.46,-89.0,-74.0,-59.0,-45.0,-30.0,-15.0,0.0,15.0,30.0,45.0,60.0
4740,-148.0,-118.48,-89.0,-74.0,-59.0,-45.0,-30.0,-15.0,0.0,15.0,30.0,45.0,60.0
4750,-148.0,-118.5,-89.0,-74.0,-59.0,-45.0,-30.0,-15.0,0.0,15.0,30.0,45.0,60.0
4760,-148.0,-118.52,-89.0,-74.0,-59.0,-45.0,-30.0,-15.0,0.0,15.0,30.0,45.0,60.0
4770,-148.0,-118.54,-89.0,-74.0,-59.0,-45.0,-30.0,-15.0,0.0,15.0,30.0,45.0,60.0
4780,-148.0,-118.56,-89.0,-74.0,-59.0,-45.0,-30.0,-15.0,0.0,15.0,30.0,45.0,60.0
4790,-148.0,-118.58,-89.0,-74.0,-59.0,-45.0,-30.0,-15.0,0.0,15.0,30.0,45.0,60.0
4800,-148.0,-118.6,-89.0,-74.0,-59.0,-45.0,-30.0,-15.0,0.0,15.0,30.0,45.0,60.0
4810,-148.0,-118.62,-89.0,-74.0,-59.0,-45.0,-30.0,-15.0,0.0,15.0,30.0,45.0,60.0
4820,-148.0,-118.64,-89.0,-74.0,-59.0,-45.0,-30.0,-15.0,0.0,15.0,30.0,45.0,60.0
4830,-148.0,-118.66,-89.0,-74.0,-59.0,-45.0,-30.0,-15.0,0.0,15.0,30.0,45.0,60.0
4840,-148.0,-118.68,-89.0,-74.0,-59.0,-45.0,-30.0,-15.0,0.0,15.0,30.0,45.0,60.0
4850,-148.0,-118.7,-89.0,-74.0,-59.0,-45.0,-30.0,-15.0,0.0,15.0,30.0,45.0,60.0
4860,-148.0,-118.72,-89.0,-74.0,-59.0,-45.0,-30.0,-15.0,0.0,15.0,30.0,45.0,60.0
4870,-148.0,-118.74,-89.0,-74.0,-59.0,-45.0,-30.0,-15.0,0.0,15.0,30.0,45.0,60.0
4880,-148.0,-118.76,-89.0,-74.0,-59.0,-45.0,-30.0,-15.0,0.0,15.0,30.0,45.0,60.0
4890,-148.0,-118.78,-89.0,-74.0,-59.0,-45.0,-30.0,-15.0,0.0,15.0,30.0,45.0,60.0
4900,-148.0,-118.8,-89.0,-74.0,-59.0,-45.0,-30.0,-15.0,0.0,15.0,30.0,45.0,60.0
4910,-148.0,-118.82,-89.0,-74.0,-59.0,-45.0,-30.0,-15.0,0.0,15.0,30.0,45.0,60.0
4920,-148.0,-118.84,-89.0,-74.0,-59.0,-45.0,-30.0,-15.0,0.0,15.0,30.0,45.0,60.0
4930,-148.0,-118.86,-89.0,-74.0,-59.0,-45.0,-30.0,-15.0,0.0,15.0,30.0,45.0,60.0
4940,-148.0,-118.88,-89.0,-74.0,-59.0,-45.0,-30.0,-15.0,0.0,15.0,30.0,45.0,60.0
4950,-148.0,-118.9,-89.0,-74.0,-59.0,-45.0,-30.0,-15.0,0.0,15.0,30.0,45.0,60.0
4960,-148.0,-118.92,-89.0,-74.0,-59.0,-45.0,-30.0,-15.0,0.0,15.0,30.0,45.0,60.0
4970,-148.0,-118.94,-89.0,-74.0,-59.0,-45.0,-30.0,-15.0,0.0,15.0,30.0,45.0,60.0
4980,-148.0,-118.96,-89.0,-74.0,-59.0,-45.0,-30.0,-15.0,0.0,15.0,30.0,45.0,60.0
4990,-148.0,-118.98,-89.0,-74.0,-59.0,-45.0,-30.0,-15.0,0.0,15.0,30.0,45.0,60.0
5000,-148.0,-119.0,-89.0,-74.0,-59.0,-45.0,-30.0,-15.0,0.0,15.0,30.0,45.0,60.0
5010,-148.02,-119.0,-89.0,-74.0,-59.0,-45.0,-30.0,-15.0,0.0,15.0,30.0,45.0,60.0
5020,-148.04,-119.0,-89.0,-74.0,-59.0,-45.0,-30.0,-15.0,0.0,15.0,30.0,45.0,60.0
5030,-148.06,-119.0,-89.0,-74.0,-59.0,-45.0,-30.0,-15.0,0.0,15.0,30.0,45.0,60.0
5040,-148.08,-119.0,-89.0,-74.0,-59.0,-45.0,-30.0,-15.0,0.0,15.0,30.0,45.0,60.0
5050,-148.1,-119.0,-89.0,-74.0,-59.0,-45.0,-30.0,-15.0,0.0,15.0,30.0,45.0,60.0
5060,-148.12,-119.0,-89.0,-74.0,-59.0,-45.0,-30.0,-15.0,0.0,15.0,30.0,45.0,60.0
5070,-148.14,-119.0,-89.0,-74.0,-59.0,-45.0,-30.0,-15.0,0.0,15.0,30.0,45.0,60.0
5080,-148.16,-119.0,-89.0,-74.0,-59.0,-45.0,-30.0,-15.0,0.0,15.0,30.0,45.0,60.0
5090,-148.18,-119.0,-89.0,-74.0,-59.0,-45.0,-30.0,-15.0,0.0,15.0,30.0,45.0,60.0
5100,-148.2,-119.0,-89.0,-74.0,-59.0,-45.0,-30.0,-15.0,0.0,15.0,30.0,45.0,60.0
5110,-148.22,-119.0,-89.0,-74.0,-59.0,-45.0,-30.0,-15.0,0.0,15.0,30.0,45.0,60.0
5120,-148.24,-119.0,-89.0,-74.0,-59.0,-45.0,-30.0,-15.0,0.0,15.0,30.0,45.0,60.0
5130,-148.26,-119.0,-89.0,-74.0,-59.0,-45.0,-30.0,-15.0,0.0,15.0,30.0,45.0,60.0
5140,-148.28,-119.0,-89.0,-74.0,-59.0,-45.0,-30.0,-15.0,0.0,15.0,30.0,45.0,60.0
5150,-148.3,-119.0,-89.0,-74.0,-59.0,-45.0,-30.0,-15.0,0.0,15.0,30.0,45.0,60.0
5160,-148.32,-119.0,-89.0,-74.0,-59.0,-45.0,-30.0,-15.0,0.0,15.0,30.0,45.0,60.0
5170,-148.34,-119.0,-89.0,-74.0,-59.0,-45.0,-30.0,-15.0,0.0,15.0,30.0,45.0,60.0
5180,-148.36,-119.0,-89.0,-74.0,-59.0,-45.0,-30.0,-15.0,0.0,15.0,30.0,45.0,60.0
5190,-148.38,-119.0,-89.0,-74.0,-59.0,-45.0,-30.0,-15.0,0.0,15.0,30.0,45.0,60.0
5200,-148.4,-119.0,-89.0,-74.0,-59.0,-45.0,-30.0,-15.0,0.0,15.0,30.0,45.0,60.0
5210,-148.42,-119.0,-89.0,-74.0,-59.0,-45.0,-30.0,-15.0,0.0,15.0,30.0,45.0,60.0
5220,-148.44,-119.0,-89.0,-74.0,-59.0,-45.0,-30.0,-15.0,0.0,15.0,30.0,45.0,60.0
5230,-148.46,-119.0,-89.0,-74.0,-59.0,-45.0,-30.0,-15.0,0.0,15.0,30.0,45.0,60.0
5240,-148.48,-119.0,-89.0,-74.0,-59.0,-45.0,-30.0,-15.0,0.0,15.0,30.0,45.0,60.0
5250,-148.5,-119.0,-89.0,-74.0,-59.0,-45.0,-30.0,-15.0,0.0,15.0,30.0,45.0,60.0
5260,-148.52,-119.0,-89.0,-74.0,-59.0,-45.0,-30.0,-15.0,0.0,15.0,30.0,45.0,60.0
5270,-148.54,-119.0,-89.0,-74.0,-59.0,-45.0,-30.0,-15.0,0.0,15.0,30.0,45.0,60.0
5280,-148.56,-119.0,-89.0,-74.0,-59.0,-45.0,-30.0,-15.0,0.0,15.0,30.0,45.0,60.0
5290,-148.58,-119.0,-89.0,-74.0,-59.0,-45.0,-30.0,-15.0,0.0,15.0,30.0,45.0,60.0
5300,-148.6,-119.0,-89.0,-74.0,-59.0,-45.0,-30.0,-15.0,0.0,15.0,30.0,45.0,60.0
5310,-148.62,-119.0,-89.0,-74.0,-59.0,-45.0,-30.0,-15.0,0.0,15.0,30.0,45.0,60.0
5320,-148.64,-119.0,-89.0,-74.0,-59.0,-45.0,-30.0,-15.0,0.0,15.0,30.0,45.0,60.0
5330,-148.66,-119.0,-89.0,-74.0,-59.0,-45.0,-30.0,-15.0,0.0,15.0,30.0,45.0,60.0
5340,-148.68,-119.0,-89.0,-74.0,-59.0,-45.0,-30.0,-15.0,0.0,15.0,30.0,45.0,60.0
5350,-148.7,-119.0,-89.0,-74.0,-59.0,-45.0,-30.0,-15.0,0.0,15.0,30.0,45.0,60.0
5360,-148.72,-119.0,-89.0,-74.0,-59.0,-45.0,-30.0,-15.0,0.0,15.0,30.0,45.0,60.0
5370,-148.74,-119.0,-89.0,-74.0,-59.0,-45.0,-30.0,-15.0,0.0,15.0,30.0,45.0,60.0
5380,-148.76,-119.0,-89.0,-74.0,-59.0,-45.0,-30.0,-15.0,0.0,15.0,30.0,45.0,60.0
5390,-148.78,-119.0,-89.0,-74.0,-59.0,-45.0,-30.0,-15.0,0.0,15.0,30.0,45.0,60.0
5400,-148.8,-119.0,-89.0,-74.0,-59.0,-45.0,-30.0,-15.0,0.0,15.0,30.0,45.0,60.0
5410,-148.82,-119.0,-89.0,-74.0,-59.0,-45.0,-30.0,-15.0,0.0,15.0,30.0,45.0,60.0
5420,-148.84,-119.0,-89.0,-74.0,-59.0,-45.0,-30.0,-15.0,0.0,15.0,30.0,45.0,60.0
5430,-148.86,-119.0,-89.0,-74.0,-59.0,-45.0,-30.0,-15.0,0.0,15.0,30.0,45.0,60.0
5440,-148.88,-119.0,-89.0,-74.0,-59.0,-45.0,-30.0,-15.0,0.0,15.0,30.0,45.0,60.0
5450,-148.9,-119.0,-89.0,-74.0,-59.0,-45.0,-30.0,-15.0,0.0,15.0,30.0,45.0,60.0
5460,-148.92,-119.0,-89.0,-74.0,-59.0,-45.0,-30.0,-15.0,0.0,15.0,30.0,45.0,60.0
5470,-148.94,-119.0,-89.0,-74.0,-59.0,-45.0,-30.0,-15.0,0.0,15.0,30.0,45.0,60.0
5480,-148.96,-119.0,-89.0,-74.0,-59.0,-45.0,-30.0,-15.0,0.0,15.0,30.0,45.0,60.0
5490,-148.98,-119.0,-89.0,-74.0,-59.0,-45.0,-30.0,-15.0,0.0,15.0,30.0,45.0,60.0
5500,-149.0,-119.0,-89.0,-74.0,-59.0,-45.0,-30.0,-15.0,0.0,15.0,30.0,45.0,60.0
5510,-149.0,-119.0,-89.0,-74.0,-59.02,-45.0,-30.0,-15.0,0.0,15.0,30.0,45.0,59.98
5520,-149.0,-119.0,-89.0,-74.0,-59.04,-45.0,-30.0,-15.0,0.0,15.0,30.0,45.0,59.96
5530,-149.0,-119.0,-89.0,-74.0,-59.06,-45.0,-30.0,-15.0,0.0,15.0,30.0,45.0,59.94
5540,-149.0,-119.0,-89.0,-74.0,-59.08,-45.0,-30.0,-15.0,0.0,15.0,30.0,45.0,59.92
5550,-149.0,-119.0,-89.0,-74.0,-59.1,-45.0,-30.0,-15.0,0.0,15.0,30.0,45.0,59.9
5560,-149.0,-119.0,-89.0,-74.0,-59.12,-45.0,-30.0,-15.0,0.0,15.0,30.0,45.0,59.88
5570,-149.0,-119.0,-89.0,-74.0,-59.14,-45.0,-30.0,-15.0,0.0,15.0,30.0,45.0,59.86
5580,-149.0,-119.0,-89.0,-74.0,-59.16,-45.0,-30.0,-15.0,0.0,15.0,30.0,45.0,59.84
5590,-149.0,-119.0,-89.0,-74.0,-59.18,-45.0,-30.0,-15.0,0.0,15.0,30.0,45.0,59.82
5600,-149.0,-119.0,-89.0,-74.0,-59.2,-45.0,-30.0,-15.0,0.0,15.0,30.0,45.0,59.8
5610,-149.0,-119.0,-89.0,-74.0,-59.22,-45.0,-30.0,-15.0,0.0,15.0,30.0,45.0,59.78
5620,-149.0,-119.0,-89.0,-74.0,-59.24,-45.0,-30.0,-15.0,0.0,15.0,30.0,45.0,59.76
5630,-149.0,-119.0,-89.0,-74.0,-59.26,-45.0,-30.0,-15.0,0.0,15.0,30.0,45.0,59.74
5640,-149.0,-119.0,-89.0,-74.0,-59.28,-45.0,-30.0,-15.0,0.0,15.0,30.0,45.0,59.72
5650,-149.0,-119.0,-89.0,-74.0,-59.3,-45.0,-30.0,-15.0,0.0,15.0,30.0,45.0,59.7
5660,-149.0,-119.0,-89.0,-74.0,-59.32,-45.0,-30.0,-15.0,0.0,15.0,30.0,45.0,59.68
5670,-149.0,-119.0,-89.0,-74.0,-59.34,-45.0,-30.0,-15.0,0.0,15.0,30.0,45.0,59.66
5680,-149.0,-119.0,-89.0,-74.0,-59.36,-45.0,-30.0,-15.0,0.0,15.0,30.0,45.0,59.64
5690,-149.0,-119.0,-89.0,-74.0,-59.38,-45.0,-30.0,-15.0,0.0,15.0,30.0,45.0,59.62
5700,-149.0,-119.0,-89.0,-74.0,-59.4,-45.0,-30.0,-15.0,0.0,15.0,30.0,45.0,59.6
5710,-149.0,-119.0,-89.0,-74.0,-59.42,-45.0,-30.0,-15.0,0.0,15.0,30.0,45.0,59.58
5720,-149.0,-119.0,-89.0,-74.0,-59.44,-45.0,-30.0,-15.0,0.0,15.0,30.0,45.0,59.56
5730,-149.0,-119.0,-89.0,-74.0,-59.46,-45.0,-30.0,-15.0,0.0,15.0,30.0,45.0,59.54
5740,-149.0,-119.0,-89.0,-74.0,-59.48,-45.0,-30.0,-15.0,0.0,15.0,30.0,45.0,59.52
5750,-149.0,-119.0,-89.0,-74.0,-59.5,-45.0,-30.0,-15.0,0.0,15.0,30.0,45.0,59.5
5760,-149.0,-119.0,-89.0,-74.0,-59.52,-45.0,-30.0,-15.0,0.0,15.0,30.0,45.0,59.48
5770,-149.0,-119.0,-89.0,-74.0,-59.54,-45.0,-30.0,-15.0,0.0,15.0,30.0,45.0,59.46
5780,-149.0,-119.0,-89.0,-74.0,-59.56,-45.0,-30.0,-15.0,0.0,15.0,30.0,45.0,59.44
5790,-149.0,-119.0,-89.0,-74.0,-59.58,-45.0,-30.0,-15.0,0.0,15.0,30.0,45.0,59.42
5800,-149.0,-119.0,-89.0,-74.0,-59.6,-45.0,-30.0,-15.0,0.0,15.0,30.0,45.0,59.4
5810,-149.0,-119.0,-89.0,-74.0,-59.62,-45.0,-30.0,-15.0,0.0,15.0,30.0,45.0,59.38
5820,-149.0,-119.0,-89.0,-74.0,-59.64,-45.0,-30.0,-15.0,0.0,15.0,30.0,45.0,59.36
5830,-149.0,-119.0,-89.0,-74.0,-59.66,-45.0,-30.0,-15.0,0.0,15.0,30.0,45.0,59.34
5840,-149.0,-119.0,-89.0,-74.0,-59.68,-45.0,-30.0,-15.0,0.0,15.0,30.0,45.0,59.32
5850,-149.0,-119.0,-89.0,-74.0,-59.7,-45.0,-30.0,-15.0,0.0,15.0,30.0,45.0,59.3
5860,-149.0,-119.0,-89.0,-74.0,-59.72,-45.0,-30.0,-15.0,0.0,15.0,30.0,45.0,59.28
5870,-149.0,-119.0,-89.0,-74.0,-59.74,-45.0,-30.0,-15.0,0.0,15.0,30.0,45.0,59.26
5880,-149.0,-119.0,-89.0,-74.0,-59.76,-45.0,-30.0,-15.0,0.0,15.0,30.0,45.0,59.24
5890,-149.0,-119.0,-89.0,-74.0,-59.78,-45.0,-30.0,-15.0,0.0,15.0,30.0,45.0,59.22
5900,-149.0,-119.0,-89.0,-74.0,-59.8,-45.0,-30.0,-15.0,0.0,15.0,30.0,45.0,59.2
5910,-149.0,-119.0,-89.0,-74.0,-59.82,-45.0,-30.0,-15.0,0.0,15.0,30.0,45.0,59.18
5920,-149.0,-119.0,-89.0,-74.0,-59.84,-45.0,-30.0,-15.0,0.0,15.0,30.0,45.0,59.16
5930,-149.0,-119.0,-89.0,-74.0,-59.86,-45.0,-30.0,-15.0,0.0,15.0,30.0,45.0,59.14
5940,-149.0,-119.0,-89.0,-74.0,-59.88,-45.0,-30.0,-15.0,0.0,15.0,30.0,45.0,59.12
5950,-149.0,-119.0,-89.0,-74.0,-59.9,-45.0,-30.0,-15.0,0.0,15.0,30.0,45.0,59.1
5960,-149.0,-119.0,-89.0,-74.0,-59.92,-45.0,-30.0,-15.0,0.0,15.0,30.0,45.0,59.08
5970,-149.0,-119.0,-89.0,-74.0,-59.94,-45.0,-30.0,-15.0,0.0,15.0,30.0,45.0,59.06
5980,-149.0,-119.0,-89.0,-74.0,-59.96,-45.0,-30.0,-15.0,0.0,15.0,30.0,45.0,59.04
5990,-149.0,-119.0,-89.0,-74.0,-59.98,-45.0,-30.0,-15.0,0.0,15.0,30.0,45.0,59.02
6000,-149.0,-119.0,-89.0,-74.0,-60.0,-45.0,-30.0,-15.0,0.0,15.0,30.0,45.0,59.0
6010,-149.0,-119.0,-89.0,-74.02,-60.0,-45.0,-30.0,-15.0,0.0,15.0,30.0,45.0,59.0
6020,-149.0,-119.0,-89.0,-74.04,-60.0,-45.0,-30.0,-15.0,0.0,15.0,30.0,45.0,59.0
6030,-149.0,-119.0,-89.0,-74.06,-60.0,-45.0,-30.0,-15.0,0.0,15.0,30.0,45.0,59.0
6040,-149.0,-119.0,-89.0,-74.08,-60.0,-45.0,-30.0,-15.0,0.0,15.0,30.0,45.0,59.0
6050,-149.0,-119.0,-89.0,-74.1,-60.0,-45.0,-30.0,-15.0,0.0,15.0,30.0,45.0,59.0
6060,-149.0,-119.0,-89.0,-74.12,-60.0,-45.0,-30.0,-15.0,0.0,15.0,30.0,45.0,59.0
6070,-149.0,-119.0,-89.0,-74.14,-60.0,-45.0,-30.0,-15.0,0.0,15.0,30.0,45.0,59.0
6080,-149.0,-119.0,-89.0,-74.16,-60.0,-45.0,-30.0,-15.0,0.0,15.0,30.0,45.0,59.0
6090,-149.0,-119.0,-89.0,-74.18,-60.0,-45.0,-30.0,-15.0,0.0,15.0,30.0,45.0,59.0
6100,-149.0,-119.0,-89.0,-74.2,-60.0,-45.0,-30.0,-15.0,0.0,15.0,30.0,45.0,59.0
6110,-149.0,-119.0,-89.0,-74.22,-60.0,-45.0,-30.0,-15.0,0.0,15.0,30.0,45.0,59.0
6120,-149.0,-119.0,-89.0,-74.24,-60.0,-45.0,-30.0,-15.0,0.0,15.0,30.0,45.0,59.0
6130,-149.0,-119.0,-89.0,-74.26,-60.0,-45.0,-30.0,-15.0,0.0,15.0,30.0,45.0,59.0
6140,-149.0,-119.0,-89.0,-74.28,-60.0,-45.0,-30.0,-15.0,0.0,15.0,30.0,45.0,59.0
6150,-149.0,-119.0,-89.0,-74.3,-60.0,-45.0,-30.0,-15.0,0.0,15.0,30.0,45.0,59.0
6160,-149.0,-119.0,-89.0,-74.32,-60.0,-45.0,-30.0,-15.0,0.0,15.0,30.0,45.0,59.0
6170,-149.0,-119.0,-89.0,-74.34,-60.0,-45.0,-30.0,-15.0,0.0,15.0,30.0,45.0,59.0
6180,-149.0,-119.0,-89.0,-74.36,-60.0,-45.0,-30.0,-15.0,0.0,15.0,30.0,45.0,59.0
6190,-149.0,-119.0,-89.0,-74.38,-60.0,-45.0,-30.0,-15.0,0.0,15.0,30.0,45.0,59.0
6200,-149.0,-119.0,-89.0,-74.4,-60.0,-45.0,-30.0,-15.0,0.0,15.0,30.0,45.0,59.0
6210,-149.0,-119.0,-89.0,-74.42,-60.0,-45.0,-30.0,-15.0,0.0,15.0,30.0,45.0,59.0
6220,-149.0,-119.0,-89.0,-74.44,-60.0,-45.0,-30.0,-15.0,0.0,15.0,30.0,45.0,59.0
6230,-149.0,-119.0,-89.0,-74.46,-60.0,-45.0,-30.0,-15.0,0.0,15.0,30.0,45.0,59.0
6240,-149.0,-119.0,-89.0,-74.48,-60.0,-45.0,-30.0,-15.0,0.0,15.0,30.0,45.0,59.0
6250,-149.0,-119.0,-89.0,-74.5,-60.0,-45.0,-30.0,-15.0,0.0,15.0,30.0,45.0,59.0
6260,-149.0,-119.0,-89.0,-74.52,-60.0,-45.0,-30.0,-15.0,0.0,15.0,30.0,45.0,59.0
6270,-149.0,-119.0,-89.0,-74.54,-60.0,-45.0,-30.0,-15.0,0.0,15.0,30.0,45.0,59.0
6280,-149.0,-119.0,-89.0,-74.56,-60.0,-45.0,-30.0,-15.0,0.0,15.0,30.0,45.0,59.0
6290,-149.0,-119.0,-89.0,-74.58,-60.0,-45.0,-30.0,-15.0,0.0,15.0,30.0,45.0,59.0
6300,-149.0,-119.0,-89.0,-74.6,-60.0,-45.0,-30.0,-15.0,0.0,15.0,30.0,45.0,59.0
6310,-149.0,-119.0,-89.0,-74.62,-60.0,-45.0,-30.0,-15.0,0.0,15.0,30.0,45.0,59.0
6320,-149.0,-119.0,-89.0,-74.64,-60.0,-45.0,-30.0,-15.0,0.0,15.0,30.0,45.0,59.0
6330,-149.0,-119.0,-89.0,-74.66,-60.0,-45.0,-30.0,-15.0,0.0,15.0,30.0,45.0,59.0
6340,-149.0,-119.0,-89.0,-74.68,-60.0,-45.0,-30.0,-15.0,0.0,15.0,30.0,45.0,59.0
6350,-149.0,-119.0,-89.0,-74.7,-60.0,-45.0,-30.0,-15.0,0.0,15.0,30.0,45.0,59.0
6360,-149.0,-119.0,-89.0,-74.72,-60.0,-45.0,-30.0,-15.0,0.0,15.0,30.0,45.0,59.0
6370,-149.0,-119.0,-89.0,-74.74,-60.0,-45.0,-30.0,-15.0,0.0,15.0,30.0,45.0,59.0
6380,-149.0,-119.0,-89.0,-74.76,-60.0,-45.0,-30.0,-15.0,0.0,15.0,30.0,45.0,59.0
6390,-149.0,-119.0,-89.0,-74.78,-60.0,-45.0,-30.0,-15.0,0.0,15.0,30.0,45.0,59.0
6400,-149.0,-119.0,-89.0,-74.8,-60.0,-45.0,-30.0,-15.0,0.0,15.0,30.0,45.0,59.0
6410,-149.0,-119.0,-89.0,-74.82,-60.0,-45.0,-30.0,-15.0,0.0,15.0,30.0,45.0,59.0
6420,-149.0,-119.0,-89.0,-74.84,-60.0,-45.0,-30.0,-15.0,0.0,15.0,30.0,45.0,59.0
6430,-149.0,-119.0,-89.0,-74.86,-60.0,-45.0,-30.0,-15.0,0.0,15.0,30.0,45.0,59.0
6440,-149.0,-119.0,-89.0,-74.88,-60.0,-45.0,-30.0,-15.0,0.0,15.0,30.0,45.0,59.0
6450,-149.0,-119.0,-89.0,-74.9,-60.0,-45.0,-30.0,-15.0,0.0,15.0,30.0,45.0,59.0
6460,-149.0,-119.0,-89.0,-74.92,-60.0,-45.0,-30.0,-15.0,0.0,15.0,30.0,45.0,59.0
6470,-149.0,-119.0,-89.0,-74.94,-60.0,-45.0,-30.0,-15.0,0.0,15.0,30.0,45.0,59.0
6480,-149.0,-119.0,-89.0,-74.96,-60.0,-45.0,-30.0,-15.0,0.0,15.0,30.0,45.0,59.0
6490,-149.0,-119.0,-89.0,-74.98,-60.0,-45.0,-30.0,-15.0,0.0,15.0,30.0,45.0,59.0
6500,-149.0,-119.0,-89.0,-75.0,-60.0,-45.0,-30.0,-15.0,0.0,15.0,30.0,45.0,59.0
6510,-149.02,-119.02,-89.02,-75.0,-60.0,-45.0,-30.0,-15.0,0.0,15.0,30.0,45.0,59.0
6520,-149.04,-119.04,-89.04,-75.0,-60.0,-45.0,-30.0,-15.0,0.0,15.0,30.0,45.0,59.0
6530,-149.06,-119.06,-89.06,-75.0,-60.0,-45.0,-30.0,-15.0,0.0,15.0,30.0,45.0,59.0
6540,-149.08,-119.08,-89.08,-75.0,-60.0,-45.0,-30.0,-15.0,0.0,15.0,30.0,45.0,59.0
6550,-149.1,-119.1,-89.1,-75.0,-60.0,-45.0,-30.0,-15.0,0.0,15.0,30.0,45.0,59.0
6560,-149.12,-119.12,-89.12,-75.0,-60.0,-45.0,-30.0,-15.0,0.0,15.0,30.0,45.0,59.0
6570,-149.14,-119.14,-89.14,-75.0,-60.0,-45.0,-30.0,-15.0,0.0,15.0,30.0,45.0,59.0
6580,-149.16,-119.16,-89.16,-75.0,-60.0,-45.0,-30.0,-15.0,0.0,15.0,30.0,45.0,59.0
6590,-149.18,-119.18,-89.18,-75.0,-60.0,-45.0,-30.0,-15.0,0.0,15.0,30.0,45.0,59.0
6600,-149.2,-119.2,-89.2,-75.0,-60.0,-45.0,-30.0,-15.0,0.0,15.0,30.0,45.0,59.0
6610,-149.22,-119.22,-89.22,-75.0,-60.0,-45.0,-30.0,-15.0,0.0,15.0,30.0,45.0,59.0
6620,-149.24,-119.24,-89.24,-75.0,-60.0,-45.0,-30.0,-15.0,0.0,15.0,30.0,45.0,59.0
6630,-149.26,-119.26,-89.26,-75.0,-60.0,-45.0,-30.0,-15.0,0.0,15.0,30.0,45.0,59.0
6640,-149.28,-119.28,-89.28,-75.0,-60.0,-45.0,-30.0,-15.0,0.0,15.0,30.0,45.0,59.0
6650,-149.3,-119.3,-89.3,-75.0,-60.0,-45.0,-30.0,-15.0,0.0,15.0,30.0,45.0,59.0
6660,-149.32,-119.32,-89.32,-75.0,-60.0,-45.0,-30.0,-15.0,0.0,15.0,30.0,45.0,59.0
6670,-149.34,-119.34,-89.34,-75.0,-60.0,-45.0,-30.0,-15.0,0.0,15.0,30.0,45.0,59.0
6680,-149.36,-119.36,-89.36,-75.0,-60.0,-45.0,-30.0,-15.0,0.0,15.0,30.0,45.0,59.0
6690,-149.38,-119.38,-89.38,-75.0,-60.0,-45.0,-30.0,-15.0,0.0,15.0,30.0,45.0,59.0
6700,-149.4,-119.4,-89.4,-75.0,-60.0,-45.0,-30.0,-15.0,0.0,15.0,30.0,45.0,59.0
6710,-149.42,-119.42,-89.42,-75.0,-60.0,-45.0,-30.0,-15.0,0.0,15.0,30.0,45.0,59.0
6720,-149.44,-119.44,-89.44,-75.0,-60.0,-45.0,-30.0,-15.0,0.0,15.0,30.0,45.0,59.0
6730,-149.46,-119.46,-89.46,-75.0,-60.0,-45.0,-30.0,-15.0,0.0,15.0,30.0,45.0,59.0
6740,-149.48,-119.48,-89.48,-75.0,-60.0,-45.0,-30.0,-15.0,0.0,15.0,30.0,45.0,59.0
6750,-149.5,-119.5,-89.5,-75.0,-60.0,-45.0,-30.0,-15.0,0.0,15.0,30.0,45.0,59.0
6760,-149.52,-119.52,-89.52,-75.0,-60.0,-45.0,-30.0,-15.0,0.0,15.0,30.0,45.0,59.0
6770,-149.54,-119.54,-89.54,-75.0,-60.0,-45.0,-30.0,-15.0,0.0,15.0,30.0,45.0,59.0
6780,-149.56,-119.56,-89.56,-75.0,-60.0,-45.0,-30.0,-15.0,0.0,15.0,30.0,45.0,59.0
6790,-149.58,-119.58,-89.58,-75.0,-60.0,-45.0,-30.0,-15.0,0.0,15.0,30.0,45.0,59.0
6800,-149.6,-119.6,-89.6,-75.0,-60.0,-45.0,-30.0,-15.0,0.0,15.0,30.0,45.0,59.0
6810,-149.62,-119.62,-89.62,-75.0,-60.0,-45.0,-30.0,-15.0,0.0,15.0,30.0,45.0,59.0
6820,-149.64,-119.64,-89.64,-75.0,-60.0,-45.0,-30.0,-15.0,0.0,15.0,30.0,45.0,59.0
6830,-149.66,-119.66,-89.66,-75.0,-60.0,-45.0,-30.0,-15.0,0.0,15.0,30.0,45.0,59.0
6840,-149.68,-119.68,-89.68,-75.0,-60.0,-45.0,-30.0,-15.0,0.0,15.0,30.0,45.0,59.0
6850,-149.7,-119.7,-89.7,-75.0,-60.0,-45.0,-30.0,-15.0,0.0,15.0,30.0,45.0,59.0
6860,-149.72,-119.72,-89.72,-75.0,-60.0,-45.0,-30.0,-15.0,0.0,15.0,30.0,45.0,59.0
6870,-149.74,-119.74,-89.74,-75.0,-60.0,-45.0,-30.0,-15.0,0.0,15.0,30.0,45.0,59.0
6880,-149.76,-119.76,-89.76,-75.0,-60.0,-45.0,-30.0,-15.0,0.0,15.0,30.0,45.0,59.0
6890,-149.78,-119.78,-89.78,-75.0,-60.0,-45.0,-30.0,-15.0,0.0,15.0,30.0,45.0,59.0
6900,-149.8,-119.8,-89.8,-75.0,-60.0,-45.0,-30.0,-15.0,0.0,15.0,30.0,45.0,59.0
6910,-149.82,-119.82,-89.82,-75.0,-60.0,-45.0,-30.0,-15.0,0.0,15.0,30.0,45.0,59.0
6920,-149.84,-119.84,-89.84,-75.0,-60.0,-45.0,-30.0,-15.0,0.0,15.0,30.0,45.0,59.0
6930,-149.86,-119.86,-89.86,-75.0,-60.0,-45.0,-30.0,-15.0,0.0,15.0,30.0,45.0,59.0
6940,-149.88,-119.88,-89.88,-75.0,-60.0,-45.0,-30.0,-15.0,0.0,15.0,30.0,45.0,59.0
6950,-149.9,-119.9,-89.9,-75.0,-60.0,-45.0,-30.0,-15.0,0.0,15.0,30.0,45.0,59.0
6960,-149.92,-119.92,-89.92,-75.0,-60.0,-45.0,-30.0,-15.0,0.0,15.0,30.0,45.0,59.0
6970,-149.94,-119.94,-89.94,-75.0,-60.0,-45.0,-30.0,-15.0,0.0,15.0,30.0,45.0,59.0
6980,-149.96,-119.96,-89.96,-75.0,-60.0,-45.0,-30.0,-15.0,0.0,15.0,30.0,45.0,59.0
6990,-149.98,-119.98,-89.98,-75.0,-60.0,-45.0,-30.0,-15.0,0.0,15.0,30.0,45.0,59.0
7000,-150.0,-120.0,-90.0,-75.0,-60.0,-45.0,-30.0,-15.0,0.0,15.0,30.0,45.0,59.0
7010,-150.0,-120.0,-90.0,-75.0,-60.0,-45.0,-30.0,-15.0,0.0,15.0,30.0,44.98,59.0
7020,-150.0,-120.0,-90.0,-75.0,-60.0,-45.0,-30.0,-15.0,0.0,15.0,30.0,44.96,59.0
7030,-150.0,-120.0,-90.0,-75.0,-60.0,-45.0,-30.0,-15.0,0.0,15.0,30.0,44.94,59.0
7040,-150.0,-120.0,-90.0,-75.0,-60.0,-45.0,-30.0,-15.0,0.0,15.0,30.0,44.92,59.0
7050,-150.0,-120.0,-90.0,-75.0,-60.0,-45.0,-30.0,-15.0,0.0,15.0,30.0,44.9,59.0
7060,-150.0,-120.0,-90.0,-75.0,-60.0,-45.0,-30.0,-15.0,0.0,15.0,30.0,44.88,59.0
7070,-150.0,-120.0,-90.0,-75.0,-60.0,-45.0,-30.0,-15.0,0.0,15.0,30.0,44.86,59.0
7080,-150.0,-120.0,-90.0,-75.0,-60.0,-45.0,-30.0,-15.0,0.0,15.0,30.0,44.84,59.0
7090,-150.0,-120.0,-90.0,-75.0,-60.0,-45.0,-30.0,-15.0,0.0,15.0,30.0,44.82,59.0
7100,-150.0,-120.0,-90.0,-75.0,-60.0,-45.0,-30.0,-15.0,0.0,15.0,30.0,44.8,59.0
7110,-150.0,-120.0,-90.0,-75.0,-60.0,-45.0,-30.0,-15.0,0.0,15.0,30.0,44.78,59.0
7120,-150.0,-120.0,-90.0,-75.0,-60.0,-45.0,-30.0,-15.0,0.0,15.0,30.0,44.76,59.0
7130,-150.0,-120.0,-90.0,-75.0,-60.0,-45.0,-30.0,-15.0,0.0,15.0,30.0,44.74,59.0
7140,-150.0,-120.0,-90.0,-75.0,-60.0,-45.0,-30.0,-15.0,0.0,15.0,30.0,44.72,59.0
7150,-150.0,-120.0,-90.0,-75.0,-60.0,-45.0,-30.0,-15.0,0.0,15.0,30.0,44.7,59.0
7160,-150.0,-120.0,-90.0,-75.0,-60.0,-45.0,-30.0,-15.0,0.0,15.0,30.0,44.68,59.0
7170,-150.0,-120.0,-90.0,-75.0,-60.0,-45.0,-30.0,-15.0,0.0,15.0,30.0,44.66,59.0
7180,-150.0,-120.0,-90.0,-75.0,-60.0,-45.0,-30.0,-15.0,0.0,15.0,30.0,44.64,59.0
7190,-150.0,-120.0,-90.0,-75.0,-60.0,-45.0,-30.0,-15.0,0.0,15.0,30.0,44.62,59.0
7200,-150.0,-120.0,-90.0,-75.0,-60.0,-45.0,-30.0,-15.0,0.0,15.0,30.0,44.6,59.0
7210,-150.0,-120.0,-90.0,-75.0,-60.0,-45.0,-30.0,-15.0,0.0,15.0,30.0,44.58,59.0
7220,-150.0,-120.0,-90.0,-75.0,-60.0,-45.0,-30.0,-15.0,0.0,15.0,30.0,44.56,59.0
7230,-150.0,-120.0,-90.0,-75.0,-60.0,-45.0,-30.0,-15.0,0.0,15.0,30.0,44.54,59.0
7240,-150.0,-120.0,-90.0,-75.0,-60.0,-45.0,-30.0,-15.0,0.0,15.0,30.0,44.52,59.0
7250,-150.0,-120.0,-90.0,-75.0,-60.0,-45.0,-30.0,-15.0,0.0,15.0,30.0,44.5,59.0
7260,-150.0,-120.0,-90.0,-75.0,-60.0,-45.0,-30.0,-15.0,0.0,15.0,30.0,44.48,59.0
7270,-150.0,-120.0,-90.0,-75.0,-60.0,-45.0,-30.0,-15.0,0.0,15.0,30.0,44.46,59.0
7280,-150.0,-120.0,-90.0,-75.0,-60.0,-45.0,-30.0,-15.0,0.0,15.0,30.0,44.44,59.0
7290,-150.0,-120.0,-90.0,-75.0,-60.0,-45.0,-30.0,-15.0,0.0,15.0,30.0,44.42,59.0
7300,-150.0,-120.0,-90.0,-75.0,-60.0,-45.0,-30.0,-15.0,0.0,15.0,30.0,44.4,59.0
7310,-150.0,-120.0,-90.0,-75.0,-60.0,-45.0,-30.0,-15.0,0.0,15.0,30.0,44.38,59.0
7320,-150.0,-120.0,-90.0,-75.0,-60.0,-45.0,-30.0,-15.0,0.0,15.0,30.0,44.36,59.0
7330,-150.0,-120.0,-90.0,-75.0,-60.0,-45.0,-30.0,-15.0,0.0,15.0,30.0,44.34,59.0
7340,-150.0,-120.0,-90.0,-75.0,-60.0,-45.0,-30.0,-15.0,0.0,15.0,30.0,44.32,59.0
7350,-150.0,-120.0,-90.0,-75.0,-60.0,-45.0,-30.0,-15.0,0.0,15.0,30.0,44.3,59.0
7360,-150.0,-120.0,-90.0,-75.0,-60.0,-45.0,-30.0,-15.0,0.0,15.0,30.0,44.28,59.0
7370,-150.0,-120.0,-90.0,-75.0,-60.0,-45.0,-30.0,-15.0,0.0,15.0,30.0,44.26,59.0
7380,-150.0,-120.0,-90.0,-75.0,-60.0,-45.0,-30.0,-15.0,0.0,15.0,30.0,44.24,59.0
7390,-150.0,-120.0,-90.0,-75.0,-60.0,-45.0,-30.0,-15.0,0.0,15.0,30.0,44.22,59.0
7400,-150.0,-120.0,-90.0,-75.0,-60.0,-45.0,-30.0,-15.0,0.0,15.0,30.0,44.2,59.0
7410,-150.0,-120.0,-90.0,-75.0,-60.0,-45.0,-30.0,-15.0,0.0,15.0,30.0,44.18,59.0
7420,-150.0,-120.0,-90.0,-75.0,-60.0,-45.0,-30.0,-15.0,0.0,15.0,30.0,44.16,59.0
7430,-150.0,-120.0,-90.0,-75.0,-60.0,-45.0,-30.0,-15.0,0.0,15.0,30.0,44.14,59.0
7440,-150.0,-120.0,-90.0,-75.0,-60.0,-45.0,-30.0,-15.0,0.0,15.0,30.0,44.12,59.0
7450,-150.0,-120.0,-90.0,-75.0,-60.0,-45.0,-30.0,-15.0,0.0,15.0,30.0,44.1,59.0
7460,-150.0,-120.0,-90.0,-75.0,-60.0,-45.0,-30.0,-15.0,0.0,15.0,30.0,44.08,59.0
7470,-150.0,-120.0,-90.0,-75.0,-60.0,-45.0,-30.0,-15.0,0.0,15.0,30.0,44.06,59.0
7480,-150.0,-120.0,-90.0,-75.0,-60.0,-45.0,-30.0,-15.0,0.0,15.0,30.0,44.04,59.0
7490,-150.0,-120.0,-90.0,-75.0,-60.0,-45.0,-30.0,-15.0,0.0,15.0,30.0,44.02,59.0
7500,-150.0,-120.0,-90.0,-75.0,-60.0,-45.0,-30.0,-15.0,0.0,15.0,30.0,44.0,59.0
7510,-150.02,-120.0,-90.0,-75.0,-60.0,-45.0,-30.0,-15.0,0.0,15.0,30.0,44.0,59.0
7520,-150.04,-120.0,-90.0,-75.0,-60.0,-45.0,-30.0,-15.0,0.0,15.0,30.0,44.0,59.0
7530,-150.06,-120.0,-90.0,-75.0,-60.0,-45.0,-30.0,-15.0,0.0,15.0,30.0,44.0,59.0
7540,-150.08,-120.0,-90.0,-75.0,-60.0,-45.0,-30.0,-15.0,0.0,15.0,30.0,44.0,59.0
7550,-150.1,-120.0,-90.0,-75.0,-60.0,-45.0,-30.0,-15.0,0.0,15.0,30.0,44.0,59.0
7560,-150.12,-120.0,-90.0,-75.0,-60.0,-45.0,-30.0,-15.0,0.0,15.0,30.0,44.0,59.0
7570,-150.14,-120.0,-90.0,-75.0,-60.0,-45.0,-30.0,-15.0,0.0,15.0,30.0,44.0,59.0
7580,-150.16,-120.0,-90.0,-75.0,-60.0,-45.0,-30.0,-15.0,0.0,15.0,30.0,44.0,59.0
7590,-150.18,-120.0,-90.0,-75.0,-60.0,-45.0,-30.0,-15.0,0.0,15.0,30.0,44.0,59.0
7600,-150.2,-120.0,-90.0,-75.0,-60.0,-45.0,-30.0,-15.0,0.0,15.0,30.0,44.0,59.0
7610,-150.22,-120.0,-90.0,-75.0,-60.0,-45.0,-30.0,-15.0,0.0,15.0,30.0,44.0,59.0
7620,-150.24,-120.0,-90.0,-75.0,-60.0,-45.0,-30.0,-15.0,0.0,15.0,30.0,44.0,59.0
7630,-150.26,-120.0,-90.0,-75.0,-60.0,-45.0,-30.0,-15.0,0.0,15.0,30.0,44.0,59.0
7640,-150.28,-120.0,-90.0,-75.0,-60.0,-45.0,-30.0,-15.0,0.0,15.0,30.0,44.0,59.0
7650,-150.3,-120.0,-90.0,-75.0,-60.0,-45.0,-30.0,-15.0,0.0,15.0,30.0,44.0,59.0
7660,-150.32,-120.0,-90.0,-75.0,-60.0,-45.0,-30.0,-15.0,0.0,15.0,30.0,44.0,59.0
7670,-150.34,-120.0,-90.0,-75.0,-60.0,-45.0,-30.0,-15.0,0.0,15.0,30.0,44.0,59.0
7680,-150.36,-120.0,-90.0,-75.0,-60.0,-45.0,-30.0,-15.0,0.0,15.0,30.0,44.0,59.0
7690,-150.38,-120.0,-90.0,-75.0,-60.0,-45.0,-30.0,-15.0,0.0,15.0,30.0,44.0,59.0
7700,-150.4,-120.0,-90.0,-75.0,-60.0,-45.0,-30.0,-15.0,0.0,15.0,30.0,44.0,59.0
7710,-150.42,-120.0,-90.0,-75.0,-60.0,-45.0,-30.0,-15.0,0.0,15.0,30.0,44.0,59.0
7720,-150.44,-120.0,-90.0,-75.0,-60.0,-45.0,-30.0,-15.0,0.0,15.0,30.0,44.0,59.0
7730,-150.46,-120.0,-90.0,-75.0,-60.0,-45.0,-30.0,-15.0,0.0,15.0,30.0,44.0,59.0
7740,-150.48,-120.0,-90.0,-75.0,-60.0,-45.0,-30.0,-15.0,0.0,15.0,30.0,44.0,59.0
7750,-150.5,-120.0,-90.0,-75.0,-60.0,-45.0,-30.0,-15.0,0.0,15.0,30.0,44.0,59.0
7760,-150.52,-120.0,-90.0,-75.0,-60.0,-45.0,-30.0,-15.0,0.0,15.0,30.0,44.0,59.0
7770,-150.54,-120.0,-90.0,-75.0,-60.0,-45.0,-30.0,-15.0,0.0,15.0,30.0,44.0,59.0
7780,-150.56,-120.0,-90.0,-75.0,-60.0,-45.0,-30.0,-15.0,0.0,15.0,30.0,44.0,59.0
7790,-150.58,-120.0,-90.0,-75.0,-60.0,-45.0,-30.0,-15.0,0.0,15.0,30.0,44.0,59.0
7800,-150.6,-120.0,-90.0,-75.0,-60.0,-45.0,-30.0,-15.0,0.0,15.0,30.0,44.0,59.0
7810,-150.62,-120.0,-90.0,-75.0,-60.0,-45.0,-30.0,-15.0,0.0,15.0,30.0,44.0,59.0
7820,-150.64,-120.0,-90.0,-75.0,-60.0,-45.0,-30.0,-15.0,0.0,15.0,30.0,44.0,59.0
7830,-150.66,-120.0,-90.0,-75.0,-60.0,-45.0,-30.0,-15.0,0.0,15.0,30.0,44.0,59.0
7840,-150.68,-120.0,-90.0,-75.0,-60.0,-45.0,-30.0,-15.0,0.0,15.0,30.0,44.0,59.0
7850,-150.7,-120.0,-90.0,-75.0,-60.0,-45.0,-30.0,-15.0,0.0,15.0,30.0,44.0,59.0
7860,-150.72,-120.0,-90.0,-75.0,-60.0,-45.0,-30.0,-15.0,0.0,15.0,30.0,44.0,59.0
7870,-150.74,-120.0,-90.0,-75.0,-60.0,-45.0,-30.0,-15.0,0.0,15.0,30.0,44.0,59.0
7880,-150.76,-120.0,-90.0,-75.0,-60.0,-45.0,-30.0,-15.0,0.0,15.0,30.0,44.0,59.0
7890,-150.78,-120.0,-90.0,-75.0,-60.0,-45.0,-30.0,-15.0,0.0,15.0,30.0,44.0,59.0
7900,-150.8,-120.0,-90.0,-75.0,-60.0,-45.0,-30.0,-15.0,0.0,15.0,30.0,44.0,59.0
7910,-150.82,-120.0,-90.0,-75.0,-60.0,-45.0,-30.0,-15.0,0.0,15.0,30.0,44.0,59.0
7920,-150.84,-120.0,-90.0,-75.0,-60.0,-45.0,-30.0,-15.0,0.0,15.0,30.0,44.0,59.0
7930,-150.86,-120.0,-90.0,-75.0,-60.0,-45.0,-30.0,-15.0,0.0,15.0,30.0,44.0,59.0
7940,-150.88,-120.0,-90.0,-75.0,-60.0,-45.0,-30.0,-15.0,0.0,15.0,30.0,44.0,59.0
7950,-150.9,-120.0,-90.0,-75.0,-60.0,-45.0,-30.0,-15.0,0.0,15.0,30.0,44.0,59.0
7960,-150.92,-120.0,-90.0,-75.0,-60.0,-45.0,-30.0,-15.0,0.0,15.0,30.0,44.0,59.0
7970,-150.94,-120.0,-90.0,-75.0,-60.0,-45.0,-30.0,-15.0,0.0,15.0,30.0,44.0,59.0
7980,-150.96,-120.0,-90.0,-75.0,-60.0,-45.0,-30.0,-15.0,0.0,15.0,30.0,44.0,59.0
7990,-150.98,-120.0,-90.0,-75.0,-60.0,-45.0,-30.0,-15.0,0.0,15.0,30.0,44.0,59.0
8000,-151.0,-120.0,-90.0,-75.0,-60.0,-45.0,-30.0,-15.0,0.0,15.0,30.0,44.0,59.0
8010,-151.0,-120.02,-90.0,-75.0,-60.0,-45.0,-30.0,-15.0,0.0,15.0,30.0,44.0,59.0
8020,-151.0,-120.04,-90.0,-75.0,-60.0,-45.0,-30.0,-15.0,0.0,15.0,30.0,44.0,59.0
8030,-151.0,-120.06,-90.0,-75.0,-60.0,-45.0,-30.0,-15.0,0.0,15.0,30.0,44.0,59.0
8040,-151.0,-120.08,-90.0,-75.0,-60.0,-45.0,-30.0,-15.0,0.0,15.0,30.0,44.0,59.0
8050,-151.0,-120.1,-90.0,-75.0,-60.0,-45.0,-30.0,-15.0,0.0,15.0,30.0,44.0,59.0
8060,-151.0,-120.12,-90.0,-75.0,-60.0,-45.0,-30.0,-15.0,0.0,15.0,30.0,44.0,59.0
8070,-151.0,-120.14,-90.0,-75.0,-60.0,-45.0,-30.0,-15.0,0.0,15.0,30.0,44.0,59.0
8080,-151.0,-120.16,-90.0,-75.0,-60.0,-45.0,-30.0,-15.0,0.0,15.0,30.0,44.0,59.0
8090,-151.0,-120.18,-90.0,-75.0,-60.0,-45.0,-30.0,-15.0,0.0,15.0,30.0,44.0,59.0
8100,-151.0,-120.2,-90.0,-75.0,-60.0,-45.0,-30.0,-15.0,0.0,15.0,30.0,44.0,59.0
8110,-151.0,-120.22,-90.0,-75.0,-60.0,-45.0,-30.0,-15.0,0.0,15.0,30.0,44.0,59.0
8120,-151.0,-120.24,-90.0,-75.0,-60.0,-45.0,-30.0,-15.0,0.0,15.0,30.0,44.0,59.0
8130,-151.0,-120.26,-90.0,-75.0,-60.0,-45.0,-30.0,-15.0,0.0,15.0,30.0,44.0,59.0
8140,-151.0,-120.28,-90.0,-75.0,-60.0,-45.0,-30.0,-15.0,0.0,15.0,30.0,44.0,59.0
8150,-151.0,-120.3,-90.0,-75.0,-60.0,-45.0,-30.0,-15.0,0.0,15.0,30.0,44.0,59.0
8160,-151.0,-120.32,-90.0,-75.0,-60.0,-45.0,-30.0,-15.0,0.0,15.0,30.0,44.0,59.0
8170,-151.0,-120.34,-90.0,-75.0,-60.0,-45.0,-30.0,-15.0,0.0,15.0,30.0,44.0,59.0
8180,-151.0,-120.36,-90.0,-75.0,-60.0,-45.0,-30.0,-15.0,0.0,15.0,30.0,44.0,59.0
8190,-151.0,-120.38,-90.0,-75.0,-60.0,-45.0,-30.0,-15.0,0.0,15.0,30.0,44.0,59.0
8200,-151.0,-120.4,-90.0,-75.0,-60.0,-45.0,-30.0,-15.0,0.0,15.0,30.0,44.0,59.0
8210,-151.0,-120.42,-90.0,-75.0,-60.0,-45.0,-30.0,-15.0,0.0,15.0,30.0,44.0,59.0
8220,-151.0,-120.44,-90.0,-75.0,-60.0,-45.0,-30.0,-15.0,0.0,15.0,30.0,44.0,59.0
8230,-151.0,-120.46,-90.0,-75.0,-60.0,-45.0,-30.0,-15.0,0.0,15.0,30.0,44.0,59.0
8240,-151.0,-120.48,-90.0,-75.0,-60.0,-45.0,-30.0,-15.0,0.0,15.0,30.0,44.0,59.0
8250,-151.0,-120.5,-90.0,-75.0,-60.0,-45.0,-30.0,-15.0,0.0,15.0,30.0,44.0,59.0
8260,-151.0,-120.52,-90.0,-75.0,-60.0,-45.0,-30.0,-15.0,0.0,15.0,30.0,44.0,59.0
8270,-151.0,-120.54,-90.0,-75.0,-60.0,-45.0,-30.0,-15.0,0.0,15.0,30.0,44.0,59.0
8280,-151.0,-120.56,-90.0,-75.0,-60.0,-45.0,-30.0,-15.0,0.0,15.0,30.0,44.0,59.0
8290,-151.0,-120.58,-90.0,-75.0,-60.0,-45.0,-30.0,-15.0,0.0,15.0,30.0,44.0,59.0
8300,-151.0,-120.6,-90.0,-75.0,-60.0,-45.0,-30.0,-15.0,0.0,15.0,30.0,44.0,59.0
8310,-151.0,-120.62,-90.0,-75.0,-60.0,-45.0,-30.0,-15.0,0.0,15.0,30.0,44.0,59.0
8320,-151.0,-120.64,-90.0,-75.0,-60.0,-45.0,-30.0,-15.0,0.0,15.0,30.0,44.0,59.0
8330,-151.0,-120.66,-90.0,-75.0,-60.0,-45.0,-30.0,-15.0,0.0,15.0,30.0,44.0,59.0
8340,-151.0,-120.68,-90.0,-75.0,-60.0,-45.0,-30.0,-15.0,0.0,15.0,30.0,44.0,59.0
8350,-151.0,-120.7,-90.0,-75.0,-60.0,-45.0,-30.0,-15.0,0.0,15.0,30.0,44.0,59.0
8360,-151.0,-120.72,-90.0,-75.0,-60.0,-45.0,-30.0,-15.0,0.0,15.0,30.0,44.0,59.0
8370,-151.0,-120.74,-90.0,-75.0,-60.0,-45.0,-30.0,-15.0,0.0,15.0,30.0,44.0,59.0
8380,-151.0,-120.76,-90.0,-75.0,-60.0,-45.0,-30.0,-15.0,0.0,15.0,30.0,44.0,59.0
8390,-151.0,-120.78,-90.0,-75.0,-60.0,-45.0,-30.0,-15.0,0.0,15.0,30.0,44.0,59.0
8400,-151.0,-120.8,-90.0,-75.0,-60.0,-45.0,-30.0,-15.0,0.0,15.0,30.0,44.0,59.0
8410,-151.0,-120.82,-90.0,-75.0,-60.0,-45.0,-30.0,-15.0,0.0,15.0,30.0,44.0,59.0
8420,-151.0,-120.84,-90.0,-75.0,-60.0,-45.0,-30.0,-15.0,0.0,15.0,30.0,44.0,59.0
8430,-151.0,-120.86,-90.0,-75.0,-60.0,-45.0,-30.0,-15.0,0.0,15.0,30.0,44.0,59.0
8440,-151.0,-120.88,-90.0,-75.0,-60.0,-45.0,-30.0,-15.0,0.0,15.0,30.0,44.0,59.0
8450,-151.0,-120.9,-90.0,-75.0,-60.0,-45.0,-30.0,-15.0,0.0,15.0,30.0,44.0,59.0
8460,-151.0,-120.92,-90.0,-75.0,-60.0,-45.0,-30.0,-15.0,0.0,15.0,30.0,44.0,59.0
8470,-151.0,-120.94,-90.0,-75.0,-60.0,-45.0,-30.0,-15.0,0.0,15.0,30.0,44.0,59.0
8480,-151.0,-120.96,-90.0,-75.0,-60.0,-45.0,-30.0,-15.0,0.0,15.0,30.0,44.0,59.0
8490,-151.0,-120.98,-90.0,-75.0,-60.0,-45.0,-30.0,-15.0,0.0,15.0,30.0,44.0,59.0
8500,-151.0,-121.0,-90.0,-75.0,-60.0,-45.0,-30.0,-15.0,0.0,15.0,30.0,44.0,59.0
8510,-151.02,-121.0,-90.0,-75.0,-60.0,-45.0,-30.0,-15.0,0.0,15.0,30.0,44.0,59.0
8520,-151.04,-121.0,-90.0,-75.0,-60.0,-45.0,-30.0,-15.0,0.0,15.0,30.0,44.0,59.0
8530,-151.06,-121.0,-90.0,-75.0,-60.0,-45.0,-30.0,-15.0,0.0,15.0,30.0,44.0,59.0
8540,-151.08,-121.0,-90.0,-75.0,-60.0,-45.0,-30.0,-15.0,0.0,15.0,30.0,44.0,59.0
8550,-151.1,-121.0,-90.0,-75.0,-60.0,-45.0,-30.0,-15.0,0.0,15.0,30.0,44.0,59.0
8560,-151.12,-121.0,-90.0,-75.0,-60.0,-45.0,-30.0,-15.0,0.0,15.0,30.0,44.0,59.0
8570,-151.14,-121.0,-90.0,-75.0,-60.0,-45.0,-30.0,-15.0,0.0,15.0,30.0,44.0,59.0
8580,-151.16,-121.0,-90.0,-75.0,-60.0,-45.0,-30.0,-15.0,0.0,15.0,30.0,44.0,59.0
8590,-151.18,-121.0,-90.0,-75.0,-60.0,-45.0,-30.0,-15.0,0.0,15.0,30.0,44.0,59.0
8600,-151.2,-121.0,-90.0,-75.0,-60.0,-45.0,-30.0,-15.0,0.0,15.0,30.0,44.0,59.0
8610,-151.22,-121.0,-90.0,-75.0,-60.0,-45.0,-30.0,-15.0,0.0,15.0,30.0,44.0,59.0
8620,-151.24,-121.0,-90.0,-75.0,-60.0,-45.0,-30.0,-15.0,0.0,15.0,30.0,44.0,59.0
8630,-151.26,-121.0,-90.0,-75.0,-60.0,-45.0,-30.0,-15.0,0.0,15.0,30.0,44.0,59.0
8640,-151.28,-121.0,-90.0,-75.0,-60.0,-45.0,-30.0,-15.0,0.0,15.0,30.0,44.0,59.0
8650,-151.3,-121.0,-90.0,-75.0,-60.0,-45.0,-30.0,-15.0,0.0,15.0,30.0,44.0,59.0
8660,-151.32,-121.0,-90.0,-75.0,-60.0,-45.0,-30.0,-15.0,0.0,15.0,30.0,44.0,59.0
8670,-151.34,-121.0,-90.0,-75.0,-60.0,-45.0,-30.0,-15.0,0.0,15.0,30.0,44.0,59.0
8680,-151.36,-121.0,-90.0,-75.0,-60.0,-45.0,-30.0,-15.0,0.0,15.0,30.0,44.0,59.0
8690,-151.38,-121.0,-90.0,-75.0,-60.0,-45.0,-30.0,-15.0,0.0,15.0,30.0,44.0,59.0
8700,-151.4,-121.0,-90.0,-75.0,-60.0,-45.0,-30.0,-15.0,0.0,15.0,30.0,44.0,59.0
8710,-151.42,-121.0,-90.0,-75.0,-60.0,-45.0,-30.0,-15.0,0.0,15.0,30.0,44.0,59.0
8720,-151.44,-121.0,-90.0,-75.0,-60.0,-45.0,-30.0,-15.0,0.0,15.0,30.0,44.0,59.0
8730,-151.46,-121.0,-90.0,-75.0,-60.0,-45.0,-30.0,-15.0,0.0,15.0,30.0,44.0,59.0
8740,-151.48,-121.0,-90.0,-75.0,-60.0,-45.0,-30.0,-15.0,0.0,15.0,30.0,44.0,59.0
8750,-151.5,-121.0,-90.0,-75.0,-60.0,-45.0,-30.0,-15.0,0.0,15.0,30.0,44.0,59.0
8760,-151.52,-121.0,-90.0,-75.0,-60.0,-45.0,-30.0,-15.0,0.0,15.0,30.0,44.0,59.0
8770,-151.54,-121.0,-90.0,-75.0,-60.0,-45.0,-30.0,-15.0,0.0,15.0,30.0,44.0,59.0
8780,-151.56,-121.0,-90.0,-75.0,-60.0,-45.0,-30.0,-15.0,0.0,15.0,30.0,44.0,59.0
8790,-151.58,-121.0,-90.0,-75.0,-60.0,-45.0,-30.0,-15.0,0.0,15.0,30.0,44.0,59.0
8800,-151.6,-121.0,-90.0,-75.0,-60.0,-45.0,-30.0,-15.0,0.0,15.0,30.0,44.0,59.0
8810,-151.62,-121.0,-90.0,-75.0,-60.0,-45.0,-30.0,-15.0,0.0,15.0,30.0,44.0,59.0
8820,-151.64,-121.0,-90.0,-75.0,-60.0,-45.0,-30.0,-15.0,0.0,15.0,30.0,44.0,59.0
8830,-151.66,-121.0,-90.0,-75.0,-60.0,-45.0,-30.0,-15.0,0.0,15.0,30.0,44.0,59.0
8840,-151.68,-121.0,-90.0,-75.0,-60.0,-45.0,-30.0,-15.0,0.0,15.0,30.0,44.0,59.0
8850,-151.7,-121.0,-90.0,-75.0,-60.0,-45.0,-30.0,-15.0,0.0,15.0,30.0,44.0,59.0
8860,-151.72,-121.0,-90.0,-75.0,-60.0,-45.0,-30.0,-15.0,0.0,15.0,30.0,44.0,59.0
8870,-151.74,-121.0,-90.0,-75.0,-60.0,-45.0,-30.0,-15.0,0.0,15.0,30.0,44.0,59.0
8880,-151.76,-121.0,-90.0,-75.0,-60.0,-45.0,-30.0,-15.0,0.0,15.0,30.0,44.0,59.0
8890,-151.78,-121.0,-90.0,-75.0,-60.0,-45.0,-30.0,-15.0,0.0,15.0,30.0,44.0,59.0
8900,-151.8,-121.0,-90.0,-75.0,-60.0,-45.0,-30.0,-15.0,0.0,15.0,30.0,44.0,59.0
8910,-151.82,-121.0,-90.0,-75.0,-60.0,-45.0,-30.0,-15.0,0.0,15.0,30.0,44.0,59.0
8920,-151.84,-121.0,-90.0,-75.0,-60.0,-45.0,-30.0,-15.0,0.0,15.0,30.0,44.0,59.0
8930,-151.86,-121.0,-90.0,-75.0,-60.0,-45.0,-30.0,-15.0,0.0,15.0,30.0,44.0,59.0
8940,-151.88,-121.0,-90.0,-75.0,-60.0,-45.0,-30.0,-15.0,0.0,15.0,30.0,44.0,59.0
8950,-151.9,-121.0,-90.0,-75.0,-60.0,-45.0,-30.0,-15.0,0.0,15.0,30.0,44.0,59.0
8960,-151.92,-121.0,-90.0,-75.0,-60.0,-45.0,-30.0,-15.0,0.0,15.0,30.0,44.0,59.0
8970,-151.94,-121.0,-90.0,-75.0,-60.0,-45.0,-30.0,-15.0,0.0,15.0,30.0,44.0,59.0
8980,-151.96,-121.0,-90.0,-75.0,-60.0,-45.0,-30.0,-15.0,0.0,15.0,30.0,44.0,59.0
8990,-151.98,-121.0,-90.0,-75.0,-60.0,-45.0,-30.0,-15.0,0.0,15.0,30.0,44.0,59.0
9000,-152.0,-121.0,-90.0,-75.0,-60.0,-45.0,-30.0,-15.0,0.0,15.0,30.0,44.0,59.0
9010,-152.02,-121.02,-90.02,-75.0,-60.0,-45.0,-30.0,-15.0,0.0,15.0,30.0,44.0,59.0
9020,-152.04,-121.04,-90.04,-75.0,-60.0,-45.0,-30.0,-15.0,0.0,15.0,30.0,44.0,59.0
9030,-152.06,-121.06,-90.06,-75.0,-60.0,-45.0,-30.0,-15.0,0.0,15.0,30.0,44.0,59.0
9040,-152.08,-121.08,-90.08,-75.0,-60.0,-45.0,-30.0,-15.0,0.0,15.0,30.0,44.0,59.0
9050,-152.1,-121.1,-90.1,-75.0,-60.0,-45.0,-30.0,-15.0,0.0,15.0,30.0,44.0,59.0
9060,-152.12,-121.12,-90.12,-75.0,-60.0,-45.0,-30.0,-15.0,0.0,15.0,30.0,44.0,59.0
9070,-152.14,-121.14,-90.14,-75.0,-60.0,-45.0,-30.0,-15.0,0.0,15.0,30.0,44.0,59.0
9080,-152.16,-121.16,-90.16,-75.0,-60.0,-45.0,-30.0,-15.0,0.0,15.0,30.0,44.0,59.0
9090,-152.18,-121.18,-90.18,-75.0,-60.0,-45.0,-30.0,-15.0,0.0,15.0,30.0,44.0,59.0
9100,-152.2,-121.2,-90.2,-75.0,-60.0,-45.0,-30.0,-15.0,0.0,15.0,30.0,44.0,59.0
9110,-152.22,-121.22,-90.22,-75.0,-60.0,-45.0,-30.0,-15.0,0.0,15.0,30.0,44.0,59.0
9120,-152.24,-121.24,-90.24,-75.0,-60.0,-45.0,-30.0,-15.0,0.0,15.0,30.0,44.0,59.0
9130,-152.26,-121.26,-90.26,-75.0,-60.0,-45.0,-30.0,-15.0,0.0,15.0,30.0,44.0,59.0
9140,-152.28,-121.28,-90.28,-75.0,-60.0,-45.0,-30.0,-15.0,0.0,15.0,30.0,44.0,59.0
9150,-152.3,-121.3,-90.3,-75.0,-60.0,-45.0,-30.0,-15.0,0.0,15.0,30.0,44.0,59.0
9160,-152.32,-121.32,-90.32,-75.0,-60.0,-45.0,-30.0,-15.0,0.0,15.0,30.0,44.0,59.0
9170,-152.34,-121.34,-90.34,-75.0,-60.0,-45.0,-30.0,-15.0,0.0,15.0,30.0,44.0,59.0
9180,-152.36,-121.36,-90.36,-75.0,-60.0,-45.0,-30.0,-15.0,0.0,15.0,30.0,44.0,59.0
9190,-152.38,-121.38,-90.38,-75.0,-60.0,-45.0,-30.0,-15.0,0.0,15.0,30.0,44.0,59.0
9200,-152.4,-121.4,-90.4,-75.0,-60.0,-45.0,-30.0,-15.0,0.0,15.0,30.0,44.0,59.0
9210,-152.42,-121.42,-90.42,-75.0,-60.0,-45.0,-30.0,-15.0,0.0,15.0,30.0,44.0,59.0
9220,-152.44,-121.44,-90.44,-75.0,-60.0,-45.0,-30.0,-15.0,0.0,15.0,30.0,44.0,59.0
9230,-152.46,-121.46,-90.46,-75.0,-60.0,-45.0,-30.0,-15.0,0.0,15.0,30.0,44.0,59.0
9240,-152.48,-121.48,-90.48,-75.0,-60.0,-45.0,-30.0,-15.0,0.0,15.0,30.0,44.0,59.0
9250,-152.5,-121.5,-90.5,-75.0,-60.0,-45.0,-30.0,-15.0,0.0,15.0,30.0,44.0,59.0
9260,-152.52,-121.52,-90.52,-75.0,-60.0,-45.0,-30.0,-15.0,0.0,15.0,30.0,44.0,59.0
9270,-152.54,-121.54,-90.54,-75.0,-60.0,-45.0,-30.0,-15.0,0.0,15.0,30.0,44.0,59.0
9280,-152.56,-121.56,-90.56,-75.0,-60.0,-45.0,-30.0,-15.0,0.0,15.0,30.0,44.0,59.0
9290,-152.58,-121.58,-90.58,-75.0,-60.0,-45.0,-30.0,-15.0,0.0,15.0,30.0,44.0,59.0
9300,-152.6,-121.6,-90.6,-75.0,-60.0,-45.0,-30.0,-15.0,0.0,15.0,30.0,44.0,59.0
9310,-152.62,-121.62,-90.62,-75.0,-60.0,-45.0,-30.0,-15.0,0.0,15.0,30.0,44.0,59.0
9320,-152.64,-121.64,-90.64,-75.0,-60.0,-45.0,-30.0,-15.0,0.0,15.0,30.0,44.0,59.0
9330,-152.66,-121.66,-90.66,-75.0,-60.0,-45.0,-30.0,-15.0,0.0,15.0,30.0,44.0,59.0
9340,-152.68,-121.68,-90.68,-75.0,-60.0,-45.0,-30.0,-15.0,0.0,15.0,30.0,44.0,59.0
9350,-152.7,-121.7,-90.7,-75.0,-60.0,-45.0,-30.0,-15.0,0.0,15.0,30.0,44.0,59.0
9360,-152.72,-121.72,-90.72,-75.0,-60.0,-45.0,-30.0,-15.0,0.0,15.0,30.0,44.0,59.0
9370,-152.74,-121.74,-90.74,-75.0,-60.0,-45.0,-30.0,-15.0,0.0,15.0,30.0,44.0,59.0
9380,-152.76,-121.76,-90.76,-75.0,-60.0,-45.0,-30.0,-15.0,0.0,15.0,30.0,44.0,59.0
9390,-152.78,-121.78,-90.78,-75.0,-60.0,-45.0,-30.0,-15.0,0.0,15.0,30.0,44.0,59.0
9400,-152.8,-121.8,-90.8,-75.0,-60.0,-45.0,-30.0,-15.0,0.0,15.0,30.0,44.0,59.0
9410,-152.82,-121.82,-90.82,-75.0,-60.0,-45.0,-30.0,-15.0,0.0,15.0,30.0,44.0,59.0
9420,-152.84,-121.84,-90.84,-75.0,-60.0,-45.0,-30.0,-15.0,0.0,15.0,30.0,44.0,59.0
9430,-152.86,-121.86,-90.86,-75.0,-60.0,-45.0,-30.0,-15.0,0.0,15.0,30.0,44.0,59.0
9440,-152.88,-121.88,-90.88,-75.0,-60.0,-45.0,-30.0,-15.0,0.0,15.0,30.0,44.0,59.0
9450,-152.9,-121.9,-90.9,-75.0,-60.0,-45.0,-30.0,-15.0,0.0,15.0,30.0,44.0,59.0
9460,-152.92,-121.92,-90.92,-75.0,-60.0,-45.0,-30.0,-15.0,0.0,15.0,30.0,44.0,59.0
9470,-152.94,-121.94,-90.94,-75.0,-60.0,-45.0,-30.0,-15.0,0.0,15.0,30.0,44.0,59.0
9480,-152.96,-121.96,-90.96,-75.0,-60.0,-45.0,-30.0,-15.0,0.0,15.0,30.0,44.0,59.0
9490,-152.98,-121.98,-90.98,-75.0,-60.0,-45.0,-30.0,-15.0,0.0,15.0,30.0,44.0,59.0
9500,-153.0,-122.0,-91.0,-75.0,-60.0,-45.0,-30.0,-15.0,0.0,15.0,30.0,44.0,59.0
9510,-153.02,-122.0,-91.0,-75.02,-60.0,-45.0,-30.0,-15.0,0.0,15.0,30.0,44.0,59.0
9520,-153.04,-122.0,-91.0,-75.04,-60.0,-45.0,-30.0,-15.0,0.0,15.0,30.0,44.0,59.0
9530,-153.06,-122.0,-91.0,-75.06,-60.0,-45.0,-30.0,-15.0,0.0,15.0,30.0,44.0,59.0
9540,-153.08,-122.0,-91.0,-75.08,-60.0,-45.0,-30.0,-15.0,0.0,15.0,30.0,44.0,59.0
9550,-153.1,-122.0,-91.0,-75.1,-60.0,-45.0,-30.0,-15.0,0.0,15.0,30.0,44.0,59.0
9560,-153.12,-122.0,-91.0,-75.12,-60.0,-45.0,-30.0,-15.0,0.0,15.0,30.0,44.0,59.0
9570,-153.14,-122.0,-91.0,-75.14,-60.0,-45.0,-30.0,-15.0,0.0,15.0,30.0,44.0,59.0
9580,-153.16,-122.0,-91.0,-75.16,-60.0,-45.0,-30.0,-15.0,0.0,15.0,30.0,44.0,59.0
9590,-153.18,-122.0,-91.0,-75.18,-60.0,-45.0,-30.0,-15.0,0.0,15.0,30.0,44.0,59.0
9600,-153.2,-122.0,-91.0,-75.2,-60.0,-45.0,-30.0,-15.0,0.0,15.0,30.0,44.0,59.0
9610,-153.22,-122.0,-91.0,-75.22,-60.0,-45.0,-30.0,-15.0,0.0,15.0,30.0,44.0,59.0
9620,-153.24,-122.0,-91.0,-75.24,-60.0,-45.0,-30.0,-15.0,0.0,15.0,30.0,44.0,59.0
9630,-153.26,-122.0,-91.0,-75.26,-60.0,-45.0,-30.0,-15.0,0.0,15.0,30.0,44.0,59.0
9640,-153.28,-122.0,-91.0,-75.28,-60.0,-45.0,-30.0,-15.0,0.0,15.0,30.0,44.0,59.0
9650,-153.3,-122.0,-91.0,-75.3,-60.0,-45.0,-30.0,-15.0,0.0,15.0,30.0,44.0,59.0
9660,-153.32,-122.0,-91.0,-75.32,-60.0,-45.0,-30.0,-15.0,0.0,15.0,30.0,44.0,59.0
9670,-153.34,-122.0,-91.0,-75.34,-60.0,-45.0,-30.0,-15.0,0.0,15.0,30.0,44.0,59.0
9680,-153.36,-122.0,-91.0,-75.36,-60.0,-45.0,-30.0,-15.0,0.0,15.0,30.0,44.0,59.0
9690,-153.38,-122.0,-91.0,-75.38,-60.0,-45.0,-30.0,-15.0,0.0,15.0,30.0,44.0,59.0
9700,-153.4,-122.0,-91.0,-75.4,-60.0,-45.0,-30.0,-15.0,0.0,15.0,30.0,44.0,59.0
9710,-153.42,-122.0,-91.0,-75.42,-60.0,-45.0,-30.0,-15.0,0.0,15.0,30.0,44.0,59.0
9720,-153.44,-122.0,-91.0,-75.44,-60.0,-45.0,-30.0,-15.0,0.0,15.0,30.0,44.0,59.0
9730,-153.46,-122.0,-91.0,-75.46,-60.0,-45.0,-30.0,-15.0,0.0,15.0,30.0,44.0,59.0
9740,-153.48,-122.0,-91.0,-75.48,-60.0,-45.0,-30.0,-15.0,0.0,15.0,30.0,44.0,59.0
9750,-153.5,-122.0,-91.0,-75.5,-60.0,-45.0,-30.0,-15.0,0.0,15.0,30.0,44.0,59.0
9760,-153.52,-122.0,-91.0,-75.52,-60.0,-45.0,-30.0,-15.0,0.0,15.0,30.0,44.0,59.0
9770,-153.54,-122.0,-91.0,-75.54,-60.0,-45.0,-30.0,-15.0,0.0,15.0,30.0,44.0,59.0
9780,-153.56,-122.0,-91.0,-75.56,-60.0,-45.0,-30.0,-15.0,0.0,15.0,30.0,44.0,59.0
9790,-153.58,-122.0,-91.0,-75.58,-60.0,-45.0,-30.0,-15.0,0.0,15.0,30.0,44.0,59.0
9800,-153.6,-122.0,-91.0,-75.6,-60.0,-45.0,-30.0,-15.0,0.0,15.0,30.0,44.0,59.0
9810,-153.62,-122.0,-91.0,-75.62,-60.0,-45.0,-30.0,-15.0,0.0,15.0,30.0,44.0,59.0
9820,-153.64,-122.0,-91.0,-75.64,-60.0,-45.0,-30.0,-15.0,0.0,15.0,30.0,44.0,59.0
9830,-153.66,-122.0,-91.0,-75.66,-60.0,-45.0,-30.0,-15.0,0.0,15.0,30.0,44.0,59.0
9840,-153.68,-122.0,-91.0,-75.68,-60.0,-45.0,-30.0,-15.0,0.0,15.0,30.0,44.0,59.0
9850,-153.7,-122.0,-91.0,-75.7,-60.0,-45.0,-30.0,-15.0,0.0,15.0,30.0,44.0,59.0
9860,-153.72,-122.0,-91.0,-75.72,-60.0,-45.0,-30.0,-15.0,0.0,15.0,30.0,44.0,59.0
9870,-153.74,-122.0,-91.0,-75.74,-60.0,-45.0,-30.0,-15.0,0.0,15.0,30.0,44.0,59.0
9880,-153.76,-122.0,-91.0,-75.76,-60.0,-45.0,-30.0,-15.0,0.0,15.0,30.0,44.0,59.0
9890,-153.78,-122.0,-91.0,-75.78,-60.0,-45.0,-30.0,-15.0,0.0,15.0,30.0,44.0,59.0
9900,-153.8,-122.0,-91.0,-75.8,-60.0,-45.0,-30.0,-15.0,0.0,15.0,30.0,44.0,59.0
9910,-153.82,-122.0,-91.0,-75.82,-60.0,-45.0,-30.0,-15.0,0.0,15.0,30.0,44.0,59.0
9920,-153.84,-122.0,-91.0,-75.84,-60.0,-45.0,-30.0,-15.0,0.0,15.0,30.0,44.0,59.0
9930,-153.86,-122.0,-91.0,-75.86,-60.0,-45.0,-30.0,-15.0,0.0,15.0,30.0,44.0,59.0
9940,-153.88,-122.0,-91.0,-75.88,-60.0,-45.0,-30.0,-15.0,0.0,15.0,30.0,44.0,59.0
9950,-153.9,-122.0,-91.0,-75.9,-60.0,-45.0,-30.0,-15.0,0.0,15.0,30.0,44.0,59.0
9960,-153.92,-122.0,-91.0,-75.92,-60.0,-45.0,-30.0,-15.0,0.0,15.0,30.0,44.0,59.0
9970,-153.94,-122.0,-91.0,-75.94,-60.0,-45.0,-30.0,-15.0,0.0,15.0,30.0,44.0,59.0
9980,-153.96,-122.0,-91.0,-75.96,-60.0,-45.0,-30.0,-15.0,0.0,15.0,30.0,44.0,59.0
9990,-153.98,-122.0,-91.0,-75.98,-60.0,-45.0,-30.0,-15.0,0.0,15.0,30.0,44.0,59.0
10000,-154.0,-122.0,-91.0,-76.0,-60.0,-45.0,-30.0,-15.0,0.0,15.0,30.0,44.0,59.0
10010,-154.04,-122.04,-91.02,-76.0,-60.02,-45.0,-30.0,-15.0,0.0,15.0,29.98,44.0,58.98
10020,-154.08,-122.08,-91.04,-76.0,-60.04,-45.0,-30.0,-15.0,0.0,15.0,29.96,44.0,58.96
10030,-154.12,-122.12,-91.06,-76.0,-60.06,-45.0,-30.0,-15.0,0.0,15.0,29.94,44.0,58.94
10040,-154.16,-122.16,-91.08,-76.0,-60.08,-45.0,-30.0,-15.0,0.0,15.0,29.92,44.0,58.92
10050,-154.2,-122.2,-91.1,-76.0,-60.1,-45.0,-30.0,-15.0,0.0,15.0,29.9,44.0,58.9
10060,-154.24,-122.24,-91.12,-76.0,-60.12,-45.0,-30.0,-15.0,0.0,15.0,29.88,44.0,58.88
10070,-154.28,-122.28,-91.14,-76.0,-60.14,-45.0,-30.0,-15.0,0.0,15.0,29.86,44.0,58.86
10080,-154.32,-122.32,-91.16,-76.0,-60.16,-45.0,-30.0,-15.0,0.0,15.0,29.84,44.0,58.84
10090,-154.36,-122.36,-91.18,-76.0,-60.18,-45.0,-30.0,-15.0,0.0,15.0,29.82,44.0,58.82
10100,-154.4,-122.4,-91.2,-76.0,-60.2,-45.0,-30.0,-15.0,0.0,15.0,29.8,44.0,58.8
10110,-154.44,-122.44,-91.22,-76.0,-60.22,-45.0,-30.0,-15.0,0.0,15.0,29.78,44.0,58.78
10120,-154.48,-122.48,-91.24,-76.0,-60.24,-45.0,-30.0,-15.0,0.0,15.0,29.76,44.0,58.76
10130,-154.52,-122.52,-91.26,-76.0,-60.26,-45.0,-30.0,-15.0,0.0,15.0,29.74,44.0,58.74
10140,-154.56,-122.56,-91.28,-76.0,-60.28,-45.0,-30.0,-15.0,0.0,15.0,29.72,44.0,58.72
10150,-154.6,-122.6,-91.3,-76.0,-60.3,-45.0,-30.0,-15.0,0.0,15.0,29.7,44.0,58.7
10160,-154.64,-122.64,-91.32,-76.0,-60.32,-45.0,-30.0,-15.0,0.0,15.0,29.68,44.0,58.68
10170,-154.68,-122.68,-91.34,-76.0,-60.34,-45.0,-30.0,-15.0,0.0,15.0,29.66,44.0,58.66
10180,-154.72,-122.72,-91.36,-76.0,-60.36,-45.0,-30.0,-15.0,0.0,15.0,29.64,44.0,58.64
10190,-154.76,-122.76,-91.38,-76.0,-60.38,-45.0,-30.0,-15.0,0.0,15.0,29.62,44.0,58.62
10200,-154.8,-122.8,-91.4,-76.0,-60.4,-45.0,-30.0,-15.0,0.0,15.0,29.6,44.0,58.6
10210,-154.84,-122.84,-91.42,-76.0,-60.42,-45.0,-30.0,-15.0,0.0,15.0,29.58,44.0,58.58
10220,-154.88,-122.88,-91.44,-76.0,-60.44,-45.0,-30.0,-15.0,0.0,15.0,29.56,44.0,58.56
10230,-154.92,-122.92,-91.46,-76.0,-60.46,-45.0,-30.0,-15.0,0.0,15.0,29.54,44.0,58.54
10240,-154.96,-122.96,-91.48,-76.0,-60.48,-45.0,-30.0,-15.0,0.0,15.0,29.52,44.0,58.52
10250,-155.0,-123.0,-91.5,-76.0,-60.5,-45.0,-30.0,-15.0,0.0,15.0,29.5,44.0,58.5
10260,-155.04,-123.04,-91.52,-76.0,-60.52,-45.0,-30.0,-15.0,0.0,15.0,29.48,44.0,58.48
10270,-155.08,-123.08,-91.54,-76.0,-60.54,-45.0,-30.0,-15.0,0.0,15.0,29.46,44.0,58.46
10280,-155.12,-123.12,-91.56,-76.0,-60.56,-45.0,-30.0,-15.0,0.0,15.0,29.44,44.0,58.44
10290,-155.16,-123.16,-91.58,-76.0,-60.58,-45.0,-30.0,-15.0,0.0,15.0,29.42,44.0,58.42
10300,-155.2,-123.2,-91.6,-76.0,-60.6,-45.0,-30.0,-15.0,0.0,15.0,29.4,44.0,58.4
10310,-155.24,-123.24,-91.62,-76.0,-60.62,-45.0,-30.0,-15.0,0.0,15.0,29.38,44.0,58.38
10320,-155.28,-123.28,-91.64,-76.0,-60.64,-45.0,-30.0,-15.0,0.0,15.0,29.36,44.0,58.36
10330,-155.32,-123.32,-91.66,-76.0,-60.66,-45.0,-30.0,-15.0,0.0,15.0,29.34,44.0,58.34
10340,-155.36,-123.36,-91.68,-76.0,-60.68,-45.0,-30.0,-15.0,0.0,15.0,29.32,44.0,58.32
10350,-155.4,-123.4,-91.7,-76.0,-60.7,-45.0,-30.0,-15.0,0.0,15.0,29.3,44.0,58.3
10360,-155.44,-123.44,-91.72,-76.0,-60.72,-45.0,-30.0,-15.0,0.0,15.0,29.28,44.0,58.28
10370,-155.48,-123.48,-91.74,-76.0,-60.74,-45.0,-30.0,-15.0,0.0,15.0,29.26,44.0,58.26
10380,-155.52,-123.52,-91.76,-76.0,-60.76,-45.0,-30.0,-15.0,0.0,15.0,29.24,44.0,58.24
10390,-155.56,-123.56,-91.78,-76.0,-60.78,-45.0,-30.0,-15.0,0.0,15.0,29.22,44.0,58.22
10400,-155.6,-123.6,-91.8,-76.0,-60.8,-45.0,-30.0,-15.0,0.0,15.0,29.2,44.0,58.2
10410,-155.64,-123.64,-91.82,-76.0,-60.82,-45.0,-30.0,-15.0,0.0,15.0,29.18,44.0,58.18
10420,-155.68,-123.68,-91.84,-76.0,-60.84,-45.0,-30.0,-15.0,0.0,15.0,29.16,44.0,58.16
10430,-155.72,-123.72,-91.86,-76.0,-60.86,-45.0,-30.0,-15.0,0.0,15.0,29.14,44.0,58.14
10440,-155.76,-123.76,-91.88,-76.0,-60.88,-45.0,-30.0,-15.0,0.0,15.0,29.12,44.0,58.12
10450,-155.8,-123.8,-91.9,-76.0,-60.9,-45.0,-30.0,-15.0,0.0,15.0,29.1,44.0,58.1
10460,-155.84,-123.84,-91.92,-76.0,-60.92,-45.0,-30.0,-15.0,0.0,15.0,29.08,44.0,58.08
10470,-155.88,-123.88,-91.94,-76.0,-60.94,-45.0,-30.0,-15.0,0.0,15.0,29.06,44.0,58.06
10480,-155.92,-123.92,-91.96,-76.0,-60.96,-45.0,-30.0,-15.0,0.0,15.0,29.04,44.0,58.04
10490,-155.96,-123.96,-91.98,-76.0,-60.98,-45.0,-30.0,-15.0,0.0,15.0,29.02,44.0,58.02
10500,-156.0,-124.0,-92.0,-76.0,-61.0,-45.0,-30.0,-15.0,0.0,15.0,29.0,44.0,58.0
10510,-156.1,-124.0,-92.0,-76.1,-61.0,-45.0,-30.0,-15.0,0.0,15.0,29.0,44.0,58.0
10520,-156.2,-124.0,-92.0,-76.2,-61.0,-45.0,-30.0,-15.0,0.0,15.0,29.0,44.0,58.0
10530,-156.3,-124.0,-92.0,-76.3,-61.0,-45.0,-30.0,-15.0,0.0,15.0,29.0,44.0,58.0
10540,-156.4,-124.0,-92.0,-76.4,-61.0,-45.0,-30.0,-15.0,0.0,15.0,29.0,44.0,58.0
10550,-156.5,-124.0,-92.0,-76.5,-61.0,-45.0,-30.0,-15.0,0.0,15.0,29.0,44.0,58.0
10560,-156.6,-124.0,-92.0,-76.6,-61.0,-45.0,-30.0,-15.0,0.0,15.0,29.0,44.0,58.0
10570,-156.7,-124.0,-92.0,-76.7,-61.0,-45.0,-30.0,-15.0,0.0,15.0,29.0,44.0,58.0
10580,-156.8,-124.0,-92.0,-76.8,-61.0,-45.0,-30.0,-15.0,0.0,15.0,29.0,44.0,58.0
10590,-156.9,-124.0,-92.0,-76.9,-61.0,-45.0,-30.0,-15.0,0.0,15.0,29.0,44.0,58.0
10600,-157.0,-124.0,-92.0,-77.0,-61.0,-45.0,-30.0,-15.0,0.0,15.0,29.0,44.0,58.0
10610,-157.1,-124.1,-92.1,-77.0,-61.0,-45.1,-30.0,-15.0,0.0,15.0,29.0,44.0,58.0
10620,-157.2,-124.2,-92.2,-77.0,-61.0,-45.2,-30.0,-15.0,0.0,15.0,29.0,44.0,58.0
10630,-157.3,-124.3,-92.3,-77.0,-61.0,-45.3,-30.0,-15.0,0.0,15.0,29.0,44.0,58.0
10640,-157.4,-124.4,-92.4,-77.0,-61.0,-45.4,-30.0,-15.0,0.0,15.0,29.0,44.0,58.0
10650,-157.5,-124.5,-92.5,-77.0,-61.0,-45.5,-30.0,-15.0,0.0,15.0,29.0,44.0,58.0
10660,-157.6,-124.6,-92.6,-77.0,-61.0,-45.6,-30.0,-15.0,0.0,15.0,29.0,44.0,58.0
10670,-157.7,-124.7,-92.7,-77.0,-61.0,-45.7,-30.0,-15.0,0.0,15.0,29.0,44.0,58.0
10680,-157.8,-124.8,-92.8,-77.0,-61.0,-45.8,-30.0,-15.0,0.0,15.0,29.0,44.0,58.0
10690,-157.9,-124.9,-92.9,-77.0,-61.0,-45.9,-30.0,-15.0,0.0,15.0,29.0,44.0,58.0
10700,-158.0,-125.0,-93.0,-77.0,-61.0,-46.0,-30.0,-15.0,0.0,15.0,29.0,44.0,58.0
10710,-158.1,-125.1,-93.0,-77.0,-61.0,-46.0,-30.0,-15.0,0.0,15.0,29.0,43.9,57.9
10720,-158.2,-125.2,-93.0,-77.0,-61.0,-46.0,-30.0,-15.0,0.0,15.0,29.0,43.8,57.8
10730,-158.3,-125.3,-93.0,-77.0,-61.0,-46.0,-30.0,-15.0,0.0,15.0,29.0,43.7,57.7
10740,-158.4,-125.4,-93.0,-77.0,-61.0,-46.0,-30.0,-15.0,0.0,15.0,29.0,43.6,57.6
10750,-158.5,-125.5,-93.0,-77.0,-61.0,-46.0,-30.0,-15.0,0.0,15.0,29.0,43.5,57.5
10760,-158.6,-125.6,-93.0,-77.0,-61.0,-46.0,-30.0,-15.0,0.0,15.0,29.0,43.4,57.4
10770,-158.7,-125.7,-93.0,-77.0,-61.0,-46.0,-30.0,-15.0,0.0,15.0,29.0,43.3,57.3
10780,-158.8,-125.8,-93.0,-77.0,-61.0,-46.0,-30.0,-15.0,0.0,15.0,29.0,43.2,57.2
10790,-158.9,-125.9,-93.0,-77.0,-61.0,-46.0,-30.0,-15.0,0.0,15.0,29.0,43.1,57.1
10800,-159.0,-126.0,-93.0,-77.0,-61.0,-46.0,-30.0,-15.0,0.0,15.0,29.0,43.0,57.0
10810,-159.1,-126.1,-93.1,-77.1,-61.1,-46.0,-30.0,-15.0,0.0,15.0,29.0,43.0,57.0
10820,-159.2,-126.2,-93.2,-77.2,-61.2,-46.0,-30.0,-15.0,0.0,15.0,29.0,43.0,57.0
10830,-159.3,-126.3,-93.3,-77.3,-61.3,-46.0,-30.0,-15.0,0.0,15.0,29.0,43.0,57.0
10840,-159.4,-126.4,-93.4,-77.4,-61.4,-46.0,-30.0,-15.0,0.0,15.0,29.0,43.0,57.0
10850,-159.5,-126.5,-93.5,-77.5,-61.5,-46.0,-30.0,-15.0,0.0,15.0,29.0,43.0,57.0
10860,-159.6,-126.6,-93.6,-77.6,-61.6,-46.0,-30.0,-15.0,0.0,15.0,29.0,43.0,57.0
10870,-159.7,-126.7,-93.7,-77.7,-61.7,-46.0,-30.0,-15.0,0.0,15.0,29.0,43.0,57.0
10880,-159.8,-126.8,-93.8,-77.8,-61.8,-46.0,-30.0,-15.0,0.0,15.0,29.0,43.0,57.0
10890,-159.9,-126.9,-93.9,-77.9,-61.9,-46.0,-30.0,-15.0,0.0,15.0,29.0,43.0,57.0
10900,-160.0,-127.0,-94.0,-78.0,-62.0,-46.0,-30.0,-15.0,0.0,15.0,29.0,43.0,57.0
10910,-160.2,-127.1,-94.1,-78.0,-62.0,-46.0,-30.0,-15.0,0.0,15.0,29.0,43.0,56.9
10920,-160.4,-127.2,-94.2,-78.0,-62.0,-46.0,-30.0,-15.0,0.0,15.0,29.0,43.0,56.8
10930,-160.6,-127.3,-94.3,-78.0,-62.0,-46.0,-30.0,-15.0,0.0,15.0,29.0,43.0,56.7
10940,-160.8,-127.4,-94.4,-78.0,-62.0,-46.0,-30.0,-15.0,0.0,15.0,29.0,43.0,56.6
10950,-161.0,-127.5,-94.5,-78.0,-62.0,-46.0,-30.0,-15.0,0.0,15.0,29.0,43.0,56.5
10960,-161.2,-127.6,-94.6,-78.0,-62.0,-46.0,-30.0,-15.0,0.0,15.0,29.0,43.0,56.4
10970,-161.4,-127.7,-94.7,-78.0,-62.0,-46.0,-30.0,-15.0,0.0,15.0,29.0,43.0,56.3
10980,-161.6,-127.8,-94.8,-78.0,-62.0,-46.0,-30.0,-15.0,0.0,15.0,29.0,43.0,56.2
10990,-161.8,-127.9,-94.9,-78.0,-62.0,-46.0,-30.0,-15.0,0.0,15.0,29.0,43.0,56.1
11000,-162.0,-128.0,-95.0,-78.0,-62.0,-46.0,-30.0,-15.0,0.0,15.0,29.0,43.0,56.0
11010,-162.3,-128.2,-95.1,-78.1,-62.1,-46.1,-30.1,-15.0,0.0,15.0,29.0,42.9,55.8
11020,-162.6,-128.4,-95.2,-78.2,-62.2,-46.2,-30.2,-15.0,0.0,15.0,29.0,42.8,55.6
11030,-162.9,-128.6,-95.3,-78.3,-62.3,-46.3,-30.3,-15.0,0.0,15.0,29.0,42.7,55.4
11040,-163.2,-128.8,-95.4,-78.4,-62.4,-46.4,-30.4,-15.0,0.0,15.0,29.0,42.6,55.2
11050,-163.5,-129.0,-95.5,-78.5,-62.5,-46.5,-30.5,-15.0,0.0,15.0,29.0,42.5,55.0
11060,-163.8,-129.2,-95.6,-78.6,-62.6,-46.6,-30.6,-15.0,0.0,15.0,29.0,42.4,54.8
11070,-164.1,-129.4,-95.7,-78.7,-62.7,-46.7,-30.7,-15.0,0.0,15.0,29.0,42.3,54.6
11080,-164.4,-129.6,-95.8,-78.8,-62.8,-46.8,-30.8,-15.0,0.0,15.0,29.0,42.2,54.4
11090,-164.7,-129.8,-95.9,-78.9,-62.9,-46.9,-30.9,-15.0,0.0,15.0,29.0,42.1,54.2
11100,-165.0,-130.0,-96.0,-79.0,-63.0,-47.0,-31.0,-15.0,0.0,15.0,29.0,42.0,54.0
11110,-165.5,-130.4,-96.3,-79.3,-63.2,-47.1,-31.0,-15.0,0.0,14.9,28.8,41.6,53.0
11120,-166.0,-130.8,-96.6,-79.6,-63.4,-47.2,-31.0,-15.0,0.0,14.8,28.6,41.2,52.0
11130,-166.5,-131.2,-96.9,-79.9,-63.6,-47.3,-31.0,-15.0,0.0,14.7,28.4,40.8,51.0
11140,-167.0,-131.6,-97.2,-80.2,-63.8,-47.4,-31.0,-15.0,0.0,14.6,28.2,40.4,50.0
11150,-167.5,-132.0,-97.5,-80.5,-64.0,-47.5,-31.0,-15.0,0.0,14.5,28.0,40.0,49.0
11160,-168.0,-132.4,-97.8,-80.8,-64.2,-47.6,-31.0,-15.0,0.0,14.4,27.8,39.6,48.0
11170,-168.5,-132.8,-98.1,-81.1,-64.4,-47.7,-31.0,-15.0,0.0,14.3,27.6,39.2,47.0
11180,-169.0,-133.2,-98.4,-81.4,-64.6,-47.8,-31.0,-15.0,0.0,14.2,27.4,38.8,46.0
11190,-169.5,-133.6,-98.7,-81.7,-64.8,-47.9,-31.0,-15.0,0.0,14.1,27.2,38.4,45.0
11200,-170.0,-134.0,-99.0,-82.0,-65.0,-48.0,-31.0,-15.0,0.0,14.0,27.0,38.0,44.0
11210,-171.2,-135.1,-99.9,-82.8,-65.6,-48.5,-31.4,-15.2,0.0,13.1,24.5,34.1,39.5
11220,-172.4,-136.2,-100.8,-83.6,-66.2,-49.0,-31.8,-15.4,0.0,12.2,22.0,30.2,35.0
11230,-173.6,-137.3,-101.7,-84.4,-66.8,-49.5,-32.2,-15.6,0.0,11.3,19.5,26.3,30.5
11240,-174.8,-138.4,-102.6,-85.2,-67.4,-50.0,-32.6,-15.8,0.0,10.4,17.0,22.4,26.0
11250,-176.0,-139.5,-103.5,-86.0,-68.0,-50.5,-33.0,-16.0,0.0,9.5,14.5,18.5,21.5
11260,-177.2,-140.6,-104.4,-86.8,-68.6,-51.0,-33.4,-16.2,0.0,8.6,12.0,14.600000000000001,17.0
11270,-178.4,-141.7,-105.3,-87.6,-69.2,-51.5,-33.8,-16.4,0.0,7.7,9.5,10.7,12.5
11280,-179.6,-142.8,-106.2,-88.4,-69.8,-52.0,-34.2,-16.6,0.0,6.8,7.0,6.800000000000001,8.0
11290,-180.8,-143.9,-107.1,-89.2,-70.4,-52.5,-34.6,-16.8,0.0,5.9,4.5,2.8999999999999986,3.5
11300,-182.0,-145.0,-108.0,-90.0,-71.0,-53.0,-35.0,-17.0,0.0,5.0,2.0,-1.0,-1.0
11310,-182.0,-145.0,-108.0,-90.0,-71.0,-53.0,-35.0,-17.0,0.0,5.0,2.0,-1.0,-1.0
