level,list_-3.0,list_-2.0,list_-1.5,list_-1.0,list_-0.5,list_0.0,list_0.5,list_1.0,list_1.5,list_2.0,list_3.0
0,0.1,0,0,0,0,0,0,0,0,0,0.4
1,0.4,0.1,0.1,0,0,0,0,0.1,0.2,0.3,0.7
2,0.5,0.2,0.1,0,0,0,0,0.1,0.2,0.4,0.8
3,0.6,0.2,0.1,0,0,0,0,0.1,0.2,0.4,0.8
4,0.6,0.2,0.1,0,0,0,0,0.1,0.2,0.4,0.9
5,0.6,0.2,0.1,0,0,0,0,0.1,0.2,0.4,0.9
6,0.6,0.2,0.1,0,0,0,0,0.1,0.2,0.4,0.9
7,0.6,0.2,0.1,0,0,0,0,0.1,0.2,0.4,0.9
8,0.6,0.2,0.1,0,0,0,0,0.1,0.2,0.4,0.9
9,0.6,0.2,0.1,0,0,0,0,0.1,0.2,0.4,0.9
10,0.6,0.2,0.1,0,0,0,0,0.1,0.2,0.4,0.9
11,0.6,0.2,0.1,0,0,0,0,0.1,0.2,0.4,0.9
12,0.6,0.2,0.1,0,0,0,0,0.1,0.3,0.4,0.9
13,0.6,0.2,0.1,0,0,0,0,0.1,0.3,0.4,0.9
14,0.6,0.2,0.1,0,0,0,0,0.1,0.3,0.4,0.9
15,0.6,0.2,0.1,0,0,0,0,0.1,0.3,0.4,0.9
16,0.6,0.2,0.1,0,0,0,0,0.1,0.3,0.4,0.9
17,0.6,0.2,0.1,0,0,0,0,0.1,0.3,0.4,0.9
18,0.6,0.2,0.1,0,0,0,0,0.1,0.3,0.4,0.9
19,0.6,0.2,0.1,0,0,0,0,0.1,0.3,0.4,0.9
20,0.6,0.2,0.1,0,0,0,0,0.1,0.3,0.4,0.9
21,0.6,0.2,0.1,0,0,0,0,0.1,0.3,0.4,0.9
22,0.6,0.2,0.1,0,0,0,0,0.1,0.3,0.4,0.9
23,0.6,0.2,0.1,0,0,0,0,0.1,0.3,0.4,0.9
24,0.6,0.2,0.1,0,0,0,0,0.1,0.3,0.4,0.9
25,0.6,0.2,0.1,0,0,0,0,0.1,0.3,0.4,0.9
26,0.6,0.2,0.1,0,0,0,0,0.1,0.3,0.4,0.9
27,0.6,0.2,0.1,0,0,0,0,0.1,0.3,0.4,0.9
28,0.6,0.2,0.1,0,0,0,0,0.1,0.3,0.4,0.9
29,0.6,0.2,0.1,0,0,0,0,0.1,0.3,0.4,0.9
30,0.6,0.2,0.1,0,0,0,0,0.1,0.3,0.4,0.9
31,0.6,0.2,0.1,0,0,0,0,0.1,0.3,0.4,0.9
32,0.6,0.2,0.1,0,0,0,0,0.1,0.3,0.4,0.9
33,0.6,0.2,0.1,0,0,0,0,0.1,0.3,0.4,0.9
34,0.6,0.2,0.1,0,0,0,0,0.1,0.3,0.4,0.9
35,0.6,0.2,0.1,0,0,0,0,0.1,0.3,0.4,0.9
36,0.6,0.2,0.1,0,0,0,0,0.1,0.3,0.4,0.9
37,0.6,0.2,0.1,0,0,0,0,0.1,0.3,0.4,0.9
38,0.6,0.2,0.1,0,0,0,0,0.1,0.3,0.4,0.9
39,0.6,0.2,0.1,0,0,0,0,0.1,0.3,0.4,0.9
40,0.6,0.2,0.1,0,0,0,0,0.1,0.3,0.4,0.9
41,0.6,0.2,0.1,0,0,0,0,0.1,0.3,0.4,0.9
42,0.6,0.2,0.1,0,0,0,0,0.1,0.3,0.4,0.9
43,0.6,0.2,0.1,0,0,0,0,0.1,0.3,0.4,0.9
44,0.6,0.2,0.1,0,0,0,0,0.1,0.3,0.4,0.9
45,0.6,0.2,0.1,0,0,0,0,0.1,0.3,0.4,0.9
46,0.6,0.2,0.1,0,0,0,0,0.1,0.3,0.4,0.9
47,0.6,0.2,0.1,0,0,0,0,0.1,0.3,0.4,0.9
48,0.6,0.2,0.1,0,0,0,0,0.1,0.3,0.4,0.9
49,0.6,0.2,0.1,0,0,0,0,0.1,0.3,0.4,0.9
50,0.6,0.2,0.1,0,0,0,0,0.1,0.3,0.4,0.9
51,0.6,0.2,0.1,0,0,0,0,0.1,0.3,0.4,0.9
52,0.6,0.2,0.1,0,0,0,0,0.1,0.3,0.4,0.9
53,0.6,0.2,0.1,0,0,0,0,0.1,0.3,0.4,0.9
54,0.6,0.2,0.1,0,0,0,0,0.1,0.3,0.4,0.9
55,0.6,0.2,0.1,0,0,0,0,0.1,0.3,0.4,0.9
56,0.6,0.2,0.1,0,0,0,0,0.1,0.3,0.4,0.9
57,0.6,0.2,0.1,0,0,0,0,0.1,0.3,0.4,0.9
58,0.6,0.2,0.1,0,0,0,0,0.1,0.3,0.4,0.9
59,0.6,0.2,0.1,0,0,0,0,0.1,0.3,0.4,0.9
60,0.6,0.2,0.1,0,0,0,0,0.1,0.3,0.4,0.9
61,0.6,0.2,0.1,0,0,0,0,0.1,0.3,0.4,0.9
62,0.6,0.2,0.1,0,0,0,0,0.1,0.3,0.4,0.9
63,0.6,0.2,0.1,0,0,0,0,0.1,0.3,0.4,0.9
64,0.6,0.2,0.1,0,0,0,0,0.1,0.3,0.4,0.9
65,0.6,0.2,0.1,0,0,0,0,0.1,0.3,0.4,0.9
66,0.6,0.2,0.1,0,0,0,0,0.1,0.3,0.4,0.9
67,0.6,0.2,0.1,0,0,0,0,0.1,0.3,0.4,0.9
68,0.6,0.2,0.1,0,0,0,0,0.1,0.3,0.4,0.9
69,0.6,0.2,0.1,0,0,0,0,0.1,0.3,0.4,0.9
70,0.6,0.2,0.1,0,0,0,0,0.1,0.3,0.4,0.9
71,0.6,0.2,0.1,0,0,0,0,0.1,0.3,0.4,0.9
72,0.6,0.2,0.1,0,0,0,0,0.1,0.3,0.4,0.9
73,0.6,0.2,0.1,0,0,0,0,0.1,0.3,0.4,0.9
74,0.6,0.2,0.1,0,0,0,0,0.1,0.3,0.4,0.9
75,0.6,0.2,0.1,0,0,0,0,0.1,0.3,0.4,0.9
76,0.6,0.2,0.1,0,0,0,0,0.1,0.3,0.4,0.9
77,0.6,0.2,0.1,0,0,0,0,0.1,0.3,0.4,0.9
78,0.6,0.2,0.1,0,0,0,0,0.1,0.3,0.4,0.9
79,0.6,0.2,0.1,0,0,0,0,0.1,0.3,0.4,0.9
80,0.6,0.2,0.1,0,0,0,0,0.1,0.3,0.4,0.9
81,0.6,0.2,0.1,0,0,0,0,0.1,0.3,0.4,0.9
82,0.6,0.2,0.1,0,0,0,0,0.1,0.3,0.4,0.9
83,0.6,0.2,0.1,0,0,0,0,0.1,0.3,0.4,0.9
84,0.6,0.2,0.1,0,0,0,0,0.1,0.3,0.4,0.9
85,0.6,0.2,0.1,0,0,0,0,0.1,0.3,0.4,0.9
86,0.6,0.2,0.1,0,0,0,0,0.1,0.3,0.4,0.9
87,0.6,0.2,0.1,0,0,0,0,0.1,0.3,0.4,0.9
88,0.6,0.2,0.1,0,0,0,0,0.1,0.3,0.4,0.9
89,0.6,0.2,0.1,0,0,0,0,0.1,0.3,0.4,0.9
90,0.6,0.2,0.1,0,0,0,0,0.1,0.3,0.4,0.9
91,0.6,0.2,0.1,0,0,0,0,0.1,0.3,0.4,0.9
92,0.6,0.2,0.1,0,0,0,0,0.1,0.3,0.4,0.9
93,0.6,0.2,0.1,0,0,0,0,0.1,0.3,0.4,0.9
94,0.6,0.2,0.1,0,0,0,0,0.1,0.3,0.4,0.9
95,0.6,0.2,0.1,0,0,0,0,0.1,0.3,0.4,0.9
96,0.6,0.2,0.1,0,0,0,0,0.1,0.3,0.4,0.9
97,0.6,0.2,0.1,0,0,0,0,0.1,0.3,0.4,0.9
98,0.6,0.2,0.1,0,0,0,0,0.1,0.3,0.4,0.9
99,0.6,0.2,0.1,0,0,0,0,0.1,0.3,0.4,0.9
100,0.6,0.2,0.1,0,0,0,0,0.1,0.3,0.4,0.9
101,0.6,0.2,0.1,0,0,0,0,0.1,0.3,0.4,0.9
102,0.6,0.2,0.1,0,0,0,0,0.1,0.3,0.4,0.9
103,0.6,0.2,0.1,0,0,0,0,0.1,0.3,0.4,0.9
104,0.6,0.2,0.1,0,0,0,0,0.1,0.3,0.4,0.9
105,0.6,0.2,0.1,0,0,0,0,0.1,0.3,0.4,0.9
106,0.6,0.2,0.1,0,0,0,0,0.1,0.3,0.4,0.9
107,0.6,0.2,0.1,0,0,0,0,0.1,0.3,0.4,0.9
108,0.6,0.2,0.1,0,0,0,0,0.1,0.3,0.4,0.9
109,0.6,0.2,0.1,0,0,0,0,0.1,0.3,0.4,0.9
110,0.6,0.2,0.1,0,0,0,0,0.1,0.3,0.4,0.9
111,0.6,0.2,0.1,0,0,0,0,0.1,0.3,0.4,0.9
112,0.6,0.2,0.1,0,0,0,0,0.1,0.3,0.4,0.9
113,0.6,0.2,0.1,0,0,0,0,0.1,0.3,0.4,0.9
114,0.6,0.2,0.1,0,0,0,0,0.1,0.3,0.4,0.9
115,0.6,0.2,0.1,0,0,0,0,0.1,0.3,0.4,0.9
116,0.6,0.2,0.1,0,0,0,0,0.1,0.3,0.4,0.9
117,0.6,0.2,0.1,0,0,0,0,0.1,0.3,0.4,0.9
118,0.6,0.2,0.1,0,0,0,0,0.1,0.3,0.4,0.9
119,0.6,0.2,0.1,0,0,0,0,0.1,0.3,0.4,0.9
120,0.6,0.2,0.1,0,0,0,0,0.1,0.3,0.4,0.9
121,0.6,0.2,0.1,0,0,0,0,0.1,0.3,0.4,0.9
122,0.6,0.2,0.1,0,0,0,0,0.1,0.3,0.4,0.9
123,0.6,0.2,0.1,0,0,0,0,0.1,0.3,0.4,0.9
124,0.6,0.2,0.1,0,0,0,0,0.1,0.3,0.4,0.9
125,0.6,0.2,0.1,0,0,0,0,0.1,0.3,0.4,0.9
126,0.6,0.2,0.1,0,0,0,0,0.1,0.3,0.4,0.9
127,0.6,0.2,0.1,0,0,0,0,0.1,0.3,0.4,0.9
128,0.6,0.2,0.1,0,0,0,0,0.1,0.3,0.4,0.9
129,0.6,0.2,0.1,0,0,0,0,0.1,0.3,0.4,0.9
130,0.6,0.2,0.1,0,0,0,0,0.1,0.3,0.4,0.9
131,0.6,0.2,0.1,0,0,0,0,0.1,0.3,0.4,0.9
132,0.6,0.2,0.1,0,0,0,0,0.1,0.3,0.4,0.9
133,0.6,0.2,0.1,0,0,0,0,0.1,0.3,0.4,0.9
134,0.6,0.2,0.1,0,0,0,0,0.1,0.3,0.4,0.9
135,0.6,0.2,0.1,0,0,0,0,0.1,0.3,0.4,0.9
136,0.6,0.2,0.1,0,0,0,0,0.1,0.3,0.4,0.9
137,0.6,0.2,0.1,0,0,0,0,0.1,0.3,0.4,0.9
138,0.6,0.2,0.1,0,0,0,0,0.1,0.3,0.4,0.9
139,0.6,0.2,0.1,0,0,0,0,0.1,0.3,0.4,0.9
140,0.6,0.2,0.1,0,0,0,0,0.1,0.3,0.4,0.9
141,0.6,0.2,0.1,0,0,0,0,0.1,0.3,0.4,0.9
142,0.6,0.2,0.1,0,0,0,0,0.1,0.3,0.4,0.9
143,0.6,0.2,0.1,0,0,0,0,0.1,0.3,0.4,0.9
144,0.6,0.2,0.1,0,0,0,0,0.1,0.3,0.4,0.9
145,0.6,0.2,0.1,0,0,0,0,0.1,0.3,0.4,0.9
146,0.6,0.2,0.1,0,0,0,0,0.1,0.3,0.4,0.9
147,0.6,0.2,0.1,0,0,0,0,0.1,0.3,0.4,0.9
148,0.6,0.2,0.1,0,0,0,0,0.1,0.3,0.4,0.9
149,0.6,0.2,0.1,0,0,0,0,0.1,0.3,0.4,0.9
150,0.6,0.2,0.1,0,0,0,0,0.1,0.3,0.4,0.9
151,0.6,0.2,0.1,0,0,0,0,0.1,0.3,0.4,0.9
152,0.6,0.2,0.1,0,0,0,0,0.1,0.3,0.4,0.9
153,0.6,0.2,0.1,0,0,0,0,0.1,0.3,0.4,0.9
154,0.6,0.2,0.1,0,0,0,0,0.1,0.3,0.4,0.9
155,0.6,0.2,0.1,0,0,0,0,0.1,0.3,0.4,0.9
156,0.6,0.2,0.1,0,0,0,0,0.1,0.3,0.4,0.9
157,0.6,0.2,0.1,0,0,0,0,0.1,0.3,0.4,0.9
158,0.6,0.2,0.1,0,0,0,0,0.1,0.3,0.4,0.9
159,0.6,0.2,0.1,0,0,0,0,0.1,0.3,0.4,0.9
160,0.6,0.2,0.1,0,0,0,0,0.1,0.3,0.4,0.9
161,0.6,0.2,0.1,0,0,0,0,0.1,0.3,0.4,0.9
162,0.6,0.2,0.1,0,0,0,0,0.1,0.3,0.4,0.9
163,0.6,0.2,0.1,0,0,0,0,0.1,0.3,0.4,0.9
164,0.6,0.2,0.1,0,0,0,0,0.1,0.3,0.4,0.9
165,0.6,0.2,0.1,0,0,0,0,0.1,0.3,0.4,0.9
166,0.6,0.2,0.1,0,0,0,0,0.1,0.3,0.4,0.9
167,0.6,0.2,0.1,0,0,0,0,0.1,0.3,0.4,0.9
168,0.6,0.2,0.1,0,0,0,0,0.1,0.3,0.4,0.9
169,0.6,0.2,0.1,0,0,0,0,0.1,0.3,0.4,0.9
170,0.6,0.2,0.1,0,0,0,0,0.1,0.3,0.4,0.9
171,0.6,0.2,0.1,0,0,0,0,0.1,0.3,0.4,0.9
172,0.6,0.2,0.1,0,0,0,0,0.1,0.3,0.4,0.9
173,0.6,0.2,0.1,0,0,0,0,0.1,0.3,0.4,0.9
174,0.6,0.2,0.1,0,0,0,0,0.1,0.3,0.4,0.9
175,0.6,0.2,0.1,0,0,0,0,0.1,0.3,0.4,0.9
176,0.6,0.2,0.1,0,0,0,0,0.1,0.3,0.4,0.9
177,0.6,0.2,0.1,0,0,0,0,0.1,0.3,0.4,0.9
178,0.6,0.2,0.1,0,0,0,0,0.1,0.3,0.4,0.9
179,0.6,0.2,0.1,0,0,0,0,0.1,0.3,0.4,0.9
180,0.6,0.2,0.1,0,0,0,0,0.1,0.3,0.4,0.9
181,0.6,0.2,0.1,0,0,0,0,0.1,0.3,0.4,0.9
182,0.6,0.2,0.1,0,0,0,0,0.1,0.3,0.4,0.9
183,0.6,0.2,0.1,0,0,0,0,0.1,0.3,0.4,0.9
184,0.6,0.2,0.1,0,0,0,0,0.1,0.3,0.4,0.9
185,0.6,0.2,0.1,0,0,0,0,0.1,0.3,0.4,0.9
186,0.6,0.2,0.1,0,0,0,0,0.1,0.3,0.4,0.9
187,0.6,0.2,0.1,0,0,0,0,0.1,0.3,0.4,0.9
188,0.6,0.2,0.1,0,0,0,0,0.1,0.3,0.4,0.9
189,0.6,0.2,0.1,0,0,0,0,0.1,0.3,0.4,0.9
190,0.6,0.2,0.1,0,0,0,0,0.1,0.3,0.4,0.9
191,0.6,0.2,0.1,0,0,0,0,0.1,0.3,0.4,0.9
192,0.6,0.2,0.1,0,0,0,0,0.1,0.3,0.4,0.9
193,0.6,0.2,0.1,0,0,0,0,0.1,0.3,0.4,0.9
194,0.6,0.2,0.1,0,0,0,0,0.1,0.3,0.4,0.9
195,0.6,0.2,0.1,0,0,0,0,0.1,0.3,0.4,0.9
196,0.6,0.2,0.1,0,0,0,0,0.1,0.3,0.4,0.9
197,0.6,0.2,0.1,0,0,0,0,0.1,0.3,0.4,0.9
198,0.6,0.2,0.1,0,0,0,0,0.1,0.3,0.4,0.9
199,0.6,0.2,0.1,0,0,0,0,0.1,0.3,0.4,0.9
200,0.6,0.2,0.1,0,0,0,0,0.1,0.3,0.4,0.9
201,0.6,0.2,0.1,0,0,0,0,0.1,0.3,0.4,0.9
202,0.6,0.2,0.1,0,0,0,0,0.1,0.3,0.4,0.9
203,0.6,0.2,0.1,0,0,0,0,0.1,0.3,0.4,0.9
204,0.6,0.2,0.1,0,0,0,0,0.1,0.3,0.4,0.9
205,0.6,0.2,0.1,0,0,0,0,0.1,0.3,0.4,0.9
206,0.6,0.2,0.1,0,0,0,0,0.1,0.3,0.4,0.9
207,0.6,0.2,0.1,0,0,0,0,0.1,0.3,0.4,0.9
208,0.6,0.2,0.1,0,0,0,0,0.1,0.3,0.4,0.9
209,0.6,0.2,0.1,0,0,0,0,0.1,0.3,0.4,0.9
210,0.6,0.2,0.1,0,0,0,0,0.1,0.3,0.4,0.9
211,0.6,0.2,0.1,0,0,0,0,0.1,0.3,0.4,0.9
212,0.6,0.2,0.1,0,0,0,0,0.1,0.3,0.4,0.9
213,0.6,0.2,0.1,0,0,0,0,0.1,0.3,0.4,0.9
214,0.6,0.2,0.1,0,0,0,0,0.1,0.3,0.4,0.9
215,0.6,0.2,0.1,0,0,0,0,0.1,0.3,0.4,0.9
216,0.6,0.2,0.1,0,0,0,0,0.1,0.3,0.4,0.9
217,0.6,0.2,0.1,0,0,0,0,0.1,0.3,0.4,0.9
218,0.6,0.2,0.1,0,0,0,0,0.1,0.3,0.4,0.9
219,0.6,0.2,0.1,0,0,0,0,0.1,0.3,0.4,0.9
220,0.6,0.2,0.1,0,0,0,0,0.1,0.3,0.4,0.9
221,0.6,0.2,0.1,0,0,0,0,0.1,0.3,0.4,0.9
222,0.6,0.2,0.1,0,0,0,0,0.1,0.3,0.4,0.9
223,0.6,0.2,0.1,0,0,0,0,0.1,0.3,0.4,0.9
224,0.6,0.2,0.1,0,0,0,0,0.1,0.3,0.4,0.9
225,0.6,0.2,0.1,0,0,0,0,0.1,0.3,0.4,0.9
226,0.6,0.2,0.1,0,0,0,0,0.1,0.3,0.4,0.9
227,0.6,0.2,0.1,0,0,0,0,0.1,0.3,0.4,0.9
228,0.6,0.2,0.1,0,0,0,0,0.1,0.3,0.4,0.9
229,0.6,0.2,0.1,0,0,0,0,0.1,0.3,0.4,0.9
230,0.6,0.2,0.1,0,0,0,0,0.1,0.3,0.4,0.9
231,0.6,0.2,0.1,0,0,0,0,0.1,0.3,0.4,0.9
232,0.6,0.2,0.1,0,0,0,0,0.1,0.3,0.4,0.9
233,0.6,0.2,0.1,0,0,0,0,0.1,0.3,0.4,0.9
234,0.6,0.2,0.1,0,0,0,0,0.1,0.3,0.4,0.9
235,0.6,0.2,0.1,0,0,0,0,0.1,0.3,0.4,0.9
236,0.6,0.2,0.1,0,0,0,0,0.1,0.3,0.4,0.9
237,0.6,0.2,0.1,0,0,0,0,0.1,0.3,0.4,0.9
238,0.6,0.2,0.1,0,0,0,0,0.1,0.3,0.4,0.9
239,0.6,0.2,0.1,0,0,0,0,0.1,0.3,0.4,0.9
240,0.6,0.2,0.1,0,0,0,0,0.1,0.3,0.4,0.9
241,0.6,0.2,0.1,0,0,0,0,0.1,0.3,0.4,0.9
242,0.6,0.2,0.1,0,0,0,0,0.1,0.3,0.4,0.9
243,0.6,0.2,0.1,0,0,0,0,0.1,0.3,0.4,0.9
244,0.6,0.2,0.1,0,0,0,0,0.1,0.3,0.4,0.9
245,0.6,0.2,0.1,0,0,0,0,0.1,0.3,0.4,0.9
246,0.6,0.2,0.1,0,0,0,0,0.1,0.3,0.4,0.9
247,0.6,0.2,0.1,0,0,0,0,0.1,0.3,0.4,0.9
248,0.6,0.2,0.1,0,0,0,0,0.1,0.3,0.4,0.9
249,0.6,0.2,0.1,0,0,0,0,0.1,0.3,0.4,0.9
250,0.6,0.2,0.1,0,0,0,0,0.1,0.3,0.4,0.9
251,0.6,0.2,0.1,0,0,0,0,0.1,0.3,0.4,0.9
252,0.6,0.2,0.1,0,0,0,0,0.1,0.3,0.4,0.9
253,0.6,0.2,0.1,0,0,0,0,0.1,0.3,0.4,0.9
254,0.6,0.2,0.1,0,0,0,0,0.1,0.3,0.4,0.9
255,0.6,0.2,0.1,0,0,0,0,0.1,0.3,0.4,0.9
256,0.6,0.2,0.1,0,0,0,0,0.1,0.3,0.4,0.9
257,0.6,0.2,0.1,0,0,0,0,0.1,0.3,0.4,0.9
258,0.6,0.2,0.1,0,0,0,0,0.1,0.3,0.4,0.9
259,0.6,0.2,0.1,0,0,0,0,0.1,0.3,0.4,0.9
260,0.6,0.2,0.1,0,0,0,0,0.1,0.3,0.4,0.9
261,0.6,0.2,0.1,0,0,0,0,0.1,0.3,0.4,0.9
262,0.6,0.2,0.1,0,0,0,0,0.1,0.3,0.4,0.9
263,0.6,0.2,0.1,0,0,0,0,0.1,0.3,0.4,0.9
264,0.6,0.2,0.1,0,0,0,0,0.1,0.3,0.4,0.9
265,0.6,0.2,0.1,0,0,0,0,0.1,0.3,0.4,0.9
266,0.6,0.2,0.1,0,0,0,0,0.1,0.3,0.4,0.9
267,0.6,0.2,0.1,0,0,0,0,0.1,0.3,0.4,0.9
268,0.6,0.2,0.1,0,0,0,0,0.1,0.3,0.4,0.9
269,0.6,0.2,0.1,0,0,0,0,0.1,0.3,0.4,0.9
270,0.6,0.2,0.1,0,0,0,0,0.1,0.3,0.4,0.9
271,0.6,0.2,0.1,0,0,0,0,0.1,0.3,0.4,0.9
272,0.6,0.2,0.1,0,0,0,0,0.1,0.3,0.4,0.9
273,0.6,0.2,0.1,0,0,0,0,0.1,0.3,0.4,0.9
274,0.6,0.2,0.1,0,0,0,0,0.1,0.3,0.4,0.9
275,0.6,0.2,0.1,0,0,0,0,0.1,0.3,0.4,0.9
276,0.6,0.2,0.1,0,0,0,0,0.1,0.3,0.4,0.9
277,0.6,0.2,0.1,0,0,0,0,0.1,0.3,0.4,0.9
278,0.6,0.2,0.1,0,0,0,0,0.1,0.3,0.4,0.9
279,0.6,0.2,0.1,0,0,0,0,0.1,0.3,0.4,0.9
280,0.6,0.2,0.1,0,0,0,0,0.1,0.3,0.4,0.9
281,0.6,0.2,0.1,0,0,0,0,0.1,0.3,0.4,0.9
282,0.6,0.2,0.1,0,0,0,0,0.1,0.3,0.4,0.9
283,0.6,0.2,0.1,0,0,0,0,0.1,0.3,0.4,0.9
284,0.6,0.2,0.1,0,0,0,0,0.1,0.3,0.4,0.9
285,0.6,0.2,0.1,0,0,0,0,0.1,0.3,0.4,0.9
286,0.6,0.2,0.1,0,0,0,0,0.1,0.3,0.4,0.9
287,0.6,0.2,0.1,0,0,0,0,0.1,0.3,0.4,0.9
288,0.6,0.2,0.1,0,0,0,0,0.1,0.3,0.4,0.9
289,0.6,0.2,0.1,0,0,0,0,0.1,0.3,0.4,0.9
290,0.6,0.2,0.1,0,0,0,0,0.1,0.3,0.4,0.9
291,0.6,0.2,0.1,0,0,0,0,0.1,0.3,0.4,0.9
292,0.6,0.2,0.1,0,0,0,0,0.1,0.3,0.4,0.9
293,0.6,0.2,0.1,0,0,0,0,0.1,0.3,0.4,0.9
294,0.6,0.2,0.1,0,0,0,0,0.1,0.3,0.4,0.9
295,0.6,0.2,0.1,0,0,0,0,0.1,0.3,0.4,0.9
296,0.6,0.2,0.1,0,0,0,0,0.1,0.3,0.4,0.9
297,0.6,0.2,0.1,0,0,0,0,0.1,0.3,0.4,0.9
298,0.6,0.2,0.1,0,0,0,0,0.1,0.3,0.4,0.9
299,0.6,0.2,0.1,0,0,0,0,0.1,0.3,0.4,0.9
300,0.6,0.2,0.1,0,0,0,0,0.1,0.3,0.4,0.9
301,0.6,0.2,0.1,0,0,0,0,0.1,0.3,0.4,0.9
302,0.6,0.2,0.1,0,0,0,0,0.1,0.3,0.4,0.9
303,0.6,0.2,0.1,0,0,0,0,0.1,0.3,0.4,0.9
304,0.6,0.2,0.1,0,0,0,0,0.1,0.3,0.4,0.9
305,0.6,0.2,0.1,0,0,0,0,0.1,0.3,0.4,0.9
306,0.6,0.2,0.1,0,0,0,0,0.1,0.3,0.4,0.9
307,0.6,0.2,0.1,0,0,0,0,0.1,0.3,0.4,0.9
308,0.6,0.2,0.1,0,0,0,0,0.1,0.3,0.4,0.9
309,0.6,0.2,0.1,0,0,0,0,0.1,0.3,0.4,0.9
310,0.6,0.2,0.1,0,0,0,0,0.1,0.3,0.4,0.9
311,0.6,0.2,0.1,0,0,0,0,0.1,0.3,0.4,0.9
312,0.6,0.2,0.1,0,0,0,0,0.1,0.3,0.4,0.9
313,0.6,0.2,0.1,0,0,0,0,0.1,0.3,0.4,0.9
314,0.6,0.2,0.1,0,0,0,0,0.1,0.3,0.4,0.9
315,0.6,0.2,0.1,0,0,0,0,0.1,0.3,0.4,0.9
316,0.6,0.2,0.1,0,0,0,0,0.1,0.3,0.4,0.9
317,0.6,0.2,0.1,0,0,0,0,0.1,0.3,0.4,0.9
318,0.6,0.2,0.1,0,0,0,0,0.1,0.3,0.4,0.9
319,0.6,0.2,0.1,0,0,0,0,0.1,0.3,0.4,0.9
320,0.6,0.2,0.1,0,0,0,0,0.1,0.3,0.4,0.9
321,0.6,0.2,0.1,0,0,0,0,0.1,0.3,0.4,0.9
322,0.6,0.2,0.1,0,0,0,0,0.1,0.3,0.4,0.9
323,0.6,0.2,0.1,0,0,0,0,0.1,0.3,0.4,0.9
324,0.6,0.2,0.1,0,0,0,0,0.1,0.3,0.4,0.9
325,0.6,0.2,0.1,0,0,0,0,0.1,0.3,0.4,0.9
326,0.6,0.2,0.1,0,0,0,0,0.1,0.3,0.4,0.9
327,0.6,0.2,0.1,0,0,0,0,0.1,0.3,0.4,0.9
328,0.6,0.2,0.1,0,0,0,0,0.1,0.3,0.4,0.9
329,0.6,0.2,0.1,0,0,0,0,0.1,0.3,0.4,0.9
330,0.6,0.2,0.1,0,0,0,0,0.1,0.3,0.4,0.9
331,0.6,0.2,0.1,0,0,0,0,0.1,0.3,0.4,0.9
332,0.6,0.2,0.1,0,0,0,0,0.1,0.3,0.4,0.9
333,0.6,0.2,0.1,0,0,0,0,0.1,0.3,0.4,0.9
334,0.6,0.2,0.1,0,0,0,0,0.1,0.3,0.4,0.9
335,0.6,0.2,0.1,0,0,0,0,0.1,0.3,0.4,0.9
336,0.6,0.2,0.1,0,0,0,0,0.1,0.3,0.4,0.9
337,0.6,0.2,0.1,0,0,0,0,0.1,0.3,0.4,0.9
338,0.6,0.2,0.1,0,0,0,0,0.1,0.3,0.4,0.9
339,0.6,0.2,0.1,0,0,0,0,0.1,0.3,0.4,0.9
340,0.6,0.2,0.1,0,0,0,0,0.1,0.3,0.4,0.9
341,0.6,0.2,0.1,0,0,0,0,0.1,0.3,0.4,0.9
342,0.6,0.2,0.1,0,0,0,0,0.1,0.3,0.4,0.9
343,0.6,0.2,0.1,0,0,0,0,0.1,0.3,0.4,0.9
344,0.6,0.2,0.1,0,0,0,0,0.1,0.3,0.4,0.9
345,0.6,0.2,0.1,0,0,0,0,0.1,0.3,0.4,0.9
346,0.6,0.2,0.1,0,0,0,0,0.1,0.3,0.4,0.9
347,0.6,0.2,0.1,0,0,0,0,0.1,0.3,0.4,0.9
348,0.6,0.2,0.1,0,0,0,0,0.1,0.3,0.4,0.9
349,0.6,0.2,0.1,0,0,0,0,0.1,0.3,0.4,0.9
350,0.6,0.2,0.1,0,0,0,0,0.1,0.3,0.4,0.9
351,0.6,0.2,0.1,0,0,0,0,0.1,0.3,0.4,0.9
352,0.6,0.2,0.1,0,0,0,0,0.1,0.3,0.4,0.9
353,0.6,0.2,0.1,0,0,0,0,0.1,0.3,0.4,0.9
354,0.6,0.2,0.1,0,0,0,0,0.1,0.3,0.4,0.9
355,0.6,0.2,0.1,0,0,0,0,0.1,0.3,0.4,0.9
356,0.6,0.2,0.1,0,0,0,0,0.1,0.3,0.4,0.9
357,0.6,0.2,0.1,0,0,0,0,0.1,0.3,0.4,0.9
358,0.6,0.2,0.1,0,0,0,0,0.1,0.3,0.4,0.9
359,0.6,0.2,0.1,0,0,0,0,0.1,0.3,0.4,0.9
360,0.6,0.2,0.1,0,0,0,0,0.1,0.3,0.4,0.9
361,0.6,0.2,0.1,0,0,0,0,0.1,0.3,0.4,0.9
362,0.6,0.2,0.1,0,0,0,0,0.1,0.3,0.4,0.9
363,0.6,0.2,0.1,0,0,0,0,0.1,0.3,0.4,0.9
364,0.6,0.2,0.1,0,0,0,0,0.1,0.3,0.4,0.9
365,0.6,0.2,0.1,0,0,0,0,0.1,0.3,0.4,0.9
366,0.6,0.2,0.1,0,0,0,0,0.1,0.3,0.4,0.9
367,0.6,0.2,0.1,0,0,0,0,0.1,0.3,0.4,0.9
368,0.6,0.2,0.1,0,0,0,0,0.1,0.3,0.4,0.9
369,0.6,0.2,0.1,0,0,0,0,0.1,0.3,0.4,0.9
370,0.6,0.2,0.1,0,0,0,0,0.1,0.3,0.4,0.9
371,0.6,0.2,0.1,0,0,0,0,0.1,0.3,0.4,0.9
372,0.6,0.2,0.1,0,0,0,0,0.1,0.3,0.4,0.9
373,0.6,0.2,0.1,0,0,0,0,0.1,0.3,0.4,0.9
374,0.6,0.2,0.1,0,0,0,0,0.1,0.3,0.4,0.9
375,0.6,0.2,0.1,0,0,0,0,0.1,0.3,0.4,0.9
376,0.6,0.2,0.1,0,0,0,0,0.1,0.3,0.4,0.9
377,0.6,0.2,0.1,0,0,0,0,0.1,0.3,0.4,0.9
378,0.6,0.2,0.1,0,0,0,0,0.1,0.3,0.4,0.9
379,0.6,0.2,0.1,0,0,0,0,0.1,0.3,0.4,0.9
380,0.6,0.2,0.1,0,0,0,0,0.1,0.3,0.4,0.9
381,0.6,0.2,0.1,0,0,0,0,0.1,0.3,0.4,0.9
382,0.6,0.2,0.1,0,0,0,0,0.1,0.3,0.4,0.9
383,0.6,0.2,0.1,0,0,0,0,0.1,0.3,0.4,0.9
384,0.6,0.2,0.1,0,0,0,0,0.1,0.3,0.4,0.9
385,0.6,0.2,0.1,0,0,0,0,0.1,0.3,0.4,0.9
386,0.6,0.2,0.1,0,0,0,0,0.1,0.3,0.4,0.9
387,0.6,0.2,0.1,0,0,0,0,0.1,0.3,0.4,0.9
388,0.6,0.2,0.1,0,0,0,0,0.1,0.3,0.4,0.9
389,0.6,0.2,0.1,0,0,0,0,0.1,0.3,0.4,0.9
390,0.6,0.2,0.1,0,0,0,0,0.1,0.3,0.4,0.9
391,0.6,0.2,0.1,0,0,0,0,0.1,0.3,0.4,0.9
392,0.6,0.2,0.1,0,0,0,0,0.1,0.3,0.4,0.9
393,0.6,0.2,0.1,0,0,0,0,0.1,0.3,0.4,0.9
394,0.6,0.2,0.1,0,0,0,0,0.1,0.3,0.4,0.9
395,0.6,0.2,0.1,0,0,0,0,0.1,0.3,0.4,0.9
396,0.6,0.2,0.1,0,0,0,0,0.1,0.3,0.4,0.9
397,0.6,0.2,0.1,0,0,0,0,0.1,0.3,0.4,0.9
398,0.6,0.2,0.1,0,0,0,0,0.1,0.3,0.4,0.9
399,0.6,0.2,0.1,0,0,0,0,0.1,0.3,0.4,0.9
400,0.6,0.2,0.1,0,0,0,0,0.1,0.3,0.4,0.9
401,0.6,0.2,0.1,0,0,0,0,0.1,0.3,0.4,0.9
402,0.6,0.2,0.1,0,0,0,0,0.1,0.3,0.4,0.9
403,0.6,0.2,0.1,0,0,0,0,0.1,0.3,0.4,0.9
404,0.6,0.2,0.1,0,0,0,0,0.1,0.3,0.4,0.9
405,0.6,0.2,0.1,0,0,0,0,0.1,0.3,0.4,0.9
406,0.6,0.2,0.1,0,0,0,0,0.1,0.3,0.4,0.9
407,0.6,0.2,0.1,0,0,0,0,0.1,0.3,0.4,0.9
408,0.6,0.2,0.1,0,0,0,0,0.1,0.3,0.4,0.9
409,0.6,0.2,0.1,0,0,0,0,0.1,0.3,0.4,0.9
410,0.6,0.2,0.1,0,0,0,0,0.1,0.3,0.4,0.9
411,0.6,0.2,0.1,0,0,0,0,0.1,0.3,0.4,0.9
412,0.6,0.2,0.1,0,0,0,0,0.1,0.3,0.4,0.9
413,0.6,0.2,0.1,0,0,0,0,0.1,0.3,0.4,0.9
414,0.6,0.2,0.1,0,0,0,0,0.1,0.3,0.4,0.9
415,0.6,0.2,0.1,0,0,0,0,0.1,0.3,0.4,0.9
416,0.6,0.2,0.1,0,0,0,0,0.1,0.3,0.4,0.9
417,0.6,0.2,0.1,0,0,0,0,0.1,0.3,0.4,0.9
418,0.6,0.2,0.1,0,0,0,0,0.1,0.3,0.4,0.9
419,0.6,0.2,0.1,0,0,0,0,0.1,0.3,0.4,0.9
420,0.6,0.2,0.1,0,0,0,0,0.1,0.3,0.4,0.9
421,0.6,0.2,0.1,0,0,0,0,0.1,0.3,0.4,0.9
422,0.6,0.2,0.1,0,0,0,0,0.1,0.3,0.4,0.9
423,0.6,0.2,0.1,0,0,0,0,0.1,0.3,0.4,0.9
424,0.6,0.2,0.1,0,0,0,0,0.1,0.3,0.4,0.9
425,0.6,0.2,0.1,0,0,0,0,0.1,0.3,0.4,0.9
426,0.6,0.2,0.1,0,0,0,0,0.1,0.3,0.4,0.9
427,0.6,0.2,0.1,0,0,0,0,0.1,0.3,0.4,0.9
428,0.6,0.2,0.1,0,0,0,0,0.1,0.3,0.4,0.9
429,0.6,0.2,0.1,0,0,0,0,0.1,0.3,0.4,0.9
430,0.6,0.2,0.1,0,0,0,0,0.1,0.3,0.4,0.9
431,0.6,0.2,0.1,0,0,0,0,0.1,0.3,0.4,0.9
432,0.6,0.2,0.1,0,0,0,0,0.1,0.3,0.4,0.9
433,0.6,0.2,0.1,0,0,0,0,0.1,0.3,0.4,0.9
434,0.6,0.2,0.1,0,0,0,0,0.1,0.3,0.4,0.9
435,0.6,0.2,0.1,0,0,0,0,0.1,0.3,0.4,0.9
436,0.6,0.2,0.1,0,0,0,0,0.1,0.3,0.4,0.9
437,0.6,0.2,0.1,0,0,0,0,0.1,0.3,0.4,0.9
438,0.6,0.2,0.1,0,0,0,0,0.1,0.3,0.4,0.9
439,0.6,0.2,0.1,0,0,0,0,0.1,0.3,0.4,0.9
440,0.6,0.2,0.1,0,0,0,0,0.1,0.3,0.4,0.9
441,0.6,0.2,0.1,0,0,0,0,0.1,0.3,0.4,0.9
442,0.6,0.2,0.1,0,0,0,0,0.1,0.3,0.4,0.9
443,0.6,0.2,0.1,0,0,0,0,0.1,0.3,0.4,0.9
444,0.6,0.2,0.1,0,0,0,0,0.1,0.3,0.4,0.9
445,0.6,0.2,0.1,0,0,0,0,0.1,0.3,0.4,0.9
446,0.6,0.2,0.1,0,0,0,0,0.1,0.3,0.4,0.9
447,0.6,0.2,0.1,0,0,0,0,0.1,0.3,0.4,0.9
448,0.6,0.2,0.1,0,0,0,0,0.1,0.3,0.4,0.9
449,0.6,0.2,0.1,0,0,0,0,0.1,0.3,0.4,0.9
450,0.6,0.2,0.1,0,0,0,0,0.1,0.3,0.4,0.9
451,0.6,0.2,0.1,0,0,0,0,0.1,0.3,0.4,0.9
452,0.6,0.2,0.1,0,0,0,0,0.1,0.3,0.4,0.9
453,0.6,0.2,0.1,0,0,0,0,0.1,0.3,0.4,0.9
454,0.6,0.2,0.1,0,0,0,0,0.1,0.3,0.4,0.9
455,0.6,0.2,0.1,0,0,0,0,0.1,0.3,0.4,0.9
456,0.6,0.2,0.1,0,0,0,0,0.1,0.3,0.4,0.9
457,0.6,0.2,0.1,0,0,0,0,0.1,0.3,0.4,0.9
458,0.6,0.2,0.1,0,0,0,0,0.1,0.3,0.4,0.9
459,0.6,0.2,0.1,0,0,0,0,0.1,0.3,0.4,0.9
460,0.6,0.2,0.1,0,0,0,0,0.1,0.3,0.4,0.9
461,0.6,0.2,0.1,0,0,0,0,0.1,0.3,0.4,0.9
462,0.6,0.2,0.1,0,0,0,0,0.1,0.3,0.4,0.9
463,0.6,0.2,0.1,0,0,0,0,0.1,0.3,0.4,0.9
464,0.6,0.2,0.1,0,0,0,0,0.1,0.3,0.4,0.9
465,0.6,0.2,0.1,0,0,0,0,0.1,0.3,0.4,0.9
466,0.6,0.2,0.1,0,0,0,0,0.1,0.3,0.4,0.9
467,0.6,0.2,0.1,0,0,0,0,0.1,0.3,0.4,0.9
468,0.6,0.2,0.1,0,0,0,0,0.1,0.3,0.4,0.9
469,0.6,0.2,0.1,0,0,0,0,0.1,0.3,0.4,0.9
470,0.6,0.2,0.1,0,0,0,0,0.1,0.3,0.4,0.9
471,0.6,0.2,0.1,0,0,0,0,0.1,0.3,0.4,0.9
472,0.6,0.2,0.1,0,0,0,0,0.1,0.3,0.4,0.9
473,0.6,0.2,0.1,0,0,0,0,0.1,0.3,0.4,0.9
474,0.6,0.2,0.1,0,0,0,0,0.1,0.3,0.4,0.9
475,0.6,0.2,0.1,0,0,0,0,0.1,0.3,0.4,0.9
476,0.6,0.2,0.1,0,0,0,0,0.1,0.3,0.4,0.9
477,0.6,0.2,0.1,0,0,0,0,0.1,0.3,0.4,0.9
478,0.6,0.2,0.1,0,0,0,0,0.1,0.3,0.4,0.9
479,0.6,0.2,0.1,0,0,0,0,0.1,0.3,0.4,0.9
480,0.6,0.2,0.1,0,0,0,0,0.1,0.3,0.4,0.9
481,0.6,0.2,0.1,0,0,0,0,0.1,0.3,0.4,0.9
482,0.6,0.2,0.1,0,0,0,0,0.1,0.3,0.4,0.9
483,0.6,0.2,0.1,0,0,0,0,0.1,0.3,0.4,0.9
484,0.6,0.2,0.1,0,0,0,0,0.1,0.3,0.4,0.9
485,0.6,0.2,0.1,0,0,0,0,0.1,0.3,0.4,0.9
486,0.6,0.2,0.1,0,0,0,0,0.1,0.3,0.4,0.9
487,0.6,0.2,0.1,0,0,0,0,0.1,0.3,0.4,0.9
488,0.6,0.2,0.1,0,0,0,0,0.1,0.3,0.4,0.9
489,0.6,0.2,0.1,0,0,0,0,0.1,0.3,0.4,0.9
490,0.6,0.2,0.1,0,0,0,0,0.1,0.3,0.4,0.9
491,0.6,0.2,0.1,0,0,0,0,0.1,0.3,0.4,0.9
492,0.6,0.2,0.1,0,0,0,0,0.1,0.3,0.4,0.9
493,0.6,0.2,0.1,0,0,0,0,0.1,0.3,0.4,0.9
494,0.6,0.2,0.1,0,0,0,0,0.1,0.3,0.4,0.9
495,0.6,0.2,0.1,0,0,0,0,0.1,0.3,0.4,0.9
496,0.6,0.2,0.1,0,0,0,0,0.1,0.3,0.4,0.9
497,0.6,0.2,0.1,0,0,0,0,0.1,0.3,0.4,0.9
498,0.6,0.2,0.1,0,0,0,0,0.1,0.3,0.4,0.9
499,0.6,0.2,0.1,0,0,0,0,0.1,0.3,0.4,0.9
500,0.6,0.2,0.1,0,0,0,0,0.1,0.3,0.4,0.9
501,0.6,0.2,0.1,0,0,0,0,0.1,0.3,0.4,0.9
502,0.6,0.2,0.1,0,0,0,0,0.1,0.3,0.4,0.9
503,0.6,0.2,0.1,0,0,0,0,0.1,0.3,0.4,0.9
504,0.6,0.2,0.1,0,0,0,0,0.1,0.3,0.4,0.9
505,0.6,0.2,0.1,0,0,0,0,0.1,0.3,0.4,0.9
506,0.6,0.2,0.1,0,0,0,0,0.1,0.3,0.4,0.9
507,0.6,0.2,0.1,0,0,0,0,0.1,0.3,0.4,0.9
508,0.6,0.2,0.1,0,0,0,0,0.1,0.3,0.4,0.9
509,0.6,0.2,0.1,0,0,0,0,0.1,0.3,0.4,0.9
510,0.6,0.2,0.1,0,0,0,0,0.1,0.3,0.4,0.9
511,0.6,0.2,0.1,0,0,0,0,0.1,0.3,0.4,0.9
512,0.6,0.2,0.1,0,0,0,0,0.1,0.3,0.4,0.9
513,0.6,0.2,0.1,0,0,0,0,0.1,0.3,0.4,0.9
514,0.6,0.2,0.1,0,0,0,0,0.1,0.3,0.4,0.9
515,0.6,0.2,0.1,0,0,0,0,0.1,0.3,0.4,0.9
516,0.6,0.2,0.1,0,0,0,0,0.1,0.3,0.4,0.9
517,0.6,0.2,0.1,0,0,0,0,0.1,0.3,0.4,0.9
518,0.6,0.2,0.1,0,0,0,0,0.1,0.3,0.4,0.9
519,0.6,0.2,0.1,0,0,0,0,0.1,0.3,0.4,0.9
520,0.6,0.2,0.1,0,0,0,0,0.1,0.3,0.4,0.9
521,0.6,0.2,0.1,0,0,0,0,0.1,0.3,0.4,0.9
522,0.6,0.2,0.1,0,0,0,0,0.1,0.3,0.4,0.9
523,0.6,0.2,0.1,0,0,0,0,0.1,0.3,0.4,0.9
524,0.6,0.2,0.1,0,0,0,0,0.1,0.3,0.4,0.9
525,0.6,0.2,0.1,0,0,0,0,0.1,0.3,0.4,0.9
526,0.6,0.2,0.1,0,0,0,0,0.1,0.3,0.4,0.9
527,0.6,0.2,0.1,0,0,0,0,0.1,0.3,0.4,0.9
528,0.6,0.2,0.1,0,0,0,0,0.1,0.3,0.4,0.9
529,0.6,0.2,0.1,0,0,0,0,0.1,0.3,0.4,0.9
530,0.6,0.2,0.1,0,0,0,0,0.1,0.3,0.4,0.9
531,0.6,0.2,0.1,0,0,0,0,0.1,0.3,0.4,0.9
532,0.6,0.2,0.1,0,0,0,0,0.1,0.3,0.4,0.9
533,0.6,0.2,0.1,0,0,0,0,0.1,0.3,0.4,0.9
534,0.6,0.2,0.1,0,0,0,0,0.1,0.3,0.4,0.9
535,0.6,0.2,0.1,0,0,0,0,0.1,0.3,0.4,0.9
536,0.6,0.2,0.1,0,0,0,0,0.1,0.3,0.4,0.9
537,0.6,0.2,0.1,0,0,0,0,0.1,0.3,0.4,0.9
538,0.6,0.2,0.1,0,0,0,0,0.1,0.3,0.4,0.9
539,0.6,0.2,0.1,0,0,0,0,0.1,0.3,0.4,0.9
540,0.6,0.2,0.1,0,0,0,0,0.1,0.3,0.4,0.9
541,0.6,0.2,0.1,0,0,0,0,0.1,0.3,0.4,0.9
542,0.6,0.2,0.1,0,0,0,0,0.1,0.3,0.4,0.9
543,0.6,0.2,0.1,0,0,0,0,0.1,0.3,0.4,0.9
544,0.6,0.2,0.1,0,0,0,0,0.1,0.3,0.4,0.9
545,0.6,0.2,0.1,0,0,0,0,0.1,0.3,0.4,0.9
546,0.6,0.2,0.1,0,0,0,0,0.1,0.3,0.4,0.9
547,0.6,0.2,0.1,0,0,0,0,0.1,0.3,0.4,0.9
548,0.6,0.2,0.1,0,0,0,0,0.1,0.3,0.4,0.9
549,0.6,0.2,0.1,0,0,0,0,0.1,0.3,0.4,0.9
550,0.6,0.2,0.1,0,0,0,0,0.1,0.3,0.4,0.9
551,0.6,0.2,0.1,0,0,0,0,0.1,0.3,0.4,0.9
552,0.6,0.2,0.1,0,0,0,0,0.1,0.3,0.4,0.9
553,0.6,0.2,0.1,0,0,0,0,0.1,0.3,0.4,0.9
554,0.6,0.2,0.1,0,0,0,0,0.1,0.3,0.4,0.9
555,0.6,0.2,0.1,0,0,0,0,0.1,0.3,0.4,0.9
556,0.6,0.2,0.1,0,0,0,0,0.1,0.3,0.4,0.9
557,0.6,0.2,0.1,0,0,0,0,0.1,0.3,0.4,0.9
558,0.6,0.2,0.1,0,0,0,0,0.1,0.3,0.4,0.9
559,0.6,0.2,0.1,0,0,0,0,0.1,0.3,0.4,0.9
560,0.6,0.2,0.1,0,0,0,0,0.1,0.3,0.4,0.9
561,0.6,0.2,0.1,0,0,0,0,0.1,0.3,0.4,0.9
562,0.6,0.2,0.1,0,0,0,0,0.1,0.3,0.4,0.9
563,0.6,0.2,0.1,0,0,0,0,0.1,0.3,0.4,0.9
564,0.6,0.2,0.1,0,0,0,0,0.1,0.3,0.4,0.9
565,0.6,0.2,0.1,0,0,0,0,0.1,0.3,0.4,0.9
566,0.6,0.2,0.1,0,0,0,0,0.1,0.3,0.4,0.9
567,0.6,0.2,0.1,0,0,0,0,0.1,0.3,0.4,0.9
568,0.6,0.2,0.1,0,0,0,0,0.1,0.3,0.4,0.9
569,0.6,0.2,0.1,0,0,0,0,0.1,0.3,0.4,0.9
570,0.6,0.2,0.1,0,0,0,0,0.1,0.3,0.4,0.9
571,0.6,0.2,0.1,0,0,0,0,0.1,0.3,0.4,0.9
572,0.6,0.2,0.1,0,0,0,0,0.1,0.3,0.4,0.9
573,0.6,0.2,0.1,0,0,0,0,0.1,0.3,0.4,0.9
574,0.6,0.2,0.1,0,0,0,0,0.1,0.3,0.4,0.9
575,0.6,0.2,0.1,0,0,0,0,0.1,0.3,0.4,0.9
576,0.6,0.2,0.1,0,0,0,0,0.1,0.3,0.4,0.9
577,0.6,0.2,0.1,0,0,0,0,0.1,0.3,0.4,0.9
578,0.6,0.2,0.1,0,0,0,0,0.1,0.3,0.4,0.9
579,0.6,0.2,0.1,0,0,0,0,0.1,0.3,0.4,0.9
580,0.6,0.2,0.1,0,0,0,0,0.1,0.3,0.4,0.9
581,0.6,0.2,0.1,0,0,0,0,0.1,0.3,0.4,0.9
582,0.6,0.2,0.1,0,0,0,0,0.1,0.3,0.4,0.9
583,0.6,0.2,0.1,0,0,0,0,0.1,0.3,0.4,0.9
584,0.6,0.2,0.1,0,0,0,0,0.1,0.3,0.4,0.9
585,0.6,0.2,0.1,0,0,0,0,0.1,0.3,0.4,0.9
586,0.6,0.2,0.1,0,0,0,0,0.1,0.3,0.4,0.9
587,0.6,0.2,0.1,0,0,0,0,0.1,0.3,0.4,0.9
588,0.6,0.2,0.1,0,0,0,0,0.1,0.3,0.4,0.9
589,0.6,0.2,0.1,0,0,0,0,0.1,0.3,0.4,0.9
590,0.6,0.2,0.1,0,0,0,0,0.1,0.3,0.4,0.9
591,0.6,0.2,0.1,0,0,0,0,0.1,0.3,0.4,0.9
592,0.6,0.2,0.1,0,0,0,0,0.1,0.3,0.4,0.9
593,0.6,0.2,0.1,0,0,0,0,0.1,0.3,0.4,0.9
594,0.6,0.2,0.1,0,0,0,0,0.1,0.3,0.4,0.9
595,0.6,0.2,0.1,0,0,0,0,0.1,0.3,0.4,0.9
596,0.6,0.2,0.1,0,0,0,0,0.1,0.3,0.4,0.9
597,0.6,0.2,0.1,0,0,0,0,0.1,0.3,0.4,0.9
598,0.6,0.2,0.1,0,0,0,0,0.1,0.3,0.4,0.9
599,0.6,0.2,0.1,0,0,0,0,0.1,0.3,0.4,0.9
600,0.6,0.2,0.1,0,0,0,0,0.1,0.3,0.4,0.9
601,0.6,0.2,0.1,0,0,0,0,0.1,0.3,0.4,0.9
602,0.6,0.2,0.1,0,0,0,0,0.1,0.3,0.4,0.9
603,0.6,0.2,0.1,0,0,0,0,0.1,0.3,0.4,0.9
604,0.6,0.2,0.1,0,0,0,0,0.1,0.3,0.4,0.9
605,0.6,0.2,0.1,0,0,0,0,0.1,0.3,0.4,0.9
606,0.6,0.2,0.1,0,0,0,0,0.1,0.3,0.4,0.9
607,0.6,0.2,0.1,0,0,0,0,0.1,0.3,0.4,0.9
608,0.6,0.2,0.1,0,0,0,0,0.1,0.3,0.4,0.9
609,0.6,0.2,0.1,0,0,0,0,0.1,0.3,0.4,0.9
610,0.6,0.2,0.1,0,0,0,0,0.1,0.3,0.4,0.9
611,0.6,0.2,0.1,0,0,0,0,0.1,0.3,0.4,0.9
612,0.6,0.2,0.1,0,0,0,0,0.1,0.3,0.4,0.9
613,0.6,0.2,0.1,0,0,0,0,0.1,0.3,0.4,0.9
614,0.6,0.2,0.1,0,0,0,0,0.1,0.3,0.4,0.9
615,0.6,0.2,0.1,0,0,0,0,0.1,0.3,0.4,0.9
616,0.6,0.2,0.1,0,0,0,0,0.1,0.3,0.4,0.9
617,0.6,0.2,0.1,0,0,0,0,0.1,0.3,0.4,0.9
618,0.6,0.2,0.1,0,0,0,0,0.1,0.3,0.4,0.9
619,0.6,0.2,0.1,0,0,0,0,0.1,0.3,0.4,0.9
620,0.6,0.2,0.1,0,0,0,0,0.1,0.3,0.4,0.9
621,0.6,0.2,0.1,0,0,0,0,0.1,0.3,0.4,0.9
622,0.6,0.2,0.1,0,0,0,0,0.1,0.3,0.4,0.9
623,0.6,0.2,0.1,0,0,0,0,0.1,0.3,0.4,0.9
624,0.6,0.2,0.1,0,0,0,0,0.1,0.3,0.4,0.9
625,0.6,0.2,0.1,0,0,0,0,0.1,0.3,0.4,0.9
626,0.6,0.2,0.1,0,0,0,0,0.1,0.3,0.4,0.9
627,0.6,0.2,0.1,0,0,0,0,0.1,0.3,0.4,0.9
628,0.6,0.2,0.1,0,0,0,0,0.1,0.3,0.4,0.9
629,0.6,0.2,0.1,0,0,0,0,0.1,0.3,0.4,0.9
630,0.6,0.2,0.1,0,0,0,0,0.1,0.3,0.4,0.9
631,0.6,0.2,0.1,0,0,0,0,0.1,0.3,0.4,0.9
632,0.6,0.2,0.1,0,0,0,0,0.1,0.3,0.4,0.9
633,0.6,0.2,0.1,0,0,0,0,0.1,0.3,0.4,0.9
634,0.6,0.2,0.1,0,0,0,0,0.1,0.3,0.4,0.9
635,0.6,0.2,0.1,0,0,0,0,0.1,0.3,0.4,0.9
636,0.6,0.2,0.1,0,0,0,0,0.1,0.3,0.4,0.9
637,0.6,0.2,0.1,0,0,0,0,0.1,0.3,0.4,0.9
638,0.6,0.2,0.1,0,0,0,0,0.1,0.3,0.4,0.9
639,0.6,0.2,0.1,0,0,0,0,0.1,0.3,0.4,0.9
640,0.6,0.2,0.1,0,0,0,0,0.1,0.3,0.4,0.9
641,0.6,0.2,0.1,0,0,0,0,0.1,0.3,0.4,0.9
642,0.6,0.2,0.1,0,0,0,0,0.1,0.3,0.4,0.9
643,0.6,0.2,0.1,0,0,0,0,0.1,0.3,0.4,0.9
644,0.6,0.2,0.1,0,0,0,0,0.1,0.3,0.4,0.9
645,0.6,0.2,0.1,0,0,0,0,0.1,0.3,0.4,0.9
646,0.6,0.2,0.1,0,0,0,0,0.1,0.3,0.4,0.9
647,0.6,0.2,0.1,0,0,0,0,0.1,0.3,0.4,0.9
648,0.6,0.2,0.1,0,0,0,0,0.1,0.3,0.4,0.9
649,0.6,0.2,0.1,0,0,0,0,0.1,0.3,0.4,0.9
650,0.6,0.2,0.1,0,0,0,0,0.1,0.3,0.4,0.9
651,0.6,0.2,0.1,0,0,0,0,0.1,0.3,0.4,0.9
652,0.6,0.2,0.1,0,0,0,0,0.1,0.3,0.4,0.9
653,0.6,0.2,0.1,0,0,0,0,0.1,0.3,0.4,0.9
654,0.6,0.2,0.1,0,0,0,0,0.1,0.3,0.4,0.9
655,0.6,0.2,0.1,0,0,0,0,0.1,0.3,0.4,0.9
656,0.6,0.2,0.1,0,0,0,0,0.1,0.3,0.4,0.9
657,0.6,0.2,0.1,0,0,0,0,0.1,0.3,0.4,0.9
658,0.6,0.2,0.1,0,0,0,0,0.1,0.3,0.4,0.9
659,0.6,0.2,0.1,0,0,0,0,0.1,0.3,0.4,0.9
660,0.6,0.2,0.1,0,0,0,0,0.1,0.3,0.4,0.9
661,0.6,0.2,0.1,0,0,0,0,0.1,0.3,0.4,0.9
662,0.6,0.2,0.1,0,0,0,0,0.1,0.3,0.4,0.9
663,0.6,0.2,0.1,0,0,0,0,0.1,0.3,0.4,0.9
664,0.6,0.2,0.1,0,0,0,0,0.1,0.3,0.4,0.9
665,0.6,0.2,0.1,0,0,0,0,0.1,0.3,0.4,0.9
666,0.6,0.2,0.1,0,0,0,0,0.1,0.3,0.4,0.9
667,0.6,0.2,0.1,0,0,0,0,0.1,0.3,0.4,0.9
668,0.6,0.2,0.1,0,0,0,0,0.1,0.3,0.4,0.9
669,0.6,0.2,0.1,0,0,0,0,0.1,0.3,0.4,0.9
670,0.6,0.2,0.1,0,0,0,0,0.1,0.3,0.4,0.9
671,0.6,0.2,0.1,0,0,0,0,0.1,0.3,0.4,0.9
672,0.6,0.2,0.1,0,0,0,0,0.1,0.3,0.4,0.9
673,0.6,0.2,0.1,0,0,0,0,0.1,0.3,0.4,0.9
674,0.6,0.2,0.1,0,0,0,0,0.1,0.3,0.4,0.9
675,0.6,0.2,0.1,0,0,0,0,0.1,0.3,0.4,0.9
676,0.6,0.2,0.1,0,0,0,0,0.1,0.3,0.4,0.9
677,0.6,0.2,0.1,0,0,0,0,0.1,0.3,0.4,0.9
678,0.6,0.2,0.1,0,0,0,0,0.1,0.3,0.4,0.9
679,0.6,0.2,0.1,0,0,0,0,0.1,0.3,0.4,0.9
680,0.6,0.2,0.1,0,0,0,0,0.1,0.3,0.4,0.9
681,0.6,0.2,0.1,0,0,0,0,0.1,0.3,0.4,0.9
682,0.6,0.2,0.1,0,0,0,0,0.1,0.3,0.4,0.9
683,0.6,0.2,0.1,0,0,0,0,0.1,0.3,0.4,0.9
684,0.6,0.2,0.1,0,0,0,0,0.1,0.3,0.4,0.9
685,0.6,0.2,0.1,0,0,0,0,0.1,0.3,0.4,0.9
686,0.6,0.2,0.1,0,0,0,0,0.1,0.3,0.4,0.9
687,0.6,0.2,0.1,0,0,0,0,0.1,0.3,0.4,0.9
688,0.6,0.2,0.1,0,0,0,0,0.1,0.3,0.4,0.9
689,0.6,0.2,0.1,0,0,0,0,0.1,0.3,0.4,0.9
690,0.6,0.2,0.1,0,0,0,0,0.1,0.3,0.4,0.9
691,0.6,0.2,0.1,0,0,0,0,0.1,0.3,0.4,0.9
692,0.6,0.2,0.1,0,0,0,0,0.1,0.3,0.4,0.9
693,0.6,0.2,0.1,0,0,0,0,0.1,0.3,0.4,0.9
694,0.6,0.2,0.1,0,0,0,0,0.1,0.3,0.4,0.9
695,0.6,0.2,0.1,0,0,0,0,0.1,0.3,0.4,0.9
696,0.6,0.2,0.1,0,0,0,0,0.1,0.3,0.4,0.9
697,0.6,0.2,0.1,0,0,0,0,0.1,0.3,0.4,0.9
698,0.6,0.2,0.1,0,0,0,0,0.1,0.3,0.4,0.9
699,0.6,0.2,0.1,0,0,0,0,0.1,0.3,0.4,0.9
700,0.6,0.2,0.1,0,0,0,0,0.1,0.3,0.4,0.9
701,0.6,0.2,0.1,0,0,0,0,0.1,0.3,0.4,0.9
702,0.6,0.2,0.1,0,0,0,0,0.1,0.3,0.4,0.9
703,0.6,0.2,0.1,0,0,0,0,0.1,0.3,0.4,0.9
704,0.6,0.2,0.1,0,0,0,0,0.1,0.3,0.4,0.9
705,0.6,0.2,0.1,0,0,0,0,0.1,0.3,0.4,0.9
706,0.6,0.2,0.1,0,0,0,0,0.1,0.3,0.4,0.9
707,0.6,0.2,0.1,0,0,0,0,0.1,0.3,0.4,0.9
708,0.6,0.2,0.1,0,0,0,0,0.1,0.3,0.4,0.9
709,0.6,0.2,0.1,0,0,0,0,0.1,0.3,0.4,0.9
710,0.6,0.2,0.1,0,0,0,0,0.1,0.3,0.4,0.9
711,0.6,0.2,0.1,0,0,0,0,0.1,0.3,0.4,0.9
712,0.6,0.2,0.1,0,0,0,0,0.1,0.3,0.4,0.9
713,0.6,0.2,0.1,0,0,0,0,0.1,0.3,0.4,0.9
714,0.6,0.2,0.1,0,0,0,0,0.1,0.3,0.4,0.9
715,0.6,0.2,0.1,0,0,0,0,0.1,0.3,0.4,0.9
716,0.6,0.2,0.1,0,0,0,0,0.1,0.3,0.4,0.9
717,0.6,0.2,0.1,0,0,0,0,0.1,0.3,0.4,0.9
718,0.6,0.2,0.1,0,0,0,0,0.1,0.3,0.4,0.9
719,0.6,0.2,0.1,0,0,0,0,0.1,0.3,0.4,0.9
720,0.6,0.2,0.1,0,0,0,0,0.1,0.3,0.4,0.9
721,0.6,0.2,0.1,0,0,0,0,0.1,0.3,0.4,0.9
722,0.6,0.2,0.1,0,0,0,0,0.1,0.3,0.4,0.9
723,0.6,0.2,0.1,0,0,0,0,0.1,0.3,0.4,0.9
724,0.6,0.2,0.1,0,0,0,0,0.1,0.3,0.4,0.9
725,0.6,0.2,0.1,0,0,0,0,0.1,0.3,0.4,0.9
726,0.6,0.2,0.1,0,0,0,0,0.1,0.3,0.4,0.9
727,0.6,0.2,0.1,0,0,0,0,0.1,0.3,0.4,0.9
728,0.6,0.2,0.1,0,0,0,0,0.1,0.3,0.4,0.9
729,0.6,0.2,0.1,0,0,0,0,0.1,0.3,0.4,0.9
730,0.6,0.2,0.1,0,0,0,0,0.1,0.3,0.4,0.9
731,0.6,0.2,0.1,0,0,0,0,0.1,0.3,0.4,0.9
732,0.6,0.2,0.1,0,0,0,0,0.1,0.3,0.4,0.9
733,0.6,0.2,0.1,0,0,0,0,0.1,0.3,0.4,0.9
734,0.6,0.2,0.1,0,0,0,0,0.1,0.3,0.4,0.9
735,0.6,0.2,0.1,0,0,0,0,0.1,0.3,0.4,0.9
736,0.6,0.2,0.1,0,0,0,0,0.1,0.3,0.4,0.9
737,0.6,0.2,0.1,0,0,0,0,0.1,0.3,0.4,0.9
738,0.6,0.2,0.1,0,0,0,0,0.1,0.3,0.4,0.9
739,0.6,0.2,0.1,0,0,0,0,0.1,0.3,0.4,0.9
740,0.6,0.2,0.1,0,0,0,0,0.1,0.3,0.4,0.9
741,0.6,0.2,0.1,0,0,0,0,0.1,0.3,0.4,0.9
742,0.6,0.2,0.1,0,0,0,0,0.1,0.3,0.4,0.9
743,0.6,0.2,0.1,0,0,0,0,0.1,0.3,0.4,0.9
744,0.6,0.2,0.1,0,0,0,0,0.1,0.3,0.4,0.9
745,0.6,0.2,0.1,0,0,0,0,0.1,0.3,0.4,0.9
746,0.6,0.2,0.1,0,0,0,0,0.1,0.3,0.4,0.9
747,0.6,0.2,0.1,0,0,0,0,0.1,0.3,0.4,0.9
748,0.6,0.2,0.1,0,0,0,0,0.1,0.3,0.4,0.9
749,0.6,0.2,0.1,0,0,0,0,0.1,0.3,0.4,0.9
750,0.6,0.2,0.1,0,0,0,0,0.1,0.3,0.4,0.9
751,0.6,0.2,0.1,0,0,0,0,0.1,0.3,0.4,0.9
752,0.6,0.2,0.1,0,0,0,0,0.1,0.3,0.4,0.9
753,0.6,0.2,0.1,0,0,0,0,0.1,0.3,0.4,0.9
754,0.6,0.2,0.1,0,0,0,0,0.1,0.3,0.4,0.9
755,0.6,0.2,0.1,0,0,0,0,0.1,0.3,0.4,0.9
756,0.6,0.2,0.1,0,0,0,0,0.1,0.3,0.4,0.9
757,0.6,0.2,0.1,0,0,0,0,0.1,0.3,0.4,0.9
758,0.6,0.2,0.1,0,0,0,0,0.1,0.3,0.4,0.9
759,0.6,0.2,0.1,0,0,0,0,0.1,0.3,0.4,0.9
760,0.6,0.2,0.1,0,0,0,0,0.1,0.3,0.4,0.9
761,0.6,0.2,0.1,0,0,0,0,0.1,0.3,0.4,0.9
762,0.6,0.2,0.1,0,0,0,0,0.1,0.3,0.4,0.9
763,0.6,0.2,0.1,0,0,0,0,0.1,0.3,0.4,0.9
764,0.6,0.2,0.1,0,0,0,0,0.1,0.3,0.4,0.9
765,0.6,0.2,0.1,0,0,0,0,0.1,0.3,0.4,0.9
766,0.6,0.2,0.1,0,0,0,0,0.1,0.3,0.4,0.9
767,0.6,0.2,0.1,0,0,0,0,0.1,0.3,0.4,0.9
768,0.6,0.2,0.1,0,0,0,0,0.1,0.3,0.4,0.9
769,0.6,0.2,0.1,0,0,0,0,0.1,0.3,0.4,0.9
770,0.6,0.2,0.1,0,0,0,0,0.1,0.3,0.4,0.9
771,0.6,0.2,0.1,0,0,0,0,0.1,0.3,0.4,0.9
772,0.6,0.2,0.1,0,0,0,0,0.1,0.3,0.4,0.9
773,0.6,0.2,0.1,0,0,0,0,0.1,0.3,0.4,0.9
774,0.6,0.2,0.1,0,0,0,0,0.1,0.3,0.4,0.9
775,0.6,0.2,0.1,0,0,0,0,0.1,0.3,0.4,0.9
776,0.6,0.2,0.1,0,0,0,0,0.1,0.3,0.4,0.9
777,0.6,0.2,0.1,0,0,0,0,0.1,0.3,0.4,0.9
778,0.6,0.2,0.1,0,0,0,0,0.1,0.3,0.4,0.9
779,0.6,0.2,0.1,0,0,0,0,0.1,0.3,0.4,0.9
780,0.6,0.2,0.1,0,0,0,0,0.1,0.3,0.4,0.9
781,0.6,0.2,0.1,0,0,0,0,0.1,0.3,0.4,0.9
782,0.6,0.2,0.1,0,0,0,0,0.1,0.3,0.4,0.9
783,0.6,0.2,0.1,0,0,0,0,0.1,0.3,0.4,0.9
784,0.6,0.2,0.1,0,0,0,0,0.1,0.3,0.4,0.9
785,0.6,0.2,0.1,0,0,0,0,0.1,0.3,0.4,0.9
786,0.6,0.2,0.1,0,0,0,0,0.1,0.3,0.4,0.9
787,0.6,0.2,0.1,0,0,0,0,0.1,0.3,0.4,0.9
788,0.6,0.2,0.1,0,0,0,0,0.1,0.3,0.4,0.9
789,0.6,0.2,0.1,0,0,0,0,0.1,0.3,0.4,0.9
790,0.6,0.2,0.1,0,0,0,0,0.1,0.3,0.4,0.9
791,0.6,0.2,0.1,0,0,0,0,0.1,0.3,0.4,0.9
792,0.6,0.2,0.1,0,0,0,0,0.1,0.3,0.4,0.9
793,0.6,0.2,0.1,0,0,0,0,0.1,0.3,0.4,0.9
794,0.6,0.2,0.1,0,0,0,0,0.1,0.3,0.4,0.9
795,0.6,0.2,0.1,0,0,0,0,0.1,0.3,0.4,0.9
796,0.6,0.2,0.1,0,0,0,0,0.1,0.3,0.4,0.9
797,0.6,0.2,0.1,0,0,0,0,0.1,0.3,0.4,0.9
798,0.6,0.2,0.1,0,0,0,0,0.1,0.3,0.4,0.9
799,0.6,0.2,0.1,0,0,0,0,0.1,0.3,0.4,0.9
800,0.6,0.2,0.1,0,0,0,0,0.1,0.3,0.4,0.9
801,0.6,0.2,0.1,0,0,0,0,0.1,0.3,0.4,0.9
802,0.6,0.2,0.1,0,0,0,0,0.1,0.3,0.4,0.9
803,0.6,0.2,0.1,0,0,0,0,0.1,0.3,0.4,0.9
804,0.6,0.2,0.1,0,0,0,0,0.1,0.3,0.4,0.9
805,0.6,0.2,0.1,0,0,0,0,0.1,0.3,0.4,0.9
806,0.6,0.2,0.1,0,0,0,0,0.1,0.3,0.4,0.9
807,0.6,0.2,0.1,0,0,0,0,0.1,0.3,0.4,0.9
808,0.6,0.2,0.1,0,0,0,0,0.1,0.3,0.4,0.9
809,0.6,0.2,0.1,0,0,0,0,0.1,0.3,0.4,0.9
810,0.6,0.2,0.1,0,0,0,0,0.1,0.3,0.4,0.9
811,0.6,0.2,0.1,0,0,0,0,0.1,0.3,0.4,0.9
812,0.6,0.2,0.1,0,0,0,0,0.1,0.3,0.4,0.9
813,0.6,0.2,0.1,0,0,0,0,0.1,0.3,0.4,0.9
814,0.6,0.2,0.1,0,0,0,0,0.1,0.3,0.4,0.9
815,0.6,0.2,0.1,0,0,0,0,0.1,0.3,0.4,0.9
816,0.6,0.2,0.1,0,0,0,0,0.1,0.3,0.4,0.9
817,0.6,0.2,0.1,0,0,0,0,0.1,0.3,0.4,0.9
818,0.6,0.2,0.1,0,0,0,0,0.1,0.3,0.4,0.9
819,0.6,0.2,0.1,0,0,0,0,0.1,0.3,0.4,0.9
820,0.6,0.2,0.1,0,0,0,0,0.1,0.3,0.4,0.9
821,0.6,0.2,0.1,0,0,0,0,0.1,0.3,0.4,0.9
822,0.6,0.2,0.1,0,0,0,0,0.1,0.3,0.4,0.9
823,0.6,0.2,0.1,0,0,0,0,0.1,0.3,0.4,0.9
824,0.6,0.2,0.1,0,0,0,0,0.1,0.3,0.4,0.9
825,0.6,0.2,0.1,0,0,0,0,0.1,0.3,0.4,0.9
826,0.6,0.2,0.1,0,0,0,0,0.1,0.3,0.4,0.9
827,0.6,0.2,0.1,0,0,0,0,0.1,0.3,0.4,0.9
828,0.6,0.2,0.1,0,0,0,0,0.1,0.3,0.4,0.9
829,0.6,0.2,0.1,0,0,0,0,0.1,0.3,0.4,0.9
830,0.6,0.2,0.1,0,0,0,0,0.1,0.3,0.4,0.9
831,0.6,0.2,0.1,0,0,0,0,0.1,0.3,0.4,0.9
832,0.6,0.2,0.1,0,0,0,0,0.1,0.3,0.4,0.9
833,0.6,0.2,0.1,0,0,0,0,0.1,0.3,0.4,0.9
834,0.6,0.2,0.1,0,0,0,0,0.1,0.3,0.4,0.9
835,0.6,0.2,0.1,0,0,0,0,0.1,0.3,0.4,0.9
836,0.6,0.2,0.1,0,0,0,0,0.1,0.3,0.4,0.9
837,0.6,0.2,0.1,0,0,0,0,0.1,0.3,0.4,0.9
838,0.6,0.2,0.1,0,0,0,0,0.1,0.3,0.4,0.9
839,0.6,0.2,0.1,0,0,0,0,0.1,0.3,0.4,0.9
840,0.6,0.2,0.1,0,0,0,0,0.1,0.3,0.4,0.9
841,0.6,0.2,0.1,0,0,0,0,0.1,0.3,0.4,0.9
842,0.6,0.2,0.1,0,0,0,0,0.1,0.3,0.4,0.9
843,0.6,0.2,0.1,0,0,0,0,0.1,0.3,0.4,0.9
844,0.6,0.2,0.1,0,0,0,0,0.1,0.3,0.4,0.9
845,0.6,0.2,0.1,0,0,0,0,0.1,0.3,0.4,0.9
846,0.6,0.2,0.1,0,0,0,0,0.1,0.3,0.4,0.9
847,0.6,0.2,0.1,0,0,0,0,0.1,0.3,0.4,0.9
848,0.6,0.2,0.1,0,0,0,0,0.1,0.3,0.4,0.9
849,0.6,0.2,0.1,0,0,0,0,0.1,0.3,0.4,0.9
850,0.6,0.2,0.1,0,0,0,0,0.1,0.3,0.4,0.9
851,0.6,0.2,0.1,0,0,0,0,0.1,0.3,0.4,0.9
852,0.6,0.2,0.1,0,0,0,0,0.1,0.3,0.4,0.9
853,0.6,0.2,0.1,0,0,0,0,0.1,0.3,0.4,0.9
854,0.6,0.2,0.1,0,0,0,0,0.1,0.3,0.4,0.9
855,0.6,0.2,0.1,0,0,0,0,0.1,0.3,0.4,0.9
856,0.6,0.2,0.1,0,0,0,0,0.1,0.3,0.4,0.9
857,0.6,0.2,0.1,0,0,0,0,0.1,0.3,0.4,0.9
858,0.6,0.2,0.1,0,0,0,0,0.1,0.3,0.4,0.9
859,0.6,0.2,0.1,0,0,0,0,0.1,0.3,0.4,0.9
860,0.6,0.2,0.1,0,0,0,0,0.1,0.3,0.4,0.9
861,0.6,0.2,0.1,0,0,0,0,0.1,0.3,0.4,0.9
862,0.6,0.2,0.1,0,0,0,0,0.1,0.3,0.4,0.9
863,0.6,0.2,0.1,0,0,0,0,0.1,0.3,0.4,0.9
864,0.6,0.2,0.1,0,0,0,0,0.1,0.3,0.4,0.9
865,0.6,0.2,0.1,0,0,0,0,0.1,0.3,0.4,0.9
866,0.6,0.2,0.1,0,0,0,0,0.1,0.3,0.4,0.9
867,0.6,0.2,0.1,0,0,0,0,0.1,0.3,0.4,0.9
868,0.6,0.2,0.1,0,0,0,0,0.1,0.3,0.4,0.9
869,0.6,0.2,0.1,0,0,0,0,0.1,0.3,0.4,0.9
870,0.6,0.2,0.1,0,0,0,0,0.1,0.3,0.4,0.9
871,0.6,0.2,0.1,0,0,0,0,0.1,0.3,0.4,0.9
872,0.6,0.2,0.1,0,0,0,0,0.1,0.3,0.4,0.9
873,0.6,0.2,0.1,0,0,0,0,0.1,0.3,0.4,0.9
874,0.6,0.2,0.1,0,0,0,0,0.1,0.3,0.4,0.9
875,0.6,0.2,0.1,0,0,0,0,0.1,0.3,0.4,0.9
876,0.6,0.2,0.1,0,0,0,0,0.1,0.3,0.4,0.9
877,0.6,0.2,0.1,0,0,0,0,0.1,0.3,0.4,0.9
878,0.6,0.2,0.1,0,0,0,0,0.1,0.3,0.4,0.9
879,0.6,0.2,0.1,0,0,0,0,0.1,0.3,0.4,0.9
880,0.6,0.2,0.1,0,0,0,0,0.1,0.3,0.4,0.9
881,0.6,0.2,0.1,0,0,0,0,0.1,0.3,0.4,0.9
882,0.6,0.2,0.1,0,0,0,0,0.1,0.3,0.4,0.9
883,0.6,0.2,0.1,0,0,0,0,0.1,0.3,0.4,0.9
884,0.6,0.2,0.1,0,0,0,0,0.1,0.3,0.4,0.9
885,0.6,0.2,0.1,0,0,0,0,0.1,0.3,0.4,0.9
886,0.6,0.2,0.1,0,0,0,0,0.1,0.3,0.4,0.9
887,0.6,0.2,0.1,0,0,0,0,0.1,0.3,0.4,0.9
888,0.6,0.2,0.1,0,0,0,0,0.1,0.3,0.4,0.9
889,0.6,0.2,0.1,0,0,0,0,0.1,0.3,0.4,0.9
890,0.6,0.2,0.1,0,0,0,0,0.1,0.3,0.4,0.9
891,0.6,0.2,0.1,0,0,0,0,0.1,0.3,0.4,0.9
892,0.6,0.2,0.1,0,0,0,0,0.1,0.3,0.4,0.9
893,0.6,0.2,0.1,0,0,0,0,0.1,0.3,0.4,0.9
894,0.6,0.2,0.1,0,0,0,0,0.1,0.3,0.4,0.9
895,0.6,0.2,0.1,0,0,0,0,0.1,0.3,0.4,0.9
896,0.6,0.2,0.1,0,0,0,0,0.1,0.3,0.4,0.9
897,0.6,0.2,0.1,0,0,0,0,0.1,0.3,0.4,0.9
898,0.6,0.2,0.1,0,0,0,0,0.1,0.3,0.4,0.9
899,0.6,0.2,0.1,0,0,0,0,0.1,0.3,0.4,0.9
900,0.6,0.2,0.1,0,0,0,0,0.1,0.3,0.4,0.9
901,0.6,0.2,0.1,0,0,0,0,0.1,0.3,0.4,0.9
902,0.6,0.2,0.1,0,0,0,0,0.1,0.3,0.4,0.9
903,0.6,0.2,0.1,0,0,0,0,0.1,0.3,0.4,0.9
904,0.6,0.2,0.1,0,0,0,0,0.1,0.3,0.4,0.9
905,0.6,0.2,0.1,0,0,0,0,0.1,0.3,0.4,0.9
906,0.6,0.2,0.1,0,0,0,0,0.1,0.3,0.4,0.9
907,0.6,0.2,0.1,0,0,0,0,0.1,0.3,0.4,0.9
908,0.6,0.2,0.1,0,0,0,0,0.1,0.3,0.4,0.9
909,0.6,0.2,0.1,0,0,0,0,0.1,0.3,0.4,0.9
910,0.6,0.2,0.1,0,0,0,0,0.1,0.3,0.4,0.9
911,0.6,0.2,0.1,0,0,0,0,0.1,0.3,0.4,0.9
912,0.6,0.2,0.1,0,0,0,0,0.1,0.3,0.4,0.9
913,0.6,0.2,0.1,0,0,0,0,0.1,0.3,0.4,0.9
914,0.6,0.2,0.1,0,0,0,0,0.1,0.3,0.4,0.9
915,0.6,0.2,0.1,0,0,0,0,0.1,0.3,0.4,0.9
916,0.6,0.2,0.1,0,0,0,0,0.1,0.3,0.4,0.9
917,0.6,0.2,0.1,0,0,0,0,0.1,0.3,0.4,0.9
918,0.6,0.2,0.1,0,0,0,0,0.1,0.3,0.4,0.9
919,0.6,0.2,0.1,0,0,0,0,0.1,0.3,0.4,0.9
920,0.6,0.2,0.1,0,0,0,0,0.1,0.3,0.4,0.9
921,0.6,0.2,0.1,0,0,0,0,0.1,0.3,0.4,0.9
922,0.6,0.2,0.1,0,0,0,0,0.1,0.3,0.4,0.9
923,0.6,0.2,0.1,0,0,0,0,0.1,0.3,0.4,0.9
924,0.6,0.2,0.1,0,0,0,0,0.1,0.3,0.4,0.9
925,0.6,0.2,0.1,0,0,0,0,0.1,0.3,0.4,0.9
926,0.6,0.2,0.1,0,0,0,0,0.1,0.3,0.4,0.9
927,0.6,0.2,0.1,0,0,0,0,0.1,0.3,0.4,0.9
928,0.6,0.2,0.1,0,0,0,0,0.1,0.3,0.4,0.9
929,0.6,0.2,0.1,0,0,0,0,0.1,0.3,0.4,0.9
930,0.6,0.2,0.1,0,0,0,0,0.1,0.3,0.4,0.9
931,0.6,0.2,0.1,0,0,0,0,0.1,0.3,0.4,0.9
932,0.6,0.2,0.1,0,0,0,0,0.1,0.3,0.4,0.9
933,0.6,0.2,0.1,0,0,0,0,0.1,0.3,0.4,0.9
934,0.6,0.2,0.1,0,0,0,0,0.1,0.3,0.4,0.9
935,0.6,0.2,0.1,0,0,0,0,0.1,0.3,0.4,0.9
936,0.6,0.2,0.1,0,0,0,0,0.1,0.3,0.4,0.9
937,0.6,0.2,0.1,0,0,0,0,0.1,0.3,0.4,0.9
938,0.6,0.2,0.1,0,0,0,0,0.1,0.3,0.4,0.9
939,0.6,0.2,0.1,0,0,0,0,0.1,0.3,0.4,0.9
940,0.6,0.2,0.1,0,0,0,0,0.1,0.3,0.4,0.9
941,0.6,0.2,0.1,0,0,0,0,0.1,0.3,0.4,0.9
942,0.6,0.2,0.1,0,0,0,0,0.1,0.3,0.4,0.9
943,0.6,0.2,0.1,0,0,0,0,0.1,0.3,0.4,0.9
944,0.6,0.2,0.1,0,0,0,0,0.1,0.3,0.4,0.9
945,0.6,0.2,0.1,0,0,0,0,0.1,0.3,0.4,0.9
946,0.6,0.2,0.1,0,0,0,0,0.1,0.3,0.4,0.9
947,0.6,0.2,0.1,0,0,0,0,0.1,0.3,0.4,0.9
948,0.6,0.2,0.1,0,0,0,0,0.1,0.3,0.4,0.9
949,0.6,0.2,0.1,0,0,0,0,0.1,0.3,0.4,0.9
950,0.6,0.2,0.1,0,0,0,0,0.1,0.3,0.4,0.9
951,0.6,0.2,0.1,0,0,0,0,0.1,0.3,0.4,0.9
952,0.6,0.2,0.1,0,0,0,0,0.1,0.3,0.4,0.9
953,0.6,0.2,0.1,0,0,0,0,0.1,0.3,0.4,0.9
954,0.6,0.2,0.1,0,0,0,0,0.1,0.3,0.4,0.9
955,0.6,0.2,0.1,0,0,0,0,0.1,0.3,0.4,0.9
956,0.6,0.2,0.1,0,0,0,0,0.1,0.3,0.4,0.9
957,0.6,0.2,0.1,0,0,0,0,0.1,0.3,0.4,0.9
958,0.6,0.2,0.1,0,0,0,0,0.1,0.3,0.4,0.9
959,0.6,0.2,0.1,0,0,0,0,0.1,0.3,0.4,0.9
960,0.6,0.2,0.1,0,0,0,0,0.1,0.3,0.4,0.9
961,0.6,0.2,0.1,0,0,0,0,0.1,0.3,0.4,0.9
962,0.6,0.2,0.1,0,0,0,0,0.1,0.3,0.4,0.9
963,0.6,0.2,0.1,0,0,0,0,0.1,0.3,0.4,0.9
964,0.6,0.2,0.1,0,0,0,0,0.1,0.3,0.4,0.9
965,0.6,0.2,0.1,0,0,0,0,0.1,0.3,0.4,0.9
966,0.6,0.2,0.1,0,0,0,0,0.1,0.3,0.4,0.9
967,0.6,0.2,0.1,0,0,0,0,0.1,0.3,0.4,0.9
968,0.6,0.2,0.1,0,0,0,0,0.1,0.3,0.4,0.9
969,0.6,0.2,0.1,0,0,0,0,0.1,0.3,0.4,0.9
970,0.6,0.2,0.1,0,0,0,0,0.1,0.3,0.4,0.9
971,0.6,0.2,0.1,0,0,0,0,0.1,0.3,0.4,0.9
972,0.6,0.2,0.1,0,0,0,0,0.1,0.3,0.4,0.9
973,0.6,0.2,0.1,0,0,0,0,0.1,0.3,0.4,0.9
974,0.6,0.2,0.1,0,0,0,0,0.1,0.3,0.4,0.9
975,0.6,0.2,0.1,0,0,0,0,0.1,0.3,0.4,0.9
976,0.6,0.2,0.1,0,0,0,0,0.1,0.3,0.4,0.9
977,0.6,0.2,0.1,0,0,0,0,0.1,0.3,0.4,0.9
978,0.6,0.2,0.1,0,0,0,0,0.1,0.3,0.4,0.9
979,0.6,0.2,0.1,0,0,0,0,0.1,0.3,0.4,0.9
980,0.6,0.2,0.1,0,0,0,0,0.1,0.3,0.4,0.9
981,0.6,0.2,0.1,0,0,0,0,0.1,0.3,0.4,0.9
982,0.6,0.2,0.1,0,0,0,0,0.1,0.3,0.4,0.9
983,0.6,0.2,0.1,0,0,0,0,0.1,0.3,0.4,0.9
984,0.6,0.2,0.1,0,0,0,0,0.1,0.3,0.4,0.9
985,0.6,0.2,0.1,0,0,0,0,0.1,0.3,0.4,0.9
986,0.6,0.2,0.1,0,0,0,0,0.1,0.3,0.4,0.9
987,0.6,0.2,0.1,0,0,0,0,0.1,0.3,0.4,0.9
988,0.6,0.2,0.1,0,0,0,0,0.1,0.3,0.4,0.9
989,0.6,0.2,0.1,0,0,0,0,0.1,0.3,0.4,0.9
990,0.6,0.2,0.1,0,0,0,0,0.1,0.3,0.4,0.9
991,0.6,0.2,0.1,0,0,0,0,0.1,0.3,0.4,0.9
992,0.6,0.2,0.1,0,0,0,0,0.1,0.3,0.4,0.9
993,0.6,0.2,0.1,0,0,0,0,0.1,0.3,0.4,0.9
994,0.6,0.2,0.1,0,0,0,0,0.1,0.3,0.4,0.9
995,0.6,0.2,0.1,0,0,0,0,0.1,0.3,0.4,0.9
996,0.6,0.2,0.1,0,0,0,0,0.1,0.3,0.4,0.9
997,0.6,0.2,0.1,0,0,0,0,0.1,0.3,0.4,0.9
998,0.6,0.2,0.1,0,0,0,0,0.1,0.3,0.4,0.9
999,0.6,0.2,0.1,0,0,0,0,0.1,0.3,0.4,0.9
1000,0.6,0.2,0.1,0,0,0,0,0.1,0.3,0.4,0.9
1001,0.6,0.2,0.1,0,0,0,0,0.1,0.3,0.4,0.9
1002,0.6,0.2,0.1,0,0,0,0,0.1,0.3,0.4,0.9
1003,0.6,0.2,0.1,0,0,0,0,0.1,0.3,0.4,0.9
1004,0.6,0.2,0.1,0,0,0,0,0.1,0.2,0.4,0.9
1005,0.6,0.2,0.1,0,0,0,0,0.1,0.3,0.4,0.9
1006,0.6,0.2,0.1,0,0,0,0,0.1,0.3,0.4,0.9
1007,0.6,0.2,0.1,0,0,0,0,0.1,0.3,0.4,0.9
1008,0.6,0.2,0.1,0,0,0,0,0.1,0.3,0.4,0.9
1009,0.6,0.2,0.1,0,0,0,0,0.1,0.3,0.4,0.9
1010,0.6,0.2,0.1,0,0,0,0,0.1,0.3,0.4,0.9
1011,0.6,0.2,0.1,0,0,0,0,0.1,0.3,0.4,0.9
1012,0.6,0.2,0.1,0,0,0,0,0.1,0.3,0.4,0.9
1013,0.6,0.2,0.1,0,0,0,0,0.1,0.3,0.4,0.9
1014,0.6,0.2,0.1,0,0,0,0,0.1,0.3,0.4,0.9
1015,0.6,0.2,0.1,0,0,0,0,0.1,0.3,0.4,0.9
1016,0.6,0.2,0.1,0,0,0,0,0.1,0.3,0.4,0.9
1017,0.6,0.2,0.1,0,0,0,0,0.1,0.3,0.4,0.9
1018,0.6,0.2,0.1,0,0,0,0,0.1,0.3,0.4,0.9
1019,0.6,0.2,0.1,0,0,0,0,0.1,0.3,0.4,0.9
1020,0.6,0.2,0.1,0,0,0,0,0.1,0.3,0.4,0.9
1021,0.6,0.2,0.1,0,0,0,0,0.1,0.3,0.4,0.9
1022,0.6,0.2,0.1,0,0,0,0,0.1,0.3,0.4,0.9
1023,0.6,0.2,0.1,0,0,0,0,0.1,0.3,0.4,0.9
1024,0.6,0.2,0.1,0,0,0,0,0.1,0.3,0.4,0.9
1025,0.6,0.2,0.1,0,0,0,0,0.1,0.3,0.4,0.9
1026,0.6,0.2,0.1,0,0,0,0,0.1,0.3,0.4,0.9
1027,0.6,0.2,0.1,0,0,0,0,0.1,0.3,0.4,0.9
1028,0.6,0.2,0.1,0,0,0,0,0.1,0.3,0.4,0.9
1029,0.6,0.2,0.1,0,0,0,0,0.1,0.3,0.4,0.9
1030,0.6,0.2,0.1,0,0,0,0,0.1,0.3,0.4,0.9
1031,0.6,0.2,0.1,0,0,0,0,0.1,0.3,0.4,0.9
1032,0.6,0.2,0.1,0,0,0,0,0.1,0.3,0.4,0.9
1033,0.6,0.3,0.1,0,0,0,0,0.1,0.3,0.4,0.9
1034,0.6,0.2,0.1,0,0,0,0,0.1,0.3,0.4,0.9
1035,0.6,0.2,0.1,0,0,0,0,0.1,0.3,0.4,0.9
1036,0.6,0.2,0.1,0,0,0,0,0.1,0.3,0.4,0.9
1037,0.6,0.2,0.1,0,0,0,0,0.1,0.3,0.4,0.9
1038,0.6,0.2,0.1,0,0,0,0,0.1,0.3,0.4,0.9
1039,0.6,0.2,0.1,0,0,0,0,0.1,0.3,0.4,0.9
1040,0.6,0.2,0.1,0,0,0,0,0.1,0.3,0.4,0.9
1041,0.6,0.2,0.1,0,0,0,0,0.1,0.3,0.4,0.9
1042,0.6,0.2,0.1,0,0,0,0,0.1,0.3,0.4,0.9
1043,0.6,0.2,0.1,0,0,0,0,0.1,0.3,0.4,0.9
1044,0.6,0.2,0.1,0,0,0,0,0.1,0.3,0.4,0.9
1045,0.6,0.2,0.1,0,0,0,0,0.1,0.3,0.4,0.9
1046,0.6,0.2,0.1,0,0,0,0,0.1,0.3,0.4,0.9
1047,0.6,0.2,0.1,0,0,0,0,0.1,0.3,0.4,0.9
1048,0.6,0.2,0.1,0,0,0,0,0.1,0.3,0.4,0.9
1049,0.6,0.2,0.1,0,0,0,0,0.1,0.3,0.4,0.9
1050,0.6,0.2,0.1,0,0,0,0,0.1,0.3,0.4,0.9
1051,0.6,0.2,0.1,0,0,0,0,0.1,0.3,0.4,0.9
1052,0.6,0.2,0.1,0,0,0,0,0.1,0.3,0.4,0.9
1053,0.6,0.2,0.1,0,0,0,0,0.1,0.3,0.4,0.9
1054,0.6,0.2,0.1,0,0,0,0,0.1,0.3,0.4,0.9
1055,0.6,0.2,0.1,0,0,0,0,0.1,0.3,0.4,0.9
1056,0.6,0.2,0.1,0,0,0,0,0.1,0.3,0.4,0.9
1057,0.6,0.2,0.1,0,0,0,0,0.1,0.3,0.4,0.9
1058,0.6,0.2,0.1,0,0,0,0,0.1,0.3,0.4,0.9
1059,0.6,0,0.1,0,0,0,0,0.1,0.2,0.4,0.9
1060,0.6,0.2,0.1,0,0,0,0,0.1,0.3,0.4,0.9
1061,0.6,0.2,0.1,0,0,0,0,0.1,0.3,0.4,0.9
1062,0.6,0.2,0.1,0,0,0,0,0.1,0.3,0.4,0.9
1063,0.6,0.3,0.1,0,0,0,0.1,0.1,0.3,0.4,0.9
1064,0.6,0.3,0.1,0,0,0,0,0.1,0.3,0.4,0.9
1065,0.6,0.3,0.1,0,0,0,0,0.1,0.3,0.4,0.9
1066,0.6,0.3,0.1,0,0,0,0,0.1,0.3,0.4,0.9
1067,0.6,0.3,0.1,0,0,0,0,0.1,0.3,0.4,0.9
1068,0.6,0.3,0.1,0,0,0,0,0.1,0.3,0.4,0.9
1069,0.6,0.3,0.1,0,0,0,0,0.1,0.3,0.4,0.9
1070,0.6,0.3,0.1,0,0,0,0,0.1,0.3,0.4,0.9
1071,0.6,0.3,0.1,0,0,0,0,0.1,0.3,0.4,0.9
1072,0.6,0.3,0.1,0,0,0,0,0.1,0.3,0.4,0.9
1073,0.6,0.3,0.1,0,0,0,0,0.1,0.3,0.4,0.9
1074,0.6,0.3,0.1,0,0,0,0,0.1,0.2,0.4,0.9
1075,0.6,0.2,0.1,0,0,0,0,0.1,0.2,0.4,0.9
1076,0.6,0.2,0.1,0,0,0,0.1,0.1,0.2,0.4,0.9
1077,0.6,0.3,0.1,0,0,0,0.1,0.2,0.3,0.4,0.9
1078,0.6,0.2,0.1,0,0,0,0,0.1,0.3,0.4,0.9
1079,0.6,0.2,0.1,0,0,0,0.1,0.1,0.3,0.4,0.9
1080,0.6,0.2,0.1,0,0,0,0.1,0.1,0.3,0.4,0.9
1081,0.6,0.2,0.1,0,0,0,0,0.1,0.2,0.4,0.9
1082,0.6,0.2,0.1,0,0,0,0.1,0.1,0.2,0.4,0.9
1083,0.7,0.3,0.1,0,0,0,0.1,0.2,0.3,0.5,0.9
1084,0.7,0.3,0.1,0,0,0,0,0.1,0.3,0.4,0.9
1085,0.7,0.3,0.1,0,0,0,0,0.1,0.3,0.4,1
1086,0.8,0.3,0.1,0,0,0,0.1,0.2,0.3,0.5,1.1
1087,2.6,0.4,0.1,0,0,0,0,0.1,0.3,0.6,2.1
1088,2.5,2.3,1.3,1.5,0,0,1.5,1.4,1.1,2.3,2.5
1089,1.5,1.4,1.3,1.3,0,0,0,0,1.3,1.4,1.4
1090,2.3,1.3,1,0.9,-0.1,0,0.9,0.9,1,1.4,2.4
1091,1.9,0.9,0.5,0.2,0,0,0.1,0.3,0.6,1,2.1
1092,1.7,0.7,0.3,0.1,0,0,0.1,0.2,0.5,0.8,1.9
1093,1.5,0.6,0.3,0.1,0,0,0.1,0.2,0.4,0.8,1.7
1094,1.4,0.6,0.3,0.1,0,0,0.1,0.2,0.4,0.8,1.6
1095,1.4,0.6,0.3,0.1,0,0,0.1,0.2,0.4,0.8,1.6
1096,1.4,0.6,0.3,0.1,0,0,0.1,0.2,0.4,0.8,1.6
1097,1.4,0.6,0.3,0.1,0,0,0.1,0.2,0.4,0.8,1.6
1098,1.4,0.6,0.3,0.1,0,0,0.1,0.2,0.4,0.8,1.6
1099,1.4,0.6,0.3,0.1,0,0,0.1,0.2,0.4,0.8,1.6
1100,1.4,0.6,0.3,0.1,0,0,0.1,0.2,0.4,0.8,1.7
1101,1.4,0.6,0.3,0.1,0,0,0.1,0.2,0.4,0.8,1.7
1102,1.4,0.6,0.3,0.1,0,0,0.1,0.2,0.4,0.8,1.7
1103,1.4,0.6,0.3,0.1,0,0,0.1,0.2,0.4,0.8,1.7
1104,1.4,0.6,0.3,0.1,0,0,0.1,0.2,0.4,0.8,1.7
1105,1.4,0.6,0.3,0.1,0,0,0.1,0.2,0.4,0.8,1.7
1106,1.4,0.6,0.3,0.1,0,0,0.1,0.2,0.4,0.8,1.7
1107,1.4,0.6,0.3,0.1,0,0,0.1,0.2,0.4,0.8,1.7
1108,1.4,0.6,0.3,0.1,0,0,0.1,0.2,0.5,0.8,1.7
1109,1.4,0.6,0.3,0.1,0,0,0.1,0.2,0.5,0.8,1.7
1110,1.4,0.6,0.3,0.1,0,0,0.1,0.2,0.5,0.8,1.7
1111,8,0.6,0.3,0.1,0,0,0.1,0.2,0.5,0.8,7.9
1112,6.8,7,0.3,0.1,0,0,0.1,0.2,7,6.9,6.8
1113,5.6,5.8,5.8,5.9,0,0,5.9,5.8,5.8,5.7,5.6
1114,4.5,4.6,4.7,4.7,0,0,4.7,4.7,4.6,4.6,4.4
1115,3.3,3.4,3.5,3.5,0,0,3.5,3.5,3.5,3.4,3.2
1116,2.1,2.3,2.3,2.3,0,0,2.3,2.3,2.3,2.2,2.1
1117,6,1.1,1.1,1.2,0,0,1.2,1.1,1.1,1,-5.1
1118,0.9,-6.3,5,4.8,0,0,4.8,4.9,-9.2,-6,0.8
1119,-0.4,-0.2,-0.1,0,0,0,0,-0.1,-0.1,-0.2,-0.4
1120,-1.6,-1.4,-1.3,-1.3,-1.3,0,-1.3,-1.3,-1.4,-1.5,-1.7
1121,-2.9,-2.7,-2.6,-2.6,-2.5,0,-2.5,-2.6,-2.7,-2.7,-3
1122,1.4,-4,-3.9,-3.8,-3.8,0,-3.8,-3.9,-3.9,0.8,1.6
1123,1.4,0.6,0.3,0.1,0,0,0.1,0.2,0.4,0.8,1.6
1124,1.4,0.6,0.3,0.1,0,0,0.1,0.2,0.4,0.8,1.6
1125,1.4,0.6,0.3,0.1,0,0,0.1,0.2,0.4,0.8,1.6
1126,1.4,0.6,0.3,0.1,0,0,0.1,0.2,0.4,0.8,1.6
1127,1.4,0.6,0.3,0.1,0,0,0.1,0.2,0.4,0.8,1.6
1128,1.3,0.6,0.3,0.1,0,0,0.1,0.2,0.4,0.8,1.6
1129,1.3,0.6,0.3,0.1,0,0,0.1,0.2,0.4,0.8,1.6
1130,1.3,0.6,0.3,0.1,0,0,0.1,0.2,0.4,0.8,1.6
1131,1.3,0.6,0.3,0.1,0,0,0.1,0.2,0.4,0.8,1.6
1132,1.3,0.6,0.3,0.1,0,0,0.1,0.2,0.4,0.8,1.6
1133,1.3,0.6,0.3,0.1,0,0,0.1,0.2,0.4,0.7,1.6
1134,1.3,0.6,0.3,0.1,0,0,0.1,0.2,0.4,0.7,1.6
1135,1.3,0.6,0.3,0.1,0,0,0.1,0.2,0.4,0.7,1.6
1136,1.3,0.6,0.3,0.1,0,0,0.1,0.2,0.4,0.7,1.6
1137,1.3,0.6,0.3,0.1,0,0,0.1,0.2,0.4,0.7,1.6
1138,1.3,0.6,0.3,0.1,0,0,0.1,0.2,0.4,0.7,1.6
1139,1.3,0.6,0.3,0.1,0,0,0.1,0.2,0.4,0.7,1.6
1140,1.3,0.5,0.3,0.1,0,0,0.1,0.2,0.4,0.7,1.6
1141,1.3,0.5,0.3,0.1,0,0,0.1,0.2,0.4,0.7,1.6
1142,29.8,0.5,0.3,0.1,0,0,0.1,0.2,0.4,0.7,29.7
1143,28.5,28.8,28.8,28.9,0,0,28.9,28.9,28.8,28.7,28.4
1144,27.1,27.4,27.5,27.6,0,0,27.6,27.5,27.4,27.3,27
1145,25.7,26,26.1,26.2,0,0,26.2,26.2,26.1,26,25.5
1146,24.2,24.5,24.7,24.8,0,0,24.8,24.7,24.6,24.4,24
1147,22.5,23,23.2,23.2,0,0,23.3,23.2,23.1,22.9,22.4
1148,21.3,21.4,21.5,21.6,0,0,21.7,21.6,21.4,21.4,21.2
1149,20.1,20.2,20.3,20.3,0,0,0,20.3,20.2,20.2,20
1150,18.9,19,19.1,19.1,0,0,0,19.1,19,19,18.8
1151,17.7,17.8,17.9,17.9,0,0,0,17.9,17.8,17.8,17.6
1152,16.5,16.6,16.7,16.7,0,0,0,16.7,16.6,16.6,16.4
1153,15.3,15.4,15.5,15.5,0,0,0,15.5,15.4,15.4,15.2
1154,14.1,14.2,14.3,14.3,0,0,0,14.3,14.2,14.2,14
1155,12.9,13,13.1,13.1,0,0,0,13.1,13,13,12.8
1156,11.7,11.8,11.9,11.9,0,0,0,11.9,11.9,11.8,11.7
1157,10.5,10.7,10.7,10.7,0,0,0,10.7,10.7,10.6,10.5
1158,9.4,9.5,9.5,0,0,0,0,9.5,9.5,9.4,9.3
1159,8.2,8.3,8.4,0,0,0,0,8.4,8.3,8.3,8.2
1160,7.1,7.2,7.2,0,0,0,0,7.2,7.2,7.1,7
1161,5.8,6,6.1,0,0,0,0,6.1,6,6,5.8
1162,4.6,4.8,4.8,0,0,0,0,4.9,4.8,4.7,4.5
1163,3.3,3.5,3.6,0,0,0,0,3.6,3.5,3.5,3.3
1164,2.1,2.3,2.3,0,0,0,0,2.3,2.3,2.2,2.1
1165,8,1.1,1.1,0,0,0,0,1.1,1.1,1,8
1166,1.2,0,7,0,0,0,0,0,7,0.4,1.5
1167,1.2,0.5,0.3,0,0,0,0.1,0.2,0.4,0.7,1.5
1168,1.2,0.5,0.3,0.1,0,0,0.1,0.2,0.4,0.7,1.5
1169,1.2,0.5,0.3,0.1,0,0,0.1,0.2,0.4,0.7,1.5
1170,1.2,0.5,0.2,0.1,0,0,0.1,0.2,0.4,0.7,1.4
1171,-29.1,0.4,0.2,0.1,0,0,0.1,0.2,0.3,0.6,2
1172,1,1,-30.3,-29.6,-29.2,0,-29.4,-30,-31.3,1,1
1173,0,0,0,0,0,0,0,0,0,0,0
1174,0,0,0,0,0,0,0,0,0,0,0
1175,0,0,0,0,0,0,0,0,0,0,0
1176,0,0,0,0,0,0,0,0,0,0,0
1177,0,0,0,0,0,0,0,0,0,0,0
1178,0,0,0,0,0,0,0,0,0,0,0
1179,0,0,0,0,0,0,0,0,0,0,0
1180,0,0,0,0,0,0,0,0,0,0,0
1181,0,0,0,0,0,0,0,0,0,0,0
1182,0,0,0,0,0,0,0,0,0,0,0
1183,0,0,0,0,0,0,0,0,0,0,0
1184,0,0,0,0,0,0,0,0,0,0,0
1185,0,0,0,0,0,0,0,0,0,0,0
1186,0,0,0,0,0,0,0,0,0,0,0
1187,0,0,0,0,0,0,0,0,0,0,0
1188,0,0,0,0,0,0,0,0,0,0,0
1189,0,0,0,0,0,0,0,0,0,0,0
1190,0,0,0,0,0,0,0,0,0,0,0
1191,0,0,0,0,0,0,0,0,0,0,0
1192,0,0,0,0,0,0,0,0,0,0,0
1193,0,0,0,0,0,0,0,0,0,0,0
1194,0,0,0,0,0,0,0,0,0,0,0
1195,0,0,0,0,0,0,0,0,0,0,0
1196,0,0,0,0,0,0,0,0,0,0,0
1197,0,0,0,0,0,0,0,0,0,0,0
1198,0,0,0,0,0,0,0,0,0,0,0
1199,0,0,0,0,0,0,0,0,0,0,0
1200,0,0,0,0,0,0,0,0,0,0,0
1201,0,0,0,0,0,0,0,0,0,0,0
1202,0,0,0,0,0,0,0,0,0,0,0
1203,0,0,0,0,0,0,0,0,0,0,0
1204,0,0,0,0,0,0,0,0,0,0,0
1205,0,0,0,0,0,0,0,0,0,0,0
1206,0,0,0,0,0,0,0,0,0,0,0
1207,0,0,0,0,0,0,0,0,0,0,0
1208,0,0,0,0,0,0,0,0,0,0,0
1209,0,0,0,0,0,0,0,0,0,0,0
1210,0,0,0,0,0,0,0,0,0,0,0
1211,0,0,0,0,0,0,0,0,0,0,0
1212,0,0,0,0,0,0,0,0,0,0,0
1213,0,0,0,0,0,0,0,0,0,0,0
1214,0,0,0,0,0,0,0,0,0,0,0
1215,0,0,0,0,0,0,0,0,0,0,0
1216,0,0,0,0,0,0,0,0,0,0,0
1217,0,0,0,0,0,0,0,0,0,0,0
1218,0,0,0,0,0,0,0,0,0,0,0
1219,0,0,0,0,0,0,0,0,0,0,0
1220,0,0,0,0,0,0,0,0,0,0,0
1221,0,0,0,0,0,0,0,0,0,0,0
1222,0,0,0,0,0,0,0,0,0,0,0
1223,0,0,0,0,0,0,0,0,0,0,0
1224,0,0,0,0,0,0,0,0,0,0,0
1225,0,0,0,0,0,0,0,0,0,0,0
1226,0,0,0,0,0,0,0,0,0,0,0
1227,0,0,0,0,0,0,0,0,0,0,0
1228,0,0,0,0,0,0,0,0,0,0,0
1229,0,0,0,0,0,0,0,0,0,0,0
1230,0,0,0,0,0,0,0,0,0,0,0
1231,0,0,0,0,0,0,0,0,0,0,0
1232,0,0,0,0,0,0,0,0,0,0,0
1233,0,0,0,0,0,0,0,0,0,0,0
1234,0,0,0,0,0,0,0,0,0,0,0
1235,0,0,0,0,0,0,0,0,0,0,0
1236,0,0,0,0,0,0,0,0,0,0,0
1237,0,0,0,0,0,0,0,0,0,0,0
1238,0,0,0,0,0,0,0,0,0,0,0
1239,0,0,0,0,0,0,0,0,0,0,0
1240,0,0,0,0,0,0,0,0,0,0,0
1241,0,0,0,0,0,0,0,0,0,0,0
1242,0,0,0,0,0,0,0,0,0,0,0
1243,0,0,0,0,0,0,0,0,0,0,0
1244,0,0,0,0,0,0,0,0,0,0,0
1245,0,0,0,0,0,0,0,0,0,0,0
1246,0,0,0,0,0,0,0,0,0,0,0
1247,0,0,0,0,0,0,0,0,0,0,0
1248,0,0,0,0,0,0,0,0,0,0,0
1249,0,0,0,0,0,0,0,0,0,0,0
1250,0,0,0,0,0,0,0,0,0,0,0
1251,0,0,0,0,0,0,0,0,0,0,0
1252,0,0,0,0,0,0,0,0,0,0,0
1253,0,0,0,0,0,0,0,0,0,0,0
1254,0,0,0,0,0,0,0,0,0,0,0
1255,0,0,0,0,0,0,0,0,0,0,0
1256,0,0,0,0,0,0,0,0,0,0,0
1257,0,0,0,0,0,0,0,0,0,0,0
1258,0,0,0,0,0,0,0,0,0,0,0
1259,0,0,0,0,0,0,0,0,0,0,0
1260,0,0,0,0,0,0,0,0,0,0,0
1261,0,0,0,0,0,0,0,0,0,0,0
1262,0,0,0,0,0,0,0,0,0,0,0
1263,0,0,0,0,0,0,0,0,0,0,0
1264,0,0,0,0,0,0,0,0,0,0,0
1265,0,0,0,0,0,0,0,0,0,0,0
1266,0,0,0,0,0,0,0,0,0,0,0
1267,0,0,0,0,0,0,0,0,0,0,0
1268,0,0,0,0,0,0,0,0,0,0,0
1269,0,0,0,0,0,0,0,0,0,0,0
1270,0,0,0,0,0,0,0,0,0,0,0
1271,0,0,0,0,0,0,0,0,0,0,0
1272,0,0,0,0,0,0,0,0,0,0,0
1273,0,0,0,0,0,0,0,0,0,0,0
1274,0,0,0,0,0,0,0,0,0,0,0
1275,0,0,0,0,0,0,0,0,0,0,0
1276,0,0,0,0,0,0,0,0,0,0,0
1277,0,0,0,0,0,0,0,0,0,0,0
1278,0,0,0,0,0,0,0,0,0,0,0
1279,0,0,0,0,0,0,0,0,0,0,0
1280,0,0,0,0,0,0,0,0,0,0,0
1281,0,0,0,0,0,0,0,0,0,0,0
1282,0,0,0,0,0,0,0,0,0,0,0
1283,0,0,0,0,0,0,0,0,0,0,0
1284,0,0,0,0,0,0,0,0,0,0,0
1285,0,0,0,0,0,0,0,0,0,0,0
1286,0,0,0,0,0,0,0,0,0,0,0
1287,0,0,0,0,0,0,0,0,0,0,0
1288,0,0,0,0,0,0,0,0,0,0,0
1289,0,0,0,0,0,0,0,0,0,0,0
1290,0,0,0,0,0,0,0,0,0,0,0
1291,0,0,0,0,0,0,0,0,0,0,0
1292,0,0,0,0,0,0,0,0,0,0,0
1293,0,0,0,0,0,0,0,0,0,0,0
1294,0,0,0,0,0,0,0,0,0,0,0
1295,0,0,0,0,0,0,0,0,0,0,0
1296,0,0,0,0,0,0,0,0,0,0,0
1297,0,0,0,0,0,0,0,0,0,0,0
1298,0,0,0,0,0,0,0,0,0,0,0
1299,0,0,0,0,0,0,0,0,0,0,0
1300,0,0,0,0,0,0,0,0,0,0,0
