level,press_-1.0,press_-0.5,press_0.0,press_0.5,press_1.0,press_1.5,press_2.0,press_2.5,press_3.0,press_3.5,press_4.0,press_5.0,press_6.0
0,-1.0,-1.0,0.0,1.0,1.0,2.0,3.0,4.0,4.0,5.0,6.0,7.0,9.0
10,-1.0,-1.0,0.0,1.0,1.0,2.0,3.0,4.0,4.0,5.0,6.0,7.0,9.0
20,-1.0,-1.0,0.0,1.0,1.0,2.0,3.0,4.0,4.0,5.0,6.0,7.0,9.0
30,-1.0,-1.0,0.0,1.0,1.0,2.0,3.0,4.0,4.0,5.0,6.0,7.0,9.0
40,-1.0,-1.0,0.0,1.0,1.0,2.0,3.0,4.0,4.0,5.0,6.0,7.0,9.0
50,-1.0,-1.0,0.0,1.0,1.0,2.0,3.0,4.0,4.0,5.0,6.0,7.0,9.0
60,-1.0,-1.0,0.0,1.0,1.0,2.0,3.0,4.0,4.0,5.0,6.0,7.0,9.0
70,-1.0,-1.0,0.0,1.0,1.0,2.0,3.0,4.0,4.0,5.0,6.0,7.0,9.0
80,-1.0,-1.0,0.0,1.0,1.0,2.0,3.0,4.0,4.0,5.0,6.0,7.0,9.0
90,-1.0,-1.0,0.0,1.0,1.0,2.0,3.0,4.0,4.0,5.0,6.0,7.0,9.0
100,-1.0,-1.0,0.0,1.0,1.0,2.0,3.0,4.0,4.0,5.0,6.0,7.0,9.0
110,-1.0,-1.0,0.0,1.0,1.0,2.0,3.0,4.0,4.0,5.0,6.0,7.0,9.0
120,-1.0,-1.0,0.0,1.0,1.0,2.0,3.0,4.0,4.0,5.0,6.0,7.0,9.0
130,-1.0,-1.0,0.0,1.0,1.0,2.0,3.0,4.0,4.0,5.0,6.0,7.0,9.0
140,-1.0,-1.0,0.0,1.0,1.0,2.0,3.0,4.0,4.0,5.0,6.0,7.0,9.0
150,-1.0,-1.0,0.0,1.0,1.0,2.0,3.0,4.0,4.0,5.0,6.0,7.0,9.0
160,-1.0,-1.0,0.0,1.0,1.0,2.0,3.0,4.0,4.0,5.0,6.0,7.0,9.0
170,-1.0,-1.0,0.0,1.0,1.0,2.0,3.0,4.0,4.0,5.0,6.0,7.0,9.0
180,-1.0,-1.0,0.0,1.0,1.0,2.0,3.0,4.0,4.0,5.0,6.0,7.0,9.0
190,-1.0,-1.0,0.0,1.0,1.0,2.0,3.0,4.0,4.0,5.0,6.0,7.0,9.0
200,-1.0,-1.0,0.0,1.0,1.0,2.0,3.0,4.0,4.0,5.0,6.0,7.0,9.0
210,-1.0,-1.0,0.0,1.0,1.0,2.0,3.0,4.0,4.0,5.0,6.0,7.0,9.0
220,-1.0,-1.0,0.0,1.0,1.0,2.0,3.0,4.0,4.0,5.0,6.0,7.0,9.0
230,-1.0,-1.0,0.0,1.0,1.0,2.0,3.0,4.0,4.0,5.0,6.0,7.0,9.0
240,-1.0,-1.0,0.0,1.0,1.0,2.0,3.0,4.0,4.0,5.0,6.0,7.0,9.0
250,-1.0,-1.0,0.0,1.0,1.0,2.0,3.0,4.0,4.0,5.0,6.0,7.0,9.0
260,-1.0,-1.0,0.0,1.0,1.0,2.0,3.0,4.0,4.0,5.0,6.0,7.0,9.0
270,-1.0,-1.0,0.0,1.0,1.0,2.0,3.0,4.0,4.0,5.0,6.0,7.0,9.0
280,-1.0,-1.0,0.0,1.0,1.0,2.0,3.0,4.0,4.0,5.0,6.0,7.0,9.0
290,-1.0,-1.0,0.0,1.0,1.0,2.0,3.0,4.0,4.0,5.0,6.0,7.0,9.0
300,-1.0,-1.0,0.0,1.0,1.0,2.0,3.0,4.0,4.0,5.0,6.0,7.0,9.0
310,-1.0,-1.0,0.0,1.0,1.0,2.0,3.0,4.0,4.0,5.0,6.0,7.0,9.0
320,-1.0,-1.0,0.0,1.0,1.0,2.0,3.0,4.0,4.0,5.0,6.0,7.0,9.0
330,-1.0,-1.0,0.0,1.0,1.0,2.0,3.0,4.0,4.0,5.0,6.0,7.0,9.0
340,-1.0,-1.0,0.0,1.0,1.0,2.0,3.0,4.0,4.0,5.0,6.0,7.0,9.0
350,-1.0,-1.0,0.0,1.0,1.0,2.0,3.0,4.0,4.0,5.0,6.0,7.0,9.0
360,-1.0,-1.0,0.0,1.0,1.0,2.0,3.0,4.0,4.0,5.0,6.0,7.0,9.0
370,-1.0,-1.0,0.0,1.0,1.0,2.0,3.0,4.0,4.0,5.0,6.0,7.0,9.0
380,-1.0,-1.0,0.0,1.0,1.0,2.0,3.0,4.0,4.0,5.0,6.0,7.0,9.0
390,-1.0,-1.0,0.0,1.0,1.0,2.0,3.0,4.0,4.0,5.0,6.0,7.0,9.0
400,-1.0,-1.0,0.0,1.0,1.0,2.0,3.0,4.0,4.0,5.0,6.0,7.0,9.0
410,-1.0,-1.0,0.0,1.0,1.0,2.0,3.0,4.0,4.0,5.0,6.0,7.0,9.0
420,-1.0,-1.0,0.0,1.0,1.0,2.0,3.0,4.0,4.0,5.0,6.0,7.0,9.0
430,-1.0,-1.0,0.0,1.0,1.0,2.0,3.0,4.0,4.0,5.0,6.0,7.0,9.0
440,-1.0,-1.0,0.0,1.0,1.0,2.0,3.0,4.0,4.0,5.0,6.0,7.0,9.0
450,-1.0,-1.0,0.0,1.0,1.0,2.0,3.0,4.0,4.0,5.0,6.0,7.0,9.0
460,-1.0,-1.0,0.0,1.0,1.0,2.0,3.0,4.0,4.0,5.0,6.0,7.0,9.0
470,-1.0,-1.0,0.0,1.0,1.0,2.0,3.0,4.0,4.0,5.0,6.0,7.0,9.0
480,-1.0,-1.0,0.0,1.0,1.0,2.0,3.0,4.0,4.0,5.0,6.0,7.0,9.0
490,-1.0,-1.0,0.0,1.0,1.0,2.0,3.0,4.0,4.0,5.0,6.0,7.0,9.0
500,-1.0,-1.0,0.0,1.0,1.0,2.0,3.0,4.0,4.0,5.0,6.0,7.0,9.0
510,-1.0,-1.0,0.0,1.0,1.0,2.0,3.0,3.98,4.0,5.0,5.98,7.0,8.98
520,-1.0,-1.0,0.0,1.0,1.0,2.0,3.0,3.96,4.0,5.0,5.96,7.0,8.96
530,-1.0,-1.0,0.0,1.0,1.0,2.0,3.0,3.94,4.0,5.0,5.94,7.0,8.94
540,-1.0,-1.0,0.0,1.0,1.0,2.0,3.0,3.92,4.0,5.0,5.92,7.0,8.92
550,-1.0,-1.0,0.0,1.0,1.0,2.0,3.0,3.9,4.0,5.0,5.9,7.0,8.9
560,-1.0,-1.0,0.0,1.0,1.0,2.0,3.0,3.88,4.0,5.0,5.88,7.0,8.88
570,-1.0,-1.0,0.0,1.0,1.0,2.0,3.0,3.86,4.0,5.0,5.86,7.0,8.86
580,-1.0,-1.0,0.0,1.0,1.0,2.0,3.0,3.84,4.0,5.0,5.84,7.0,8.84
590,-1.0,-1.0,0.0,1.0,1.0,2.0,3.0,3.82,4.0,5.0,5.82,7.0,8.82
600,-1.0,-1.0,0.0,1.0,1.0,2.0,3.0,3.8,4.0,5.0,5.8,7.0,8.8
610,-1.0,-1.0,0.0,1.0,1.0,2.0,3.0,3.78,4.0,5.0,5.78,7.0,8.78
620,-1.0,-1.0,0.0,1.0,1.0,2.0,3.0,3.76,4.0,5.0,5.76,7.0,8.76
630,-1.0,-1.0,0.0,1.0,1.0,2.0,3.0,3.74,4.0,5.0,5.74,7.0,8.74
640,-1.0,-1.0,0.0,1.0,1.0,2.0,3.0,3.7199999999999998,4.0,5.0,5.72,7.0,8.72
650,-1.0,-1.0,0.0,1.0,1.0,2.0,3.0,3.7,4.0,5.0,5.7,7.0,8.7
660,-1.0,-1.0,0.0,1.0,1.0,2.0,3.0,3.68,4.0,5.0,5.68,7.0,8.68
670,-1.0,-1.0,0.0,1.0,1.0,2.0,3.0,3.66,4.0,5.0,5.66,7.0,8.66
680,-1.0,-1.0,0.0,1.0,1.0,2.0,3.0,3.64,4.0,5.0,5.64,7.0,8.64
690,-1.0,-1.0,0.0,1.0,1.0,2.0,3.0,3.62,4.0,5.0,5.62,7.0,8.62
700,-1.0,-1.0,0.0,1.0,1.0,2.0,3.0,3.6,4.0,5.0,5.6,7.0,8.6
710,-1.0,-1.0,0.0,1.0,1.0,2.0,3.0,3.58,4.0,5.0,5.58,7.0,8.58
720,-1.0,-1.0,0.0,1.0,1.0,2.0,3.0,3.56,4.0,5.0,5.56,7.0,8.56
730,-1.0,-1.0,0.0,1.0,1.0,2.0,3.0,3.54,4.0,5.0,5.54,7.0,8.54
740,-1.0,-1.0,0.0,1.0,1.0,2.0,3.0,3.52,4.0,5.0,5.52,7.0,8.52
750,-1.0,-1.0,0.0,1.0,1.0,2.0,3.0,3.5,4.0,5.0,5.5,7.0,8.5
760,-1.0,-1.0,0.0,1.0,1.0,2.0,3.0,3.48,4.0,5.0,5.48,7.0,8.48
770,-1.0,-1.0,0.0,1.0,1.0,2.0,3.0,3.46,4.0,5.0,5.46,7.0,8.46
780,-1.0,-1.0,0.0,1.0,1.0,2.0,3.0,3.44,4.0,5.0,5.4399999999999995,7.0,8.44
790,-1.0,-1.0,0.0,1.0,1.0,2.0,3.0,3.42,4.0,5.0,5.42,7.0,8.42
800,-1.0,-1.0,0.0,1.0,1.0,2.0,3.0,3.4,4.0,5.0,5.4,7.0,8.4
810,-1.0,-1.0,0.0,1.0,1.0,2.0,3.0,3.38,4.0,5.0,5.38,7.0,8.38
820,-1.0,-1.0,0.0,1.0,1.0,2.0,3.0,3.36,4.0,5.0,5.36,7.0,8.36
830,-1.0,-1.0,0.0,1.0,1.0,2.0,3.0,3.34,4.0,5.0,5.34,7.0,8.34
840,-1.0,-1.0,0.0,1.0,1.0,2.0,3.0,3.32,4.0,5.0,5.32,7.0,8.32
850,-1.0,-1.0,0.0,1.0,1.0,2.0,3.0,3.3,4.0,5.0,5.3,7.0,8.3
860,-1.0,-1.0,0.0,1.0,1.0,2.0,3.0,3.2800000000000002,4.0,5.0,5.28,7.0,8.28
870,-1.0,-1.0,0.0,1.0,1.0,2.0,3.0,3.26,4.0,5.0,5.26,7.0,8.26
880,-1.0,-1.0,0.0,1.0,1.0,2.0,3.0,3.24,4.0,5.0,5.24,7.0,8.24
890,-1.0,-1.0,0.0,1.0,1.0,2.0,3.0,3.2199999999999998,4.0,5.0,5.22,7.0,8.22
900,-1.0,-1.0,0.0,1.0,1.0,2.0,3.0,3.2,4.0,5.0,5.2,7.0,8.2
910,-1.0,-1.0,0.0,1.0,1.0,2.0,3.0,3.1799999999999997,4.0,5.0,5.18,7.0,8.18
920,-1.0,-1.0,0.0,1.0,1.0,2.0,3.0,3.16,4.0,5.0,5.16,7.0,8.16
930,-1.0,-1.0,0.0,1.0,1.0,2.0,3.0,3.14,4.0,5.0,5.14,7.0,8.14
940,-1.0,-1.0,0.0,1.0,1.0,2.0,3.0,3.12,4.0,5.0,5.12,7.0,8.12
950,-1.0,-1.0,0.0,1.0,1.0,2.0,3.0,3.1,4.0,5.0,5.1,7.0,8.1
960,-1.0,-1.0,0.0,1.0,1.0,2.0,3.0,3.08,4.0,5.0,5.08,7.0,8.08
970,-1.0,-1.0,0.0,1.0,1.0,2.0,3.0,3.06,4.0,5.0,5.06,7.0,8.06
980,-1.0,-1.0,0.0,1.0,1.0,2.0,3.0,3.04,4.0,5.0,5.04,7.0,8.04
990,-1.0,-1.0,0.0,1.0,1.0,2.0,3.0,3.02,4.0,5.0,5.02,7.0,8.02
1000,-1.0,-1.0,0.0,1.0,1.0,2.0,3.0,3.0,4.0,5.0,5.0,7.0,8.0
1010,-1.0,-1.0,0.0,1.0,1.0,2.0,3.0,3.0,4.0,5.0,5.0,6.98,8.0
1020,-1.0,-1.0,0.0,1.0,1.0,2.0,3.0,3.0,4.0,5.0,5.0,6.96,8.0
1030,-1.0,-1.0,0.0,1.0,1.0,2.0,3.0,3.0,4.0,5.0,5.0,6.94,8.0
1040,-1.0,-1.0,0.0,1.0,1.0,2.0,3.0,3.0,4.0,5.0,5.0,6.92,8.0
1050,-1.0,-1.0,0.0,1.0,1.0,2.0,3.0,3.0,4.0,5.0,5.0,6.9,8.0
1060,-1.0,-1.0,0.0,1.0,1.0,2.0,3.0,3.0,4.0,5.0,5.0,6.88,8.0
1070,-1.0,-1.0,0.0,1.0,1.0,2.0,3.0,3.0,4.0,5.0,5.0,6.86,8.0
1080,-1.0,-1.0,0.0,1.0,1.0,2.0,3.0,3.0,4.0,5.0,5.0,6.84,8.0
1090,-1.0,-1.0,0.0,1.0,1.0,2.0,3.0,3.0,4.0,5.0,5.0,6.82,8.0
1100,-1.0,-1.0,0.0,1.0,1.0,2.0,3.0,3.0,4.0,5.0,5.0,6.8,8.0
1110,-1.0,-1.0,0.0,1.0,1.0,2.0,3.0,3.0,4.0,5.0,5.0,6.78,8.0
1120,-1.0,-1.0,0.0,1.0,1.0,2.0,3.0,3.0,4.0,5.0,5.0,6.76,8.0
1130,-1.0,-1.0,0.0,1.0,1.0,2.0,3.0,3.0,4.0,5.0,5.0,6.74,8.0
1140,-1.0,-1.0,0.0,1.0,1.0,2.0,3.0,3.0,4.0,5.0,5.0,6.72,8.0
1150,-1.0,-1.0,0.0,1.0,1.0,2.0,3.0,3.0,4.0,5.0,5.0,6.7,8.0
1160,-1.0,-1.0,0.0,1.0,1.0,2.0,3.0,3.0,4.0,5.0,5.0,6.68,8.0
1170,-1.0,-1.0,0.0,1.0,1.0,2.0,3.0,3.0,4.0,5.0,5.0,6.66,8.0
1180,-1.0,-1.0,0.0,1.0,1.0,2.0,3.0,3.0,4.0,5.0,5.0,6.64,8.0
1190,-1.0,-1.0,0.0,1.0,1.0,2.0,3.0,3.0,4.0,5.0,5.0,6.62,8.0
1200,-1.0,-1.0,0.0,1.0,1.0,2.0,3.0,3.0,4.0,5.0,5.0,6.6,8.0
1210,-1.0,-1.0,0.0,1.0,1.0,2.0,3.0,3.0,4.0,5.0,5.0,6.58,8.0
1220,-1.0,-1.0,0.0,1.0,1.0,2.0,3.0,3.0,4.0,5.0,5.0,6.56,8.0
1230,-1.0,-1.0,0.0,1.0,1.0,2.0,3.0,3.0,4.0,5.0,5.0,6.54,8.0
1240,-1.0,-1.0,0.0,1.0,1.0,2.0,3.0,3.0,4.0,5.0,5.0,6.52,8.0
1250,-1.0,-1.0,0.0,1.0,1.0,2.0,3.0,3.0,4.0,5.0,5.0,6.5,8.0
1260,-1.0,-1.0,0.0,1.0,1.0,2.0,3.0,3.0,4.0,5.0,5.0,6.48,8.0
1270,-1.0,-1.0,0.0,1.0,1.0,2.0,3.0,3.0,4.0,5.0,5.0,6.46,8.0
1280,-1.0,-1.0,0.0,1.0,1.0,2.0,3.0,3.0,4.0,5.0,5.0,6.4399999999999995,8.0
1290,-1.0,-1.0,0.0,1.0,1.0,2.0,3.0,3.0,4.0,5.0,5.0,6.42,8.0
1300,-1.0,-1.0,0.0,1.0,1.0,2.0,3.0,3.0,4.0,5.0,5.0,6.4,8.0
1310,-1.0,-1.0,0.0,1.0,1.0,2.0,3.0,3.0,4.0,5.0,5.0,6.38,8.0
1320,-1.0,-1.0,0.0,1.0,1.0,2.0,3.0,3.0,4.0,5.0,5.0,6.36,8.0
1330,-1.0,-1.0,0.0,1.0,1.0,2.0,3.0,3.0,4.0,5.0,5.0,6.34,8.0
1340,-1.0,-1.0,0.0,1.0,1.0,2.0,3.0,3.0,4.0,5.0,5.0,6.32,8.0
1350,-1.0,-1.0,0.0,1.0,1.0,2.0,3.0,3.0,4.0,5.0,5.0,6.3,8.0
1360,-1.0,-1.0,0.0,1.0,1.0,2.0,3.0,3.0,4.0,5.0,5.0,6.28,8.0
1370,-1.0,-1.0,0.0,1.0,1.0,2.0,3.0,3.0,4.0,5.0,5.0,6.26,8.0
1380,-1.0,-1.0,0.0,1.0,1.0,2.0,3.0,3.0,4.0,5.0,5.0,6.24,8.0
1390,-1.0,-1.0,0.0,1.0,1.0,2.0,3.0,3.0,4.0,5.0,5.0,6.22,8.0
1400,-1.0,-1.0,0.0,1.0,1.0,2.0,3.0,3.0,4.0,5.0,5.0,6.2,8.0
1410,-1.0,-1.0,0.0,1.0,1.0,2.0,3.0,3.0,4.0,5.0,5.0,6.18,8.0
1420,-1.0,-1.0,0.0,1.0,1.0,2.0,3.0,3.0,4.0,5.0,5.0,6.16,8.0
1430,-1.0,-1.0,0.0,1.0,1.0,2.0,3.0,3.0,4.0,5.0,5.0,6.14,8.0
1440,-1.0,-1.0,0.0,1.0,1.0,2.0,3.0,3.0,4.0,5.0,5.0,6.12,8.0
1450,-1.0,-1.0,0.0,1.0,1.0,2.0,3.0,3.0,4.0,5.0,5.0,6.1,8.0
1460,-1.0,-1.0,0.0,1.0,1.0,2.0,3.0,3.0,4.0,5.0,5.0,6.08,8.0
1470,-1.0,-1.0,0.0,1.0,1.0,2.0,3.0,3.0,4.0,5.0,5.0,6.06,8.0
1480,-1.0,-1.0,0.0,1.0,1.0,2.0,3.0,3.0,4.0,5.0,5.0,6.04,8.0
1490,-1.0,-1.0,0.0,1.0,1.0,2.0,3.0,3.0,4.0,5.0,5.0,6.02,8.0
1500,-1.0,-1.0,0.0,1.0,1.0,2.0,3.0,3.0,4.0,5.0,5.0,6.0,8.0
1510,-1.0,-1.0,0.0,1.0,1.0,2.0,2.98,3.0,4.0,4.98,5.0,6.0,7.98
1520,-1.0,-1.0,0.0,1.0,1.0,2.0,2.96,3.0,4.0,4.96,5.0,6.0,7.96
1530,-1.0,-1.0,0.0,1.0,1.0,2.0,2.94,3.0,4.0,4.94,5.0,6.0,7.94
1540,-1.0,-1.0,0.0,1.0,1.0,2.0,2.92,3.0,4.0,4.92,5.0,6.0,7.92
1550,-1.0,-1.0,0.0,1.0,1.0,2.0,2.9,3.0,4.0,4.9,5.0,6.0,7.9
1560,-1.0,-1.0,0.0,1.0,1.0,2.0,2.88,3.0,4.0,4.88,5.0,6.0,7.88
1570,-1.0,-1.0,0.0,1.0,1.0,2.0,2.86,3.0,4.0,4.86,5.0,6.0,7.86
1580,-1.0,-1.0,0.0,1.0,1.0,2.0,2.84,3.0,4.0,4.84,5.0,6.0,7.84
1590,-1.0,-1.0,0.0,1.0,1.0,2.0,2.82,3.0,4.0,4.82,5.0,6.0,7.82
1600,-1.0,-1.0,0.0,1.0,1.0,2.0,2.8,3.0,4.0,4.8,5.0,6.0,7.8
1610,-1.0,-1.0,0.0,1.0,1.0,2.0,2.78,3.0,4.0,4.78,5.0,6.0,7.78
1620,-1.0,-1.0,0.0,1.0,1.0,2.0,2.76,3.0,4.0,4.76,5.0,6.0,7.76
1630,-1.0,-1.0,0.0,1.0,1.0,2.0,2.74,3.0,4.0,4.74,5.0,6.0,7.74
1640,-1.0,-1.0,0.0,1.0,1.0,2.0,2.7199999999999998,3.0,4.0,4.72,5.0,6.0,7.72
1650,-1.0,-1.0,0.0,1.0,1.0,2.0,2.7,3.0,4.0,4.7,5.0,6.0,7.7
1660,-1.0,-1.0,0.0,1.0,1.0,2.0,2.68,3.0,4.0,4.68,5.0,6.0,7.68
1670,-1.0,-1.0,0.0,1.0,1.0,2.0,2.66,3.0,4.0,4.66,5.0,6.0,7.66
1680,-1.0,-1.0,0.0,1.0,1.0,2.0,2.64,3.0,4.0,4.64,5.0,6.0,7.64
1690,-1.0,-1.0,0.0,1.0,1.0,2.0,2.62,3.0,4.0,4.62,5.0,6.0,7.62
1700,-1.0,-1.0,0.0,1.0,1.0,2.0,2.6,3.0,4.0,4.6,5.0,6.0,7.6
1710,-1.0,-1.0,0.0,1.0,1.0,2.0,2.58,3.0,4.0,4.58,5.0,6.0,7.58
1720,-1.0,-1.0,0.0,1.0,1.0,2.0,2.56,3.0,4.0,4.56,5.0,6.0,7.56
1730,-1.0,-1.0,0.0,1.0,1.0,2.0,2.54,3.0,4.0,4.54,5.0,6.0,7.54
1740,-1.0,-1.0,0.0,1.0,1.0,2.0,2.52,3.0,4.0,4.52,5.0,6.0,7.52
1750,-1.0,-1.0,0.0,1.0,1.0,2.0,2.5,3.0,4.0,4.5,5.0,6.0,7.5
1760,-1.0,-1.0,0.0,1.0,1.0,2.0,2.48,3.0,4.0,4.48,5.0,6.0,7.48
1770,-1.0,-1.0,0.0,1.0,1.0,2.0,2.46,3.0,4.0,4.46,5.0,6.0,7.46
1780,-1.0,-1.0,0.0,1.0,1.0,2.0,2.44,3.0,4.0,4.4399999999999995,5.0,6.0,7.4399999999999995
1790,-1.0,-1.0,0.0,1.0,1.0,2.0,2.42,3.0,4.0,4.42,5.0,6.0,7.42
1800,-1.0,-1.0,0.0,1.0,1.0,2.0,2.4,3.0,4.0,4.4,5.0,6.0,7.4
1810,-1.0,-1.0,0.0,1.0,1.0,2.0,2.38,3.0,4.0,4.38,5.0,6.0,7.38
1820,-1.0,-1.0,0.0,1.0,1.0,2.0,2.36,3.0,4.0,4.36,5.0,6.0,7.36
1830,-1.0,-1.0,0.0,1.0,1.0,2.0,2.34,3.0,4.0,4.34,5.0,6.0,7.34
1840,-1.0,-1.0,0.0,1.0,1.0,2.0,2.32,3.0,4.0,4.32,5.0,6.0,7.32
1850,-1.0,-1.0,0.0,1.0,1.0,2.0,2.3,3.0,4.0,4.3,5.0,6.0,7.3
1860,-1.0,-1.0,0.0,1.0,1.0,2.0,2.2800000000000002,3.0,4.0,4.28,5.0,6.0,7.28
1870,-1.0,-1.0,0.0,1.0,1.0,2.0,2.26,3.0,4.0,4.26,5.0,6.0,7.26
1880,-1.0,-1.0,0.0,1.0,1.0,2.0,2.24,3.0,4.0,4.24,5.0,6.0,7.24
1890,-1.0,-1.0,0.0,1.0,1.0,2.0,2.2199999999999998,3.0,4.0,4.22,5.0,6.0,7.22
1900,-1.0,-1.0,0.0,1.0,1.0,2.0,2.2,3.0,4.0,4.2,5.0,6.0,7.2
1910,-1.0,-1.0,0.0,1.0,1.0,2.0,2.1799999999999997,3.0,4.0,4.18,5.0,6.0,7.18
1920,-1.0,-1.0,0.0,1.0,1.0,2.0,2.16,3.0,4.0,4.16,5.0,6.0,7.16
1930,-1.0,-1.0,0.0,1.0,1.0,2.0,2.14,3.0,4.0,4.14,5.0,6.0,7.14
1940,-1.0,-1.0,0.0,1.0,1.0,2.0,2.12,3.0,4.0,4.12,5.0,6.0,7.12
1950,-1.0,-1.0,0.0,1.0,1.0,2.0,2.1,3.0,4.0,4.1,5.0,6.0,7.1
1960,-1.0,-1.0,0.0,1.0,1.0,2.0,2.08,3.0,4.0,4.08,5.0,6.0,7.08
1970,-1.0,-1.0,0.0,1.0,1.0,2.0,2.06,3.0,4.0,4.06,5.0,6.0,7.06
1980,-1.0,-1.0,0.0,1.0,1.0,2.0,2.04,3.0,4.0,4.04,5.0,6.0,7.04
1990,-1.0,-1.0,0.0,1.0,1.0,2.0,2.02,3.0,4.0,4.02,5.0,6.0,7.02
2000,-1.0,-1.0,0.0,1.0,1.0,2.0,2.0,3.0,4.0,4.0,5.0,6.0,7.0
2010,-1.0,-1.0,0.0,1.0,1.0,2.0,2.0,3.0,3.98,4.0,5.0,6.0,7.0
2020,-1.0,-1.0,0.0,1.0,1.0,2.0,2.0,3.0,3.96,4.0,5.0,6.0,7.0
2030,-1.0,-1.0,0.0,1.0,1.0,2.0,2.0,3.0,3.94,4.0,5.0,6.0,7.0
2040,-1.0,-1.0,0.0,1.0,1.0,2.0,2.0,3.0,3.92,4.0,5.0,6.0,7.0
2050,-1.0,-1.0,0.0,1.0,1.0,2.0,2.0,3.0,3.9,4.0,5.0,6.0,7.0
2060,-1.0,-1.0,0.0,1.0,1.0,2.0,2.0,3.0,3.88,4.0,5.0,6.0,7.0
2070,-1.0,-1.0,0.0,1.0,1.0,2.0,2.0,3.0,3.86,4.0,5.0,6.0,7.0
2080,-1.0,-1.0,0.0,1.0,1.0,2.0,2.0,3.0,3.84,4.0,5.0,6.0,7.0
2090,-1.0,-1.0,0.0,1.0,1.0,2.0,2.0,3.0,3.82,4.0,5.0,6.0,7.0
2100,-1.0,-1.0,0.0,1.0,1.0,2.0,2.0,3.0,3.8,4.0,5.0,6.0,7.0
2110,-1.0,-1.0,0.0,1.0,1.0,2.0,2.0,3.0,3.78,4.0,5.0,6.0,7.0
2120,-1.0,-1.0,0.0,1.0,1.0,2.0,2.0,3.0,3.76,4.0,5.0,6.0,7.0
2130,-1.0,-1.0,0.0,1.0,1.0,2.0,2.0,3.0,3.74,4.0,5.0,6.0,7.0
2140,-1.0,-1.0,0.0,1.0,1.0,2.0,2.0,3.0,3.7199999999999998,4.0,5.0,6.0,7.0
2150,-1.0,-1.0,0.0,1.0,1.0,2.0,2.0,3.0,3.7,4.0,5.0,6.0,7.0
2160,-1.0,-1.0,0.0,1.0,1.0,2.0,2.0,3.0,3.68,4.0,5.0,6.0,7.0
2170,-1.0,-1.0,0.0,1.0,1.0,2.0,2.0,3.0,3.66,4.0,5.0,6.0,7.0
2180,-1.0,-1.0,0.0,1.0,1.0,2.0,2.0,3.0,3.64,4.0,5.0,6.0,7.0
2190,-1.0,-1.0,0.0,1.0,1.0,2.0,2.0,3.0,3.62,4.0,5.0,6.0,7.0
2200,-1.0,-1.0,0.0,1.0,1.0,2.0,2.0,3.0,3.6,4.0,5.0,6.0,7.0
2210,-1.0,-1.0,0.0,1.0,1.0,2.0,2.0,3.0,3.58,4.0,5.0,6.0,7.0
2220,-1.0,-1.0,0.0,1.0,1.0,2.0,2.0,3.0,3.56,4.0,5.0,6.0,7.0
2230,-1.0,-1.0,0.0,1.0,1.0,2.0,2.0,3.0,3.54,4.0,5.0,6.0,7.0
2240,-1.0,-1.0,0.0,1.0,1.0,2.0,2.0,3.0,3.52,4.0,5.0,6.0,7.0
2250,-1.0,-1.0,0.0,1.0,1.0,2.0,2.0,3.0,3.5,4.0,5.0,6.0,7.0
2260,-1.0,-1.0,0.0,1.0,1.0,2.0,2.0,3.0,3.48,4.0,5.0,6.0,7.0
2270,-1.0,-1.0,0.0,1.0,1.0,2.0,2.0,3.0,3.46,4.0,5.0,6.0,7.0
2280,-1.0,-1.0,0.0,1.0,1.0,2.0,2.0,3.0,3.44,4.0,5.0,6.0,7.0
2290,-1.0,-1.0,0.0,1.0,1.0,2.0,2.0,3.0,3.42,4.0,5.0,6.0,7.0
2300,-1.0,-1.0,0.0,1.0,1.0,2.0,2.0,3.0,3.4,4.0,5.0,6.0,7.0
2310,-1.0,-1.0,0.0,1.0,1.0,2.0,2.0,3.0,3.38,4.0,5.0,6.0,7.0
2320,-1.0,-1.0,0.0,1.0,1.0,2.0,2.0,3.0,3.36,4.0,5.0,6.0,7.0
2330,-1.0,-1.0,0.0,1.0,1.0,2.0,2.0,3.0,3.34,4.0,5.0,6.0,7.0
2340,-1.0,-1.0,0.0,1.0,1.0,2.0,2.0,3.0,3.32,4.0,5.0,6.0,7.0
2350,-1.0,-1.0,0.0,1.0,1.0,2.0,2.0,3.0,3.3,4.0,5.0,6.0,7.0
2360,-1.0,-1.0,0.0,1.0,1.0,2.0,2.0,3.0,3.2800000000000002,4.0,5.0,6.0,7.0
2370,-1.0,-1.0,0.0,1.0,1.0,2.0,2.0,3.0,3.26,4.0,5.0,6.0,7.0
2380,-1.0,-1.0,0.0,1.0,1.0,2.0,2.0,3.0,3.24,4.0,5.0,6.0,7.0
2390,-1.0,-1.0,0.0,1.0,1.0,2.0,2.0,3.0,3.2199999999999998,4.0,5.0,6.0,7.0
2400,-1.0,-1.0,0.0,1.0,1.0,2.0,2.0,3.0,3.2,4.0,5.0,6.0,7.0
2410,-1.0,-1.0,0.0,1.0,1.0,2.0,2.0,3.0,3.1799999999999997,4.0,5.0,6.0,7.0
2420,-1.0,-1.0,0.0,1.0,1.0,2.0,2.0,3.0,3.16,4.0,5.0,6.0,7.0
2430,-1.0,-1.0,0.0,1.0,1.0,2.0,2.0,3.0,3.14,4.0,5.0,6.0,7.0
2440,-1.0,-1.0,0.0,1.0,1.0,2.0,2.0,3.0,3.12,4.0,5.0,6.0,7.0
2450,-1.0,-1.0,0.0,1.0,1.0,2.0,2.0,3.0,3.1,4.0,5.0,6.0,7.0
2460,-1.0,-1.0,0.0,1.0,1.0,2.0,2.0,3.0,3.08,4.0,5.0,6.0,7.0
2470,-1.0,-1.0,0.0,1.0,1.0,2.0,2.0,3.0,3.06,4.0,5.0,6.0,7.0
2480,-1.0,-1.0,0.0,1.0,1.0,2.0,2.0,3.0,3.04,4.0,5.0,6.0,7.0
2490,-1.0,-1.0,0.0,1.0,1.0,2.0,2.0,3.0,3.02,4.0,5.0,6.0,7.0
2500,-1.0,-1.0,0.0,1.0,1.0,2.0,2.0,3.0,3.0,4.0,5.0,6.0,7.0
2510,-1.0,-1.0,0.0,1.0,1.0,2.0,2.0,3.0,3.0,4.0,4.98,6.0,7.0
2520,-1.0,-1.0,0.0,1.0,1.0,2.0,2.0,3.0,3.0,4.0,4.96,6.0,7.0
2530,-1.0,-1.0,0.0,1.0,1.0,2.0,2.0,3.0,3.0,4.0,4.94,6.0,7.0
2540,-1.0,-1.0,0.0,1.0,1.0,2.0,2.0,3.0,3.0,4.0,4.92,6.0,7.0
2550,-1.0,-1.0,0.0,1.0,1.0,2.0,2.0,3.0,3.0,4.0,4.9,6.0,7.0
2560,-1.0,-1.0,0.0,1.0,1.0,2.0,2.0,3.0,3.0,4.0,4.88,6.0,7.0
2570,-1.0,-1.0,0.0,1.0,1.0,2.0,2.0,3.0,3.0,4.0,4.86,6.0,7.0
2580,-1.0,-1.0,0.0,1.0,1.0,2.0,2.0,3.0,3.0,4.0,4.84,6.0,7.0
2590,-1.0,-1.0,0.0,1.0,1.0,2.0,2.0,3.0,3.0,4.0,4.82,6.0,7.0
2600,-1.0,-1.0,0.0,1.0,1.0,2.0,2.0,3.0,3.0,4.0,4.8,6.0,7.0
2610,-1.0,-1.0,0.0,1.0,1.0,2.0,2.0,3.0,3.0,4.0,4.78,6.0,7.0
2620,-1.0,-1.0,0.0,1.0,1.0,2.0,2.0,3.0,3.0,4.0,4.76,6.0,7.0
2630,-1.0,-1.0,0.0,1.0,1.0,2.0,2.0,3.0,3.0,4.0,4.74,6.0,7.0
2640,-1.0,-1.0,0.0,1.0,1.0,2.0,2.0,3.0,3.0,4.0,4.72,6.0,7.0
2650,-1.0,-1.0,0.0,1.0,1.0,2.0,2.0,3.0,3.0,4.0,4.7,6.0,7.0
2660,-1.0,-1.0,0.0,1.0,1.0,2.0,2.0,3.0,3.0,4.0,4.68,6.0,7.0
2670,-1.0,-1.0,0.0,1.0,1.0,2.0,2.0,3.0,3.0,4.0,4.66,6.0,7.0
2680,-1.0,-1.0,0.0,1.0,1.0,2.0,2.0,3.0,3.0,4.0,4.64,6.0,7.0
2690,-1.0,-1.0,0.0,1.0,1.0,2.0,2.0,3.0,3.0,4.0,4.62,6.0,7.0
2700,-1.0,-1.0,0.0,1.0,1.0,2.0,2.0,3.0,3.0,4.0,4.6,6.0,7.0
2710,-1.0,-1.0,0.0,1.0,1.0,2.0,2.0,3.0,3.0,4.0,4.58,6.0,7.0
2720,-1.0,-1.0,0.0,1.0,1.0,2.0,2.0,3.0,3.0,4.0,4.56,6.0,7.0
2730,-1.0,-1.0,0.0,1.0,1.0,2.0,2.0,3.0,3.0,4.0,4.54,6.0,7.0
2740,-1.0,-1.0,0.0,1.0,1.0,2.0,2.0,3.0,3.0,4.0,4.52,6.0,7.0
2750,-1.0,-1.0,0.0,1.0,1.0,2.0,2.0,3.0,3.0,4.0,4.5,6.0,7.0
2760,-1.0,-1.0,0.0,1.0,1.0,2.0,2.0,3.0,3.0,4.0,4.48,6.0,7.0
2770,-1.0,-1.0,0.0,1.0,1.0,2.0,2.0,3.0,3.0,4.0,4.46,6.0,7.0
2780,-1.0,-1.0,0.0,1.0,1.0,2.0,2.0,3.0,3.0,4.0,4.4399999999999995,6.0,7.0
2790,-1.0,-1.0,0.0,1.0,1.0,2.0,2.0,3.0,3.0,4.0,4.42,6.0,7.0
2800,-1.0,-1.0,0.0,1.0,1.0,2.0,2.0,3.0,3.0,4.0,4.4,6.0,7.0
2810,-1.0,-1.0,0.0,1.0,1.0,2.0,2.0,3.0,3.0,4.0,4.38,6.0,7.0
2820,-1.0,-1.0,0.0,1.0,1.0,2.0,2.0,3.0,3.0,4.0,4.36,6.0,7.0
2830,-1.0,-1.0,0.0,1.0,1.0,2.0,2.0,3.0,3.0,4.0,4.34,6.0,7.0
2840,-1.0,-1.0,0.0,1.0,1.0,2.0,2.0,3.0,3.0,4.0,4.32,6.0,7.0
2850,-1.0,-1.0,0.0,1.0,1.0,2.0,2.0,3.0,3.0,4.0,4.3,6.0,7.0
2860,-1.0,-1.0,0.0,1.0,1.0,2.0,2.0,3.0,3.0,4.0,4.28,6.0,7.0
2870,-1.0,-1.0,0.0,1.0,1.0,2.0,2.0,3.0,3.0,4.0,4.26,6.0,7.0
2880,-1.0,-1.0,0.0,1.0,1.0,2.0,2.0,3.0,3.0,4.0,4.24,6.0,7.0
2890,-1.0,-1.0,0.0,1.0,1.0,2.0,2.0,3.0,3.0,4.0,4.22,6.0,7.0
2900,-1.0,-1.0,0.0,1.0,1.0,2.0,2.0,3.0,3.0,4.0,4.2,6.0,7.0
2910,-1.0,-1.0,0.0,1.0,1.0,2.0,2.0,3.0,3.0,4.0,4.18,6.0,7.0
2920,-1.0,-1.0,0.0,1.0,1.0,2.0,2.0,3.0,3.0,4.0,4.16,6.0,7.0
2930,-1.0,-1.0,0.0,1.0,1.0,2.0,2.0,3.0,3.0,4.0,4.14,6.0,7.0
2940,-1.0,-1.0,0.0,1.0,1.0,2.0,2.0,3.0,3.0,4.0,4.12,6.0,7.0
2950,-1.0,-1.0,0.0,1.0,1.0,2.0,2.0,3.0,3.0,4.0,4.1,6.0,7.0
2960,-1.0,-1.0,0.0,1.0,1.0,2.0,2.0,3.0,3.0,4.0,4.08,6.0,7.0
2970,-1.0,-1.0,0.0,1.0,1.0,2.0,2.0,3.0,3.0,4.0,4.06,6.0,7.0
2980,-1.0,-1.0,0.0,1.0,1.0,2.0,2.0,3.0,3.0,4.0,4.04,6.0,7.0
2990,-1.0,-1.0,0.0,1.0,1.0,2.0,2.0,3.0,3.0,4.0,4.02,6.0,7.0
3000,-1.0,-1.0,0.0,1.0,1.0,2.0,2.0,3.0,3.0,4.0,4.0,6.0,7.0
3010,-1.0,-1.0,0.0,1.0,1.0,2.0,2.0,3.0,3.0,4.0,4.0,5.98,6.98
3020,-1.0,-1.0,0.0,1.0,1.0,2.0,2.0,3.0,3.0,4.0,4.0,5.96,6.96
3030,-1.0,-1.0,0.0,1.0,1.0,2.0,2.0,3.0,3.0,4.0,4.0,5.94,6.94
3040,-1.0,-1.0,0.0,1.0,1.0,2.0,2.0,3.0,3.0,4.0,4.0,5.92,6.92
3050,-1.0,-1.0,0.0,1.0,1.0,2.0,2.0,3.0,3.0,4.0,4.0,5.9,6.9
3060,-1.0,-1.0,0.0,1.0,1.0,2.0,2.0,3.0,3.0,4.0,4.0,5.88,6.88
3070,-1.0,-1.0,0.0,1.0,1.0,2.0,2.0,3.0,3.0,4.0,4.0,5.86,6.86
3080,-1.0,-1.0,0.0,1.0,1.0,2.0,2.0,3.0,3.0,4.0,4.0,5.84,6.84
3090,-1.0,-1.0,0.0,1.0,1.0,2.0,2.0,3.0,3.0,4.0,4.0,5.82,6.82
3100,-1.0,-1.0,0.0,1.0,1.0,2.0,2.0,3.0,3.0,4.0,4.0,5.8,6.8
3110,-1.0,-1.0,0.0,1.0,1.0,2.0,2.0,3.0,3.0,4.0,4.0,5.78,6.78
3120,-1.0,-1.0,0.0,1.0,1.0,2.0,2.0,3.0,3.0,4.0,4.0,5.76,6.76
3130,-1.0,-1.0,0.0,1.0,1.0,2.0,2.0,3.0,3.0,4.0,4.0,5.74,6.74
3140,-1.0,-1.0,0.0,1.0,1.0,2.0,2.0,3.0,3.0,4.0,4.0,5.72,6.72
3150,-1.0,-1.0,0.0,1.0,1.0,2.0,2.0,3.0,3.0,4.0,4.0,5.7,6.7
3160,-1.0,-1.0,0.0,1.0,1.0,2.0,2.0,3.0,3.0,4.0,4.0,5.68,6.68
3170,-1.0,-1.0,0.0,1.0,1.0,2.0,2.0,3.0,3.0,4.0,4.0,5.66,6.66
3180,-1.0,-1.0,0.0,1.0,1.0,2.0,2.0,3.0,3.0,4.0,4.0,5.64,6.64
3190,-1.0,-1.0,0.0,1.0,1.0,2.0,2.0,3.0,3.0,4.0,4.0,5.62,6.62
3200,-1.0,-1.0,0.0,1.0,1.0,2.0,2.0,3.0,3.0,4.0,4.0,5.6,6.6
3210,-1.0,-1.0,0.0,1.0,1.0,2.0,2.0,3.0,3.0,4.0,4.0,5.58,6.58
3220,-1.0,-1.0,0.0,1.0,1.0,2.0,2.0,3.0,3.0,4.0,4.0,5.56,6.56
3230,-1.0,-1.0,0.0,1.0,1.0,2.0,2.0,3.0,3.0,4.0,4.0,5.54,6.54
3240,-1.0,-1.0,0.0,1.0,1.0,2.0,2.0,3.0,3.0,4.0,4.0,5.52,6.52
3250,-1.0,-1.0,0.0,1.0,1.0,2.0,2.0,3.0,3.0,4.0,4.0,5.5,6.5
3260,-1.0,-1.0,0.0,1.0,1.0,2.0,2.0,3.0,3.0,4.0,4.0,5.48,6.48
3270,-1.0,-1.0,0.0,1.0,1.0,2.0,2.0,3.0,3.0,4.0,4.0,5.46,6.46
3280,-1.0,-1.0,0.0,1.0,1.0,2.0,2.0,3.0,3.0,4.0,4.0,5.4399999999999995,6.4399999999999995
3290,-1.0,-1.0,0.0,1.0,1.0,2.0,2.0,3.0,3.0,4.0,4.0,5.42,6.42
3300,-1.0,-1.0,0.0,1.0,1.0,2.0,2.0,3.0,3.0,4.0,4.0,5.4,6.4
3310,-1.0,-1.0,0.0,1.0,1.0,2.0,2.0,3.0,3.0,4.0,4.0,5.38,6.38
3320,-1.0,-1.0,0.0,1.0,1.0,2.0,2.0,3.0,3.0,4.0,4.0,5.36,6.36
3330,-1.0,-1.0,0.0,1.0,1.0,2.0,2.0,3.0,3.0,4.0,4.0,5.34,6.34
3340,-1.0,-1.0,0.0,1.0,1.0,2.0,2.0,3.0,3.0,4.0,4.0,5.32,6.32
3350,-1.0,-1.0,0.0,1.0,1.0,2.0,2.0,3.0,3.0,4.0,4.0,5.3,6.3
3360,-1.0,-1.0,0.0,1.0,1.0,2.0,2.0,3.0,3.0,4.0,4.0,5.28,6.28
3370,-1.0,-1.0,0.0,1.0,1.0,2.0,2.0,3.0,3.0,4.0,4.0,5.26,6.26
3380,-1.0,-1.0,0.0,1.0,1.0,2.0,2.0,3.0,3.0,4.0,4.0,5.24,6.24
3390,-1.0,-1.0,0.0,1.0,1.0,2.0,2.0,3.0,3.0,4.0,4.0,5.22,6.22
3400,-1.0,-1.0,0.0,1.0,1.0,2.0,2.0,3.0,3.0,4.0,4.0,5.2,6.2
3410,-1.0,-1.0,0.0,1.0,1.0,2.0,2.0,3.0,3.0,4.0,4.0,5.18,6.18
3420,-1.0,-1.0,0.0,1.0,1.0,2.0,2.0,3.0,3.0,4.0,4.0,5.16,6.16
3430,-1.0,-1.0,0.0,1.0,1.0,2.0,2.0,3.0,3.0,4.0,4.0,5.14,6.14
3440,-1.0,-1.0,0.0,1.0,1.0,2.0,2.0,3.0,3.0,4.0,4.0,5.12,6.12
3450,-1.0,-1.0,0.0,1.0,1.0,2.0,2.0,3.0,3.0,4.0,4.0,5.1,6.1
3460,-1.0,-1.0,0.0,1.0,1.0,2.0,2.0,3.0,3.0,4.0,4.0,5.08,6.08
3470,-1.0,-1.0,0.0,1.0,1.0,2.0,2.0,3.0,3.0,4.0,4.0,5.06,6.06
3480,-1.0,-1.0,0.0,1.0,1.0,2.0,2.0,3.0,3.0,4.0,4.0,5.04,6.04
3490,-1.0,-1.0,0.0,1.0,1.0,2.0,2.0,3.0,3.0,4.0,4.0,5.02,6.02
3500,-1.0,-1.0,0.0,1.0,1.0,2.0,2.0,3.0,3.0,4.0,4.0,5.0,6.0
3510,-1.0,-0.98,0.0,0.98,1.0,1.98,2.0,2.98,3.0,3.98,4.0,5.0,6.0
3520,-1.0,-0.96,0.0,0.96,1.0,1.96,2.0,2.96,3.0,3.96,4.0,5.0,6.0
3530,-1.0,-0.94,0.0,0.94,1.0,1.94,2.0,2.94,3.0,3.94,4.0,5.0,6.0
3540,-1.0,-0.92,0.0,0.92,1.0,1.92,2.0,2.92,3.0,3.92,4.0,5.0,6.0
3550,-1.0,-0.9,0.0,0.9,1.0,1.9,2.0,2.9,3.0,3.9,4.0,5.0,6.0
3560,-1.0,-0.88,0.0,0.88,1.0,1.88,2.0,2.88,3.0,3.88,4.0,5.0,6.0
3570,-1.0,-0.86,0.0,0.86,1.0,1.8599999999999999,2.0,2.86,3.0,3.86,4.0,5.0,6.0
3580,-1.0,-0.84,0.0,0.84,1.0,1.84,2.0,2.84,3.0,3.84,4.0,5.0,6.0
3590,-1.0,-0.8200000000000001,0.0,0.8200000000000001,1.0,1.82,2.0,2.82,3.0,3.82,4.0,5.0,6.0
3600,-1.0,-0.8,0.0,0.8,1.0,1.8,2.0,2.8,3.0,3.8,4.0,5.0,6.0
3610,-1.0,-0.78,0.0,0.78,1.0,1.78,2.0,2.78,3.0,3.78,4.0,5.0,6.0
3620,-1.0,-0.76,0.0,0.76,1.0,1.76,2.0,2.76,3.0,3.76,4.0,5.0,6.0
3630,-1.0,-0.74,0.0,0.74,1.0,1.74,2.0,2.74,3.0,3.74,4.0,5.0,6.0
3640,-1.0,-0.72,0.0,0.72,1.0,1.72,2.0,2.7199999999999998,3.0,3.7199999999999998,4.0,5.0,6.0
3650,-1.0,-0.7,0.0,0.7,1.0,1.7,2.0,2.7,3.0,3.7,4.0,5.0,6.0
3660,-1.0,-0.6799999999999999,0.0,0.6799999999999999,1.0,1.68,2.0,2.68,3.0,3.68,4.0,5.0,6.0
3670,-1.0,-0.6599999999999999,0.0,0.6599999999999999,1.0,1.66,2.0,2.66,3.0,3.66,4.0,5.0,6.0
3680,-1.0,-0.64,0.0,0.64,1.0,1.6400000000000001,2.0,2.64,3.0,3.64,4.0,5.0,6.0
3690,-1.0,-0.62,0.0,0.62,1.0,1.62,2.0,2.62,3.0,3.62,4.0,5.0,6.0
3700,-1.0,-0.6,0.0,0.6,1.0,1.6,2.0,2.6,3.0,3.6,4.0,5.0,6.0
3710,-1.0,-0.5800000000000001,0.0,0.5800000000000001,1.0,1.58,2.0,2.58,3.0,3.58,4.0,5.0,6.0
3720,-1.0,-0.56,0.0,0.56,1.0,1.56,2.0,2.56,3.0,3.56,4.0,5.0,6.0
3730,-1.0,-0.54,0.0,0.54,1.0,1.54,2.0,2.54,3.0,3.54,4.0,5.0,6.0
3740,-1.0,-0.52,0.0,0.52,1.0,1.52,2.0,2.52,3.0,3.52,4.0,5.0,6.0
3750,-1.0,-0.5,0.0,0.5,1.0,1.5,2.0,2.5,3.0,3.5,4.0,5.0,6.0
3760,-1.0,-0.48,0.0,0.48,1.0,1.48,2.0,2.48,3.0,3.48,4.0,5.0,6.0
3770,-1.0,-0.45999999999999996,0.0,0.45999999999999996,1.0,1.46,2.0,2.46,3.0,3.46,4.0,5.0,6.0
3780,-1.0,-0.43999999999999995,0.0,0.43999999999999995,1.0,1.44,2.0,2.44,3.0,3.44,4.0,5.0,6.0
3790,-1.0,-0.42000000000000004,0.0,0.42000000000000004,1.0,1.42,2.0,2.42,3.0,3.42,4.0,5.0,6.0
3800,-1.0,-0.4,0.0,0.4,1.0,1.4,2.0,2.4,3.0,3.4,4.0,5.0,6.0
3810,-1.0,-0.38,0.0,0.38,1.0,1.38,2.0,2.38,3.0,3.38,4.0,5.0,6.0
3820,-1.0,-0.36,0.0,0.36,1.0,1.3599999999999999,2.0,2.36,3.0,3.36,4.0,5.0,6.0
3830,-1.0,-0.33999999999999997,0.0,0.33999999999999997,1.0,1.3399999999999999,2.0,2.34,3.0,3.34,4.0,5.0,6.0
3840,-1.0,-0.31999999999999995,0.0,0.31999999999999995,1.0,1.3199999999999998,2.0,2.32,3.0,3.32,4.0,5.0,6.0
3850,-1.0,-0.29999999999999993,0.0,0.29999999999999993,1.0,1.2999999999999998,2.0,2.3,3.0,3.3,4.0,5.0,6.0
3860,-1.0,-0.28,0.0,0.28,1.0,1.28,2.0,2.2800000000000002,3.0,3.2800000000000002,4.0,5.0,6.0
3870,-1.0,-0.26,0.0,0.26,1.0,1.26,2.0,2.26,3.0,3.26,4.0,5.0,6.0
3880,-1.0,-0.24,0.0,0.24,1.0,1.24,2.0,2.24,3.0,3.24,4.0,5.0,6.0
3890,-1.0,-0.21999999999999997,0.0,0.21999999999999997,1.0,1.22,2.0,2.2199999999999998,3.0,3.2199999999999998,4.0,5.0,6.0
3900,-1.0,-0.19999999999999996,0.0,0.19999999999999996,1.0,1.2,2.0,2.2,3.0,3.2,4.0,5.0,6.0
3910,-1.0,-0.17999999999999994,0.0,0.17999999999999994,1.0,1.18,2.0,2.1799999999999997,3.0,3.1799999999999997,4.0,5.0,6.0
3920,-1.0,-0.16000000000000003,0.0,0.16000000000000003,1.0,1.1600000000000001,2.0,2.16,3.0,3.16,4.0,5.0,6.0
3930,-1.0,-0.14,0.0,0.14,1.0,1.1400000000000001,2.0,2.14,3.0,3.14,4.0,5.0,6.0
3940,-1.0,-0.12,0.0,0.12,1.0,1.12,2.0,2.12,3.0,3.12,4.0,5.0,6.0
3950,-1.0,-0.09999999999999998,0.0,0.09999999999999998,1.0,1.1,2.0,2.1,3.0,3.1,4.0,5.0,6.0
3960,-1.0,-0.07999999999999996,0.0,0.07999999999999996,1.0,1.08,2.0,2.08,3.0,3.08,4.0,5.0,6.0
3970,-1.0,-0.05999999999999994,0.0,0.05999999999999994,1.0,1.06,2.0,2.06,3.0,3.06,4.0,5.0,6.0
3980,-1.0,-0.040000000000000036,0.0,0.040000000000000036,1.0,1.04,2.0,2.04,3.0,3.04,4.0,5.0,6.0
3990,-1.0,-0.020000000000000018,0.0,0.020000000000000018,1.0,1.02,2.0,2.02,3.0,3.02,4.0,5.0,6.0
4000,-1.0,0.0,0.0,0.0,1.0,1.0,2.0,2.0,3.0,3.0,4.0,5.0,6.0
4010,-1.0,0.0,0.0,0.0,1.0,1.0,2.0,2.0,3.0,3.0,4.0,5.0,5.98
4020,-1.0,0.0,0.0,0.0,1.0,1.0,2.0,2.0,3.0,3.0,4.0,5.0,5.96
4030,-1.0,0.0,0.0,0.0,1.0,1.0,2.0,2.0,3.0,3.0,4.0,5.0,5.94
4040,-1.0,0.0,0.0,0.0,1.0,1.0,2.0,2.0,3.0,3.0,4.0,5.0,5.92
4050,-1.0,0.0,0.0,0.0,1.0,1.0,2.0,2.0,3.0,3.0,4.0,5.0,5.9
4060,-1.0,0.0,0.0,0.0,1.0,1.0,2.0,2.0,3.0,3.0,4.0,5.0,5.88
4070,-1.0,0.0,0.0,0.0,1.0,1.0,2.0,2.0,3.0,3.0,4.0,5.0,5.86
4080,-1.0,0.0,0.0,0.0,1.0,1.0,2.0,2.0,3.0,3.0,4.0,5.0,5.84
4090,-1.0,0.0,0.0,0.0,1.0,1.0,2.0,2.0,3.0,3.0,4.0,5.0,5.82
4100,-1.0,0.0,0.0,0.0,1.0,1.0,2.0,2.0,3.0,3.0,4.0,5.0,5.8
4110,-1.0,0.0,0.0,0.0,1.0,1.0,2.0,2.0,3.0,3.0,4.0,5.0,5.78
4120,-1.0,0.0,0.0,0.0,1.0,1.0,2.0,2.0,3.0,3.0,4.0,5.0,5.76
4130,-1.0,0.0,0.0,0.0,1.0,1.0,2.0,2.0,3.0,3.0,4.0,5.0,5.74
4140,-1.0,0.0,0.0,0.0,1.0,1.0,2.0,2.0,3.0,3.0,4.0,5.0,5.72
4150,-1.0,0.0,0.0,0.0,1.0,1.0,2.0,2.0,3.0,3.0,4.0,5.0,5.7
4160,-1.0,0.0,0.0,0.0,1.0,1.0,2.0,2.0,3.0,3.0,4.0,5.0,5.68
4170,-1.0,0.0,0.0,0.0,1.0,1.0,2.0,2.0,3.0,3.0,4.0,5.0,5.66
4180,-1.0,0.0,0.0,0.0,1.0,1.0,2.0,2.0,3.0,3.0,4.0,5.0,5.64
4190,-1.0,0.0,0.0,0.0,1.0,1.0,2.0,2.0,3.0,3.0,4.0,5.0,5.62
4200,-1.0,0.0,0.0,0.0,1.0,1.0,2.0,2.0,3.0,3.0,4.0,5.0,5.6
4210,-1.0,0.0,0.0,0.0,1.0,1.0,2.0,2.0,3.0,3.0,4.0,5.0,5.58
4220,-1.0,0.0,0.0,0.0,1.0,1.0,2.0,2.0,3.0,3.0,4.0,5.0,5.56
4230,-1.0,0.0,0.0,0.0,1.0,1.0,2.0,2.0,3.0,3.0,4.0,5.0,5.54
4240,-1.0,0.0,0.0,0.0,1.0,1.0,2.0,2.0,3.0,3.0,4.0,5.0,5.52
4250,-1.0,0.0,0.0,0.0,1.0,1.0,2.0,2.0,3.0,3.0,4.0,5.0,5.5
4260,-1.0,0.0,0.0,0.0,1.0,1.0,2.0,2.0,3.0,3.0,4.0,5.0,5.48
4270,-1.0,0.0,0.0,0.0,1.0,1.0,2.0,2.0,3.0,3.0,4.0,5.0,5.46
4280,-1.0,0.0,0.0,0.0,1.0,1.0,2.0,2.0,3.0,3.0,4.0,5.0,5.4399999999999995
4290,-1.0,0.0,0.0,0.0,1.0,1.0,2.0,2.0,3.0,3.0,4.0,5.0,5.42
4300,-1.0,0.0,0.0,0.0,1.0,1.0,2.0,2.0,3.0,3.0,4.0,5.0,5.4
4310,-1.0,0.0,0.0,0.0,1.0,1.0,2.0,2.0,3.0,3.0,4.0,5.0,5.38
4320,-1.0,0.0,0.0,0.0,1.0,1.0,2.0,2.0,3.0,3.0,4.0,5.0,5.36
4330,-1.0,0.0,0.0,0.0,1.0,1.0,2.0,2.0,3.0,3.0,4.0,5.0,5.34
4340,-1.0,0.0,0.0,0.0,1.0,1.0,2.0,2.0,3.0,3.0,4.0,5.0,5.32
4350,-1.0,0.0,0.0,0.0,1.0,1.0,2.0,2.0,3.0,3.0,4.0,5.0,5.3
4360,-1.0,0.0,0.0,0.0,1.0,1.0,2.0,2.0,3.0,3.0,4.0,5.0,5.28
4370,-1.0,0.0,0.0,0.0,1.0,1.0,2.0,2.0,3.0,3.0,4.0,5.0,5.26
4380,-1.0,0.0,0.0,0.0,1.0,1.0,2.0,2.0,3.0,3.0,4.0,5.0,5.24
4390,-1.0,0.0,0.0,0.0,1.0,1.0,2.0,2.0,3.0,3.0,4.0,5.0,5.22
4400,-1.0,0.0,0.0,0.0,1.0,1.0,2.0,2.0,3.0,3.0,4.0,5.0,5.2
4410,-1.0,0.0,0.0,0.0,1.0,1.0,2.0,2.0,3.0,3.0,4.0,5.0,5.18
4420,-1.0,0.0,0.0,0.0,1.0,1.0,2.0,2.0,3.0,3.0,4.0,5.0,5.16
4430,-1.0,0.0,0.0,0.0,1.0,1.0,2.0,2.0,3.0,3.0,4.0,5.0,5.14
4440,-1.0,0.0,0.0,0.0,1.0,1.0,2.0,2.0,3.0,3.0,4.0,5.0,5.12
4450,-1.0,0.0,0.0,0.0,1.0,1.0,2.0,2.0,3.0,3.0,4.0,5.0,5.1
4460,-1.0,0.0,0.0,0.0,1.0,1.0,2.0,2.0,3.0,3.0,4.0,5.0,5.08
4470,-1.0,0.0,0.0,0.0,1.0,1.0,2.0,2.0,3.0,3.0,4.0,5.0,5.06
4480,-1.0,0.0,0.0,0.0,1.0,1.0,2.0,2.0,3.0,3.0,4.0,5.0,5.04
4490,-1.0,0.0,0.0,0.0,1.0,1.0,2.0,2.0,3.0,3.0,4.0,5.0,5.02
4500,-1.0,0.0,0.0,0.0,1.0,1.0,2.0,2.0,3.0,3.0,4.0,5.0,5.0
4510,-1.0,0.0,0.0,0.0,1.0,1.0,2.0,2.0,3.0,3.0,3.98,4.98,5.0
4520,-1.0,0.0,0.0,0.0,1.0,1.0,2.0,2.0,3.0,3.0,3.96,4.96,5.0
4530,-1.0,0.0,0.0,0.0,1.0,1.0,2.0,2.0,3.0,3.0,3.94,4.94,5.0
4540,-1.0,0.0,0.0,0.0,1.0,1.0,2.0,2.0,3.0,3.0,3.92,4.92,5.0
4550,-1.0,0.0,0.0,0.0,1.0,1.0,2.0,2.0,3.0,3.0,3.9,4.9,5.0
4560,-1.0,0.0,0.0,0.0,1.0,1.0,2.0,2.0,3.0,3.0,3.88,4.88,5.0
4570,-1.0,0.0,0.0,0.0,1.0,1.0,2.0,2.0,3.0,3.0,3.86,4.86,5.0
4580,-1.0,0.0,0.0,0.0,1.0,1.0,2.0,2.0,3.0,3.0,3.84,4.84,5.0
4590,-1.0,0.0,0.0,0.0,1.0,1.0,2.0,2.0,3.0,3.0,3.82,4.82,5.0
4600,-1.0,0.0,0.0,0.0,1.0,1.0,2.0,2.0,3.0,3.0,3.8,4.8,5.0
4610,-1.0,0.0,0.0,0.0,1.0,1.0,2.0,2.0,3.0,3.0,3.78,4.78,5.0
4620,-1.0,0.0,0.0,0.0,1.0,1.0,2.0,2.0,3.0,3.0,3.76,4.76,5.0
4630,-1.0,0.0,0.0,0.0,1.0,1.0,2.0,2.0,3.0,3.0,3.74,4.74,5.0
4640,-1.0,0.0,0.0,0.0,1.0,1.0,2.0,2.0,3.0,3.0,3.7199999999999998,4.72,5.0
4650,-1.0,0.0,0.0,0.0,1.0,1.0,2.0,2.0,3.0,3.0,3.7,4.7,5.0
4660,-1.0,0.0,0.0,0.0,1.0,1.0,2.0,2.0,3.0,3.0,3.68,4.68,5.0
4670,-1.0,0.0,0.0,0.0,1.0,1.0,2.0,2.0,3.0,3.0,3.66,4.66,5.0
4680,-1.0,0.0,0.0,0.0,1.0,1.0,2.0,2.0,3.0,3.0,3.64,4.64,5.0
4690,-1.0,0.0,0.0,0.0,1.0,1.0,2.0,2.0,3.0,3.0,3.62,4.62,5.0
4700,-1.0,0.0,0.0,0.0,1.0,1.0,2.0,2.0,3.0,3.0,3.6,4.6,5.0
4710,-1.0,0.0,0.0,0.0,1.0,1.0,2.0,2.0,3.0,3.0,3.58,4.58,5.0
4720,-1.0,0.0,0.0,0.0,1.0,1.0,2.0,2.0,3.0,3.0,3.56,4.56,5.0
4730,-1.0,0.0,0.0,0.0,1.0,1.0,2.0,2.0,3.0,3.0,3.54,4.54,5.0
4740,-1.0,0.0,0.0,0.0,1.0,1.0,2.0,2.0,3.0,3.0,3.52,4.52,5.0
4750,-1.0,0.0,0.0,0.0,1.0,1.0,2.0,2.0,3.0,3.0,3.5,4.5,5.0
4760,-1.0,0.0,0.0,0.0,1.0,1.0,2.0,2.0,3.0,3.0,3.48,4.48,5.0
4770,-1.0,0.0,0.0,0.0,1.0,1.0,2.0,2.0,3.0,3.0,3.46,4.46,5.0
4780,-1.0,0.0,0.0,0.0,1.0,1.0,2.0,2.0,3.0,3.0,3.44,4.4399999999999995,5.0
4790,-1.0,0.0,0.0,0.0,1.0,1.0,2.0,2.0,3.0,3.0,3.42,4.42,5.0
4800,-1.0,0.0,0.0,0.0,1.0,1.0,2.0,2.0,3.0,3.0,3.4,4.4,5.0
4810,-1.0,0.0,0.0,0.0,1.0,1.0,2.0,2.0,3.0,3.0,3.38,4.38,5.0
4820,-1.0,0.0,0.0,0.0,1.0,1.0,2.0,2.0,3.0,3.0,3.36,4.36,5.0
4830,-1.0,0.0,0.0,0.0,1.0,1.0,2.0,2.0,3.0,3.0,3.34,4.34,5.0
4840,-1.0,0.0,0.0,0.0,1.0,1.0,2.0,2.0,3.0,3.0,3.32,4.32,5.0
4850,-1.0,0.0,0.0,0.0,1.0,1.0,2.0,2.0,3.0,3.0,3.3,4.3,5.0
4860,-1.0,0.0,0.0,0.0,1.0,1.0,2.0,2.0,3.0,3.0,3.2800000000000002,4.28,5.0
4870,-1.0,0.0,0.0,0.0,1.0,1.0,2.0,2.0,3.0,3.0,3.26,4.26,5.0
4880,-1.0,0.0,0.0,0.0,1.0,1.0,2.0,2.0,3.0,3.0,3.24,4.24,5.0
4890,-1.0,0.0,0.0,0.0,1.0,1.0,2.0,2.0,3.0,3.0,3.2199999999999998,4.22,5.0
4900,-1.0,0.0,0.0,0.0,1.0,1.0,2.0,2.0,3.0,3.0,3.2,4.2,5.0
4910,-1.0,0.0,0.0,0.0,1.0,1.0,2.0,2.0,3.0,3.0,3.1799999999999997,4.18,5.0
4920,-1.0,0.0,0.0,0.0,1.0,1.0,2.0,2.0,3.0,3.0,3.16,4.16,5.0
4930,-1.0,0.0,0.0,0.0,1.0,1.0,2.0,2.0,3.0,3.0,3.14,4.14,5.0
4940,-1.0,0.0,0.0,0.0,1.0,1.0,2.0,2.0,3.0,3.0,3.12,4.12,5.0
4950,-1.0,0.0,0.0,0.0,1.0,1.0,2.0,2.0,3.0,3.0,3.1,4.1,5.0
4960,-1.0,0.0,0.0,0.0,1.0,1.0,2.0,2.0,3.0,3.0,3.08,4.08,5.0
4970,-1.0,0.0,0.0,0.0,1.0,1.0,2.0,2.0,3.0,3.0,3.06,4.06,5.0
4980,-1.0,0.0,0.0,0.0,1.0,1.0,2.0,2.0,3.0,3.0,3.04,4.04,5.0
4990,-1.0,0.0,0.0,0.0,1.0,1.0,2.0,2.0,3.0,3.0,3.02,4.02,5.0
5000,-1.0,0.0,0.0,0.0,1.0,1.0,2.0,2.0,3.0,3.0,3.0,4.0,5.0
5010,-1.0,0.0,0.0,0.0,1.0,1.0,2.0,2.0,2.98,3.0,3.0,4.0,5.0
5020,-1.0,0.0,0.0,0.0,1.0,1.0,2.0,2.0,2.96,3.0,3.0,4.0,5.0
5030,-1.0,0.0,0.0,0.0,1.0,1.0,2.0,2.0,2.94,3.0,3.0,4.0,5.0
5040,-1.0,0.0,0.0,0.0,1.0,1.0,2.0,2.0,2.92,3.0,3.0,4.0,5.0
5050,-1.0,0.0,0.0,0.0,1.0,1.0,2.0,2.0,2.9,3.0,3.0,4.0,5.0
5060,-1.0,0.0,0.0,0.0,1.0,1.0,2.0,2.0,2.88,3.0,3.0,4.0,5.0
5070,-1.0,0.0,0.0,0.0,1.0,1.0,2.0,2.0,2.86,3.0,3.0,4.0,5.0
5080,-1.0,0.0,0.0,0.0,1.0,1.0,2.0,2.0,2.84,3.0,3.0,4.0,5.0
5090,-1.0,0.0,0.0,0.0,1.0,1.0,2.0,2.0,2.82,3.0,3.0,4.0,5.0
5100,-1.0,0.0,0.0,0.0,1.0,1.0,2.0,2.0,2.8,3.0,3.0,4.0,5.0
5110,-1.0,0.0,0.0,0.0,1.0,1.0,2.0,2.0,2.78,3.0,3.0,4.0,5.0
5120,-1.0,0.0,0.0,0.0,1.0,1.0,2.0,2.0,2.76,3.0,3.0,4.0,5.0
5130,-1.0,0.0,0.0,0.0,1.0,1.0,2.0,2.0,2.74,3.0,3.0,4.0,5.0
5140,-1.0,0.0,0.0,0.0,1.0,1.0,2.0,2.0,2.7199999999999998,3.0,3.0,4.0,5.0
5150,-1.0,0.0,0.0,0.0,1.0,1.0,2.0,2.0,2.7,3.0,3.0,4.0,5.0
5160,-1.0,0.0,0.0,0.0,1.0,1.0,2.0,2.0,2.68,3.0,3.0,4.0,5.0
5170,-1.0,0.0,0.0,0.0,1.0,1.0,2.0,2.0,2.66,3.0,3.0,4.0,5.0
5180,-1.0,0.0,0.0,0.0,1.0,1.0,2.0,2.0,2.64,3.0,3.0,4.0,5.0
5190,-1.0,0.0,0.0,0.0,1.0,1.0,2.0,2.0,2.62,3.0,3.0,4.0,5.0
5200,-1.0,0.0,0.0,0.0,1.0,1.0,2.0,2.0,2.6,3.0,3.0,4.0,5.0
5210,-1.0,0.0,0.0,0.0,1.0,1.0,2.0,2.0,2.58,3.0,3.0,4.0,5.0
5220,-1.0,0.0,0.0,0.0,1.0,1.0,2.0,2.0,2.56,3.0,3.0,4.0,5.0
5230,-1.0,0.0,0.0,0.0,1.0,1.0,2.0,2.0,2.54,3.0,3.0,4.0,5.0
5240,-1.0,0.0,0.0,0.0,1.0,1.0,2.0,2.0,2.52,3.0,3.0,4.0,5.0
5250,-1.0,0.0,0.0,0.0,1.0,1.0,2.0,2.0,2.5,3.0,3.0,4.0,5.0
5260,-1.0,0.0,0.0,0.0,1.0,1.0,2.0,2.0,2.48,3.0,3.0,4.0,5.0
5270,-1.0,0.0,0.0,0.0,1.0,1.0,2.0,2.0,2.46,3.0,3.0,4.0,5.0
5280,-1.0,0.0,0.0,0.0,1.0,1.0,2.0,2.0,2.44,3.0,3.0,4.0,5.0
5290,-1.0,0.0,0.0,0.0,1.0,1.0,2.0,2.0,2.42,3.0,3.0,4.0,5.0
5300,-1.0,0.0,0.0,0.0,1.0,1.0,2.0,2.0,2.4,3.0,3.0,4.0,5.0
5310,-1.0,0.0,0.0,0.0,1.0,1.0,2.0,2.0,2.38,3.0,3.0,4.0,5.0
5320,-1.0,0.0,0.0,0.0,1.0,1.0,2.0,2.0,2.36,3.0,3.0,4.0,5.0
5330,-1.0,0.0,0.0,0.0,1.0,1.0,2.0,2.0,2.34,3.0,3.0,4.0,5.0
5340,-1.0,0.0,0.0,0.0,1.0,1.0,2.0,2.0,2.32,3.0,3.0,4.0,5.0
5350,-1.0,0.0,0.0,0.0,1.0,1.0,2.0,2.0,2.3,3.0,3.0,4.0,5.0
5360,-1.0,0.0,0.0,0.0,1.0,1.0,2.0,2.0,2.2800000000000002,3.0,3.0,4.0,5.0
5370,-1.0,0.0,0.0,0.0,1.0,1.0,2.0,2.0,2.26,3.0,3.0,4.0,5.0
5380,-1.0,0.0,0.0,0.0,1.0,1.0,2.0,2.0,2.24,3.0,3.0,4.0,5.0
5390,-1.0,0.0,0.0,0.0,1.0,1.0,2.0,2.0,2.2199999999999998,3.0,3.0,4.0,5.0
5400,-1.0,0.0,0.0,0.0,1.0,1.0,2.0,2.0,2.2,3.0,3.0,4.0,5.0
5410,-1.0,0.0,0.0,0.0,1.0,1.0,2.0,2.0,2.1799999999999997,3.0,3.0,4.0,5.0
5420,-1.0,0.0,0.0,0.0,1.0,1.0,2.0,2.0,2.16,3.0,3.0,4.0,5.0
5430,-1.0,0.0,0.0,0.0,1.0,1.0,2.0,2.0,2.14,3.0,3.0,4.0,5.0
5440,-1.0,0.0,0.0,0.0,1.0,1.0,2.0,2.0,2.12,3.0,3.0,4.0,5.0
5450,-1.0,0.0,0.0,0.0,1.0,1.0,2.0,2.0,2.1,3.0,3.0,4.0,5.0
5460,-1.0,0.0,0.0,0.0,1.0,1.0,2.0,2.0,2.08,3.0,3.0,4.0,5.0
5470,-1.0,0.0,0.0,0.0,1.0,1.0,2.0,2.0,2.06,3.0,3.0,4.0,5.0
5480,-1.0,0.0,0.0,0.0,1.0,1.0,2.0,2.0,2.04,3.0,3.0,4.0,5.0
5490,-1.0,0.0,0.0,0.0,1.0,1.0,2.0,2.0,2.02,3.0,3.0,4.0,5.0
5500,-1.0,0.0,0.0,0.0,1.0,1.0,2.0,2.0,2.0,3.0,3.0,4.0,5.0
5510,-1.0,0.0,0.0,0.0,1.0,1.0,1.98,2.0,2.0,3.0,3.0,4.0,4.98
5520,-1.0,0.0,0.0,0.0,1.0,1.0,1.96,2.0,2.0,3.0,3.0,4.0,4.96
5530,-1.0,0.0,0.0,0.0,1.0,1.0,1.94,2.0,2.0,3.0,3.0,4.0,4.94
5540,-1.0,0.0,0.0,0.0,1.0,1.0,1.92,2.0,2.0,3.0,3.0,4.0,4.92
5550,-1.0,0.0,0.0,0.0,1.0,1.0,1.9,2.0,2.0,3.0,3.0,4.0,4.9
5560,-1.0,0.0,0.0,0.0,1.0,1.0,1.88,2.0,2.0,3.0,3.0,4.0,4.88
5570,-1.0,0.0,0.0,0.0,1.0,1.0,1.8599999999999999,2.0,2.0,3.0,3.0,4.0,4.86
5580,-1.0,0.0,0.0,0.0,1.0,1.0,1.84,2.0,2.0,3.0,3.0,4.0,4.84
5590,-1.0,0.0,0.0,0.0,1.0,1.0,1.82,2.0,2.0,3.0,3.0,4.0,4.82
5600,-1.0,0.0,0.0,0.0,1.0,1.0,1.8,2.0,2.0,3.0,3.0,4.0,4.8
5610,-1.0,0.0,0.0,0.0,1.0,1.0,1.78,2.0,2.0,3.0,3.0,4.0,4.78
5620,-1.0,0.0,0.0,0.0,1.0,1.0,1.76,2.0,2.0,3.0,3.0,4.0,4.76
5630,-1.0,0.0,0.0,0.0,1.0,1.0,1.74,2.0,2.0,3.0,3.0,4.0,4.74
5640,-1.0,0.0,0.0,0.0,1.0,1.0,1.72,2.0,2.0,3.0,3.0,4.0,4.72
5650,-1.0,0.0,0.0,0.0,1.0,1.0,1.7,2.0,2.0,3.0,3.0,4.0,4.7
5660,-1.0,0.0,0.0,0.0,1.0,1.0,1.68,2.0,2.0,3.0,3.0,4.0,4.68
5670,-1.0,0.0,0.0,0.0,1.0,1.0,1.66,2.0,2.0,3.0,3.0,4.0,4.66
5680,-1.0,0.0,0.0,0.0,1.0,1.0,1.6400000000000001,2.0,2.0,3.0,3.0,4.0,4.64
5690,-1.0,0.0,0.0,0.0,1.0,1.0,1.62,2.0,2.0,3.0,3.0,4.0,4.62
5700,-1.0,0.0,0.0,0.0,1.0,1.0,1.6,2.0,2.0,3.0,3.0,4.0,4.6
5710,-1.0,0.0,0.0,0.0,1.0,1.0,1.58,2.0,2.0,3.0,3.0,4.0,4.58
5720,-1.0,0.0,0.0,0.0,1.0,1.0,1.56,2.0,2.0,3.0,3.0,4.0,4.56
5730,-1.0,0.0,0.0,0.0,1.0,1.0,1.54,2.0,2.0,3.0,3.0,4.0,4.54
5740,-1.0,0.0,0.0,0.0,1.0,1.0,1.52,2.0,2.0,3.0,3.0,4.0,4.52
5750,-1.0,0.0,0.0,0.0,1.0,1.0,1.5,2.0,2.0,3.0,3.0,4.0,4.5
5760,-1.0,0.0,0.0,0.0,1.0,1.0,1.48,2.0,2.0,3.0,3.0,4.0,4.48
5770,-1.0,0.0,0.0,0.0,1.0,1.0,1.46,2.0,2.0,3.0,3.0,4.0,4.46
5780,-1.0,0.0,0.0,0.0,1.0,1.0,1.44,2.0,2.0,3.0,3.0,4.0,4.4399999999999995
5790,-1.0,0.0,0.0,0.0,1.0,1.0,1.42,2.0,2.0,3.0,3.0,4.0,4.42
5800,-1.0,0.0,0.0,0.0,1.0,1.0,1.4,2.0,2.0,3.0,3.0,4.0,4.4
5810,-1.0,0.0,0.0,0.0,1.0,1.0,1.38,2.0,2.0,3.0,3.0,4.0,4.38
5820,-1.0,0.0,0.0,0.0,1.0,1.0,1.3599999999999999,2.0,2.0,3.0,3.0,4.0,4.36
5830,-1.0,0.0,0.0,0.0,1.0,1.0,1.3399999999999999,2.0,2.0,3.0,3.0,4.0,4.34
5840,-1.0,0.0,0.0,0.0,1.0,1.0,1.3199999999999998,2.0,2.0,3.0,3.0,4.0,4.32
5850,-1.0,0.0,0.0,0.0,1.0,1.0,1.2999999999999998,2.0,2.0,3.0,3.0,4.0,4.3
5860,-1.0,0.0,0.0,0.0,1.0,1.0,1.28,2.0,2.0,3.0,3.0,4.0,4.28
5870,-1.0,0.0,0.0,0.0,1.0,1.0,1.26,2.0,2.0,3.0,3.0,4.0,4.26
5880,-1.0,0.0,0.0,0.0,1.0,1.0,1.24,2.0,2.0,3.0,3.0,4.0,4.24
5890,-1.0,0.0,0.0,0.0,1.0,1.0,1.22,2.0,2.0,3.0,3.0,4.0,4.22
5900,-1.0,0.0,0.0,0.0,1.0,1.0,1.2,2.0,2.0,3.0,3.0,4.0,4.2
5910,-1.0,0.0,0.0,0.0,1.0,1.0,1.18,2.0,2.0,3.0,3.0,4.0,4.18
5920,-1.0,0.0,0.0,0.0,1.0,1.0,1.1600000000000001,2.0,2.0,3.0,3.0,4.0,4.16
5930,-1.0,0.0,0.0,0.0,1.0,1.0,1.1400000000000001,2.0,2.0,3.0,3.0,4.0,4.14
5940,-1.0,0.0,0.0,0.0,1.0,1.0,1.12,2.0,2.0,3.0,3.0,4.0,4.12
5950,-1.0,0.0,0.0,0.0,1.0,1.0,1.1,2.0,2.0,3.0,3.0,4.0,4.1
5960,-1.0,0.0,0.0,0.0,1.0,1.0,1.08,2.0,2.0,3.0,3.0,4.0,4.08
5970,-1.0,0.0,0.0,0.0,1.0,1.0,1.06,2.0,2.0,3.0,3.0,4.0,4.06
5980,-1.0,0.0,0.0,0.0,1.0,1.0,1.04,2.0,2.0,3.0,3.0,4.0,4.04
5990,-1.0,0.0,0.0,0.0,1.0,1.0,1.02,2.0,2.0,3.0,3.0,4.0,4.02
6000,-1.0,0.0,0.0,0.0,1.0,1.0,1.0,2.0,2.0,3.0,3.0,4.0,4.0
6010,-1.0,0.0,0.0,0.0,1.0,1.0,1.0,2.0,2.0,2.98,3.0,3.98,4.0
6020,-1.0,0.0,0.0,0.0,1.0,1.0,1.0,2.0,2.0,2.96,3.0,3.96,4.0
6030,-1.0,0.0,0.0,0.0,1.0,1.0,1.0,2.0,2.0,2.94,3.0,3.94,4.0
6040,-1.0,0.0,0.0,0.0,1.0,1.0,1.0,2.0,2.0,2.92,3.0,3.92,4.0
6050,-1.0,0.0,0.0,0.0,1.0,1.0,1.0,2.0,2.0,2.9,3.0,3.9,4.0
6060,-1.0,0.0,0.0,0.0,1.0,1.0,1.0,2.0,2.0,2.88,3.0,3.88,4.0
6070,-1.0,0.0,0.0,0.0,1.0,1.0,1.0,2.0,2.0,2.86,3.0,3.86,4.0
6080,-1.0,0.0,0.0,0.0,1.0,1.0,1.0,2.0,2.0,2.84,3.0,3.84,4.0
6090,-1.0,0.0,0.0,0.0,1.0,1.0,1.0,2.0,2.0,2.82,3.0,3.82,4.0
6100,-1.0,0.0,0.0,0.0,1.0,1.0,1.0,2.0,2.0,2.8,3.0,3.8,4.0
6110,-1.0,0.0,0.0,0.0,1.0,1.0,1.0,2.0,2.0,2.78,3.0,3.78,4.0
6120,-1.0,0.0,0.0,0.0,1.0,1.0,1.0,2.0,2.0,2.76,3.0,3.76,4.0
6130,-1.0,0.0,0.0,0.0,1.0,1.0,1.0,2.0,2.0,2.74,3.0,3.74,4.0
6140,-1.0,0.0,0.0,0.0,1.0,1.0,1.0,2.0,2.0,2.7199999999999998,3.0,3.7199999999999998,4.0
6150,-1.0,0.0,0.0,0.0,1.0,1.0,1.0,2.0,2.0,2.7,3.0,3.7,4.0
6160,-1.0,0.0,0.0,0.0,1.0,1.0,1.0,2.0,2.0,2.68,3.0,3.68,4.0
6170,-1.0,0.0,0.0,0.0,1.0,1.0,1.0,2.0,2.0,2.66,3.0,3.66,4.0
6180,-1.0,0.0,0.0,0.0,1.0,1.0,1.0,2.0,2.0,2.64,3.0,3.64,4.0
6190,-1.0,0.0,0.0,0.0,1.0,1.0,1.0,2.0,2.0,2.62,3.0,3.62,4.0
6200,-1.0,0.0,0.0,0.0,1.0,1.0,1.0,2.0,2.0,2.6,3.0,3.6,4.0
6210,-1.0,0.0,0.0,0.0,1.0,1.0,1.0,2.0,2.0,2.58,3.0,3.58,4.0
6220,-1.0,0.0,0.0,0.0,1.0,1.0,1.0,2.0,2.0,2.56,3.0,3.56,4.0
6230,-1.0,0.0,0.0,0.0,1.0,1.0,1.0,2.0,2.0,2.54,3.0,3.54,4.0
6240,-1.0,0.0,0.0,0.0,1.0,1.0,1.0,2.0,2.0,2.52,3.0,3.52,4.0
6250,-1.0,0.0,0.0,0.0,1.0,1.0,1.0,2.0,2.0,2.5,3.0,3.5,4.0
6260,-1.0,0.0,0.0,0.0,1.0,1.0,1.0,2.0,2.0,2.48,3.0,3.48,4.0
6270,-1.0,0.0,0.0,0.0,1.0,1.0,1.0,2.0,2.0,2.46,3.0,3.46,4.0
6280,-1.0,0.0,0.0,0.0,1.0,1.0,1.0,2.0,2.0,2.44,3.0,3.44,4.0
6290,-1.0,0.0,0.0,0.0,1.0,1.0,1.0,2.0,2.0,2.42,3.0,3.42,4.0
6300,-1.0,0.0,0.0,0.0,1.0,1.0,1.0,2.0,2.0,2.4,3.0,3.4,4.0
6310,-1.0,0.0,0.0,0.0,1.0,1.0,1.0,2.0,2.0,2.38,3.0,3.38,4.0
6320,-1.0,0.0,0.0,0.0,1.0,1.0,1.0,2.0,2.0,2.36,3.0,3.36,4.0
6330,-1.0,0.0,0.0,0.0,1.0,1.0,1.0,2.0,2.0,2.34,3.0,3.34,4.0
6340,-1.0,0.0,0.0,0.0,1.0,1.0,1.0,2.0,2.0,2.32,3.0,3.32,4.0
6350,-1.0,0.0,0.0,0.0,1.0,1.0,1.0,2.0,2.0,2.3,3.0,3.3,4.0
6360,-1.0,0.0,0.0,0.0,1.0,1.0,1.0,2.0,2.0,2.2800000000000002,3.0,3.2800000000000002,4.0
6370,-1.0,0.0,0.0,0.0,1.0,1.0,1.0,2.0,2.0,2.26,3.0,3.26,4.0
6380,-1.0,0.0,0.0,0.0,1.0,1.0,1.0,2.0,2.0,2.24,3.0,3.24,4.0
6390,-1.0,0.0,0.0,0.0,1.0,1.0,1.0,2.0,2.0,2.2199999999999998,3.0,3.2199999999999998,4.0
6400,-1.0,0.0,0.0,0.0,1.0,1.0,1.0,2.0,2.0,2.2,3.0,3.2,4.0
6410,-1.0,0.0,0.0,0.0,1.0,1.0,1.0,2.0,2.0,2.1799999999999997,3.0,3.1799999999999997,4.0
6420,-1.0,0.0,0.0,0.0,1.0,1.0,1.0,2.0,2.0,2.16,3.0,3.16,4.0
6430,-1.0,0.0,0.0,0.0,1.0,1.0,1.0,2.0,2.0,2.14,3.0,3.14,4.0
6440,-1.0,0.0,0.0,0.0,1.0,1.0,1.0,2.0,2.0,2.12,3.0,3.12,4.0
6450,-1.0,0.0,0.0,0.0,1.0,1.0,1.0,2.0,2.0,2.1,3.0,3.1,4.0
6460,-1.0,0.0,0.0,0.0,1.0,1.0,1.0,2.0,2.0,2.08,3.0,3.08,4.0
6470,-1.0,0.0,0.0,0.0,1.0,1.0,1.0,2.0,2.0,2.06,3.0,3.06,4.0
6480,-1.0,0.0,0.0,0.0,1.0,1.0,1.0,2.0,2.0,2.04,3.0,3.04,4.0
6490,-1.0,0.0,0.0,0.0,1.0,1.0,1.0,2.0,2.0,2.02,3.0,3.02,4.0
6500,-1.0,0.0,0.0,0.0,1.0,1.0,1.0,2.0,2.0,2.0,3.0,3.0,4.0
6510,-1.0,0.0,0.0,0.0,1.0,1.0,1.0,1.98,2.0,2.0,2.98,3.0,4.0
6520,-1.0,0.0,0.0,0.0,1.0,1.0,1.0,1.96,2.0,2.0,2.96,3.0,4.0
6530,-1.0,0.0,0.0,0.0,1.0,1.0,1.0,1.94,2.0,2.0,2.94,3.0,4.0
6540,-1.0,0.0,0.0,0.0,1.0,1.0,1.0,1.92,2.0,2.0,2.92,3.0,4.0
6550,-1.0,0.0,0.0,0.0,1.0,1.0,1.0,1.9,2.0,2.0,2.9,3.0,4.0
6560,-1.0,0.0,0.0,0.0,1.0,1.0,1.0,1.88,2.0,2.0,2.88,3.0,4.0
6570,-1.0,0.0,0.0,0.0,1.0,1.0,1.0,1.8599999999999999,2.0,2.0,2.86,3.0,4.0
6580,-1.0,0.0,0.0,0.0,1.0,1.0,1.0,1.84,2.0,2.0,2.84,3.0,4.0
6590,-1.0,0.0,0.0,0.0,1.0,1.0,1.0,1.82,2.0,2.0,2.82,3.0,4.0
6600,-1.0,0.0,0.0,0.0,1.0,1.0,1.0,1.8,2.0,2.0,2.8,3.0,4.0
6610,-1.0,0.0,0.0,0.0,1.0,1.0,1.0,1.78,2.0,2.0,2.78,3.0,4.0
6620,-1.0,0.0,0.0,0.0,1.0,1.0,1.0,1.76,2.0,2.0,2.76,3.0,4.0
6630,-1.0,0.0,0.0,0.0,1.0,1.0,1.0,1.74,2.0,2.0,2.74,3.0,4.0
6640,-1.0,0.0,0.0,0.0,1.0,1.0,1.0,1.72,2.0,2.0,2.7199999999999998,3.0,4.0
6650,-1.0,0.0,0.0,0.0,1.0,1.0,1.0,1.7,2.0,2.0,2.7,3.0,4.0
6660,-1.0,0.0,0.0,0.0,1.0,1.0,1.0,1.68,2.0,2.0,2.68,3.0,4.0
6670,-1.0,0.0,0.0,0.0,1.0,1.0,1.0,1.66,2.0,2.0,2.66,3.0,4.0
6680,-1.0,0.0,0.0,0.0,1.0,1.0,1.0,1.6400000000000001,2.0,2.0,2.64,3.0,4.0
6690,-1.0,0.0,0.0,0.0,1.0,1.0,1.0,1.62,2.0,2.0,2.62,3.0,4.0
6700,-1.0,0.0,0.0,0.0,1.0,1.0,1.0,1.6,2.0,2.0,2.6,3.0,4.0
6710,-1.0,0.0,0.0,0.0,1.0,1.0,1.0,1.58,2.0,2.0,2.58,3.0,4.0
6720,-1.0,0.0,0.0,0.0,1.0,1.0,1.0,1.56,2.0,2.0,2.56,3.0,4.0
6730,-1.0,0.0,0.0,0.0,1.0,1.0,1.0,1.54,2.0,2.0,2.54,3.0,4.0
6740,-1.0,0.0,0.0,0.0,1.0,1.0,1.0,1.52,2.0,2.0,2.52,3.0,4.0
6750,-1.0,0.0,0.0,0.0,1.0,1.0,1.0,1.5,2.0,2.0,2.5,3.0,4.0
6760,-1.0,0.0,0.0,0.0,1.0,1.0,1.0,1.48,2.0,2.0,2.48,3.0,4.0
6770,-1.0,0.0,0.0,0.0,1.0,1.0,1.0,1.46,2.0,2.0,2.46,3.0,4.0
6780,-1.0,0.0,0.0,0.0,1.0,1.0,1.0,1.44,2.0,2.0,2.44,3.0,4.0
6790,-1.0,0.0,0.0,0.0,1.0,1.0,1.0,1.42,2.0,2.0,2.42,3.0,4.0
6800,-1.0,0.0,0.0,0.0,1.0,1.0,1.0,1.4,2.0,2.0,2.4,3.0,4.0
6810,-1.0,0.0,0.0,0.0,1.0,1.0,1.0,1.38,2.0,2.0,2.38,3.0,4.0
6820,-1.0,0.0,0.0,0.0,1.0,1.0,1.0,1.3599999999999999,2.0,2.0,2.36,3.0,4.0
6830,-1.0,0.0,0.0,0.0,1.0,1.0,1.0,1.3399999999999999,2.0,2.0,2.34,3.0,4.0
6840,-1.0,0.0,0.0,0.0,1.0,1.0,1.0,1.3199999999999998,2.0,2.0,2.32,3.0,4.0
6850,-1.0,0.0,0.0,0.0,1.0,1.0,1.0,1.2999999999999998,2.0,2.0,2.3,3.0,4.0
6860,-1.0,0.0,0.0,0.0,1.0,1.0,1.0,1.28,2.0,2.0,2.2800000000000002,3.0,4.0
6870,-1.0,0.0,0.0,0.0,1.0,1.0,1.0,1.26,2.0,2.0,2.26,3.0,4.0
6880,-1.0,0.0,0.0,0.0,1.0,1.0,1.0,1.24,2.0,2.0,2.24,3.0,4.0
6890,-1.0,0.0,0.0,0.0,1.0,1.0,1.0,1.22,2.0,2.0,2.2199999999999998,3.0,4.0
6900,-1.0,0.0,0.0,0.0,1.0,1.0,1.0,1.2,2.0,2.0,2.2,3.0,4.0
6910,-1.0,0.0,0.0,0.0,1.0,1.0,1.0,1.18,2.0,2.0,2.1799999999999997,3.0,4.0
6920,-1.0,0.0,0.0,0.0,1.0,1.0,1.0,1.1600000000000001,2.0,2.0,2.16,3.0,4.0
6930,-1.0,0.0,0.0,0.0,1.0,1.0,1.0,1.1400000000000001,2.0,2.0,2.14,3.0,4.0
6940,-1.0,0.0,0.0,0.0,1.0,1.0,1.0,1.12,2.0,2.0,2.12,3.0,4.0
6950,-1.0,0.0,0.0,0.0,1.0,1.0,1.0,1.1,2.0,2.0,2.1,3.0,4.0
6960,-1.0,0.0,0.0,0.0,1.0,1.0,1.0,1.08,2.0,2.0,2.08,3.0,4.0
6970,-1.0,0.0,0.0,0.0,1.0,1.0,1.0,1.06,2.0,2.0,2.06,3.0,4.0
6980,-1.0,0.0,0.0,0.0,1.0,1.0,1.0,1.04,2.0,2.0,2.04,3.0,4.0
6990,-1.0,0.0,0.0,0.0,1.0,1.0,1.0,1.02,2.0,2.0,2.02,3.0,4.0
7000,-1.0,0.0,0.0,0.0,1.0,1.0,1.0,1.0,2.0,2.0,2.0,3.0,4.0
7010,-1.0,0.0,0.0,0.0,1.0,1.0,1.0,1.0,2.0,2.0,2.0,3.0,3.98
7020,-1.0,0.0,0.0,0.0,1.0,1.0,1.0,1.0,2.0,2.0,2.0,3.0,3.96
7030,-1.0,0.0,0.0,0.0,1.0,1.0,1.0,1.0,2.0,2.0,2.0,3.0,3.94
7040,-1.0,0.0,0.0,0.0,1.0,1.0,1.0,1.0,2.0,2.0,2.0,3.0,3.92
7050,-1.0,0.0,0.0,0.0,1.0,1.0,1.0,1.0,2.0,2.0,2.0,3.0,3.9
7060,-1.0,0.0,0.0,0.0,1.0,1.0,1.0,1.0,2.0,2.0,2.0,3.0,3.88
7070,-1.0,0.0,0.0,0.0,1.0,1.0,1.0,1.0,2.0,2.0,2.0,3.0,3.86
7080,-1.0,0.0,0.0,0.0,1.0,1.0,1.0,1.0,2.0,2.0,2.0,3.0,3.84
7090,-1.0,0.0,0.0,0.0,1.0,1.0,1.0,1.0,2.0,2.0,2.0,3.0,3.82
7100,-1.0,0.0,0.0,0.0,1.0,1.0,1.0,1.0,2.0,2.0,2.0,3.0,3.8
7110,-1.0,0.0,0.0,0.0,1.0,1.0,1.0,1.0,2.0,2.0,2.0,3.0,3.78
7120,-1.0,0.0,0.0,0.0,1.0,1.0,1.0,1.0,2.0,2.0,2.0,3.0,3.76
7130,-1.0,0.0,0.0,0.0,1.0,1.0,1.0,1.0,2.0,2.0,2.0,3.0,3.74
7140,-1.0,0.0,0.0,0.0,1.0,1.0,1.0,1.0,2.0,2.0,2.0,3.0,3.7199999999999998
7150,-1.0,0.0,0.0,0.0,1.0,1.0,1.0,1.0,2.0,2.0,2.0,3.0,3.7
7160,-1.0,0.0,0.0,0.0,1.0,1.0,1.0,1.0,2.0,2.0,2.0,3.0,3.68
7170,-1.0,0.0,0.0,0.0,1.0,1.0,1.0,1.0,2.0,2.0,2.0,3.0,3.66
7180,-1.0,0.0,0.0,0.0,1.0,1.0,1.0,1.0,2.0,2.0,2.0,3.0,3.64
7190,-1.0,0.0,0.0,0.0,1.0,1.0,1.0,1.0,2.0,2.0,2.0,3.0,3.62
7200,-1.0,0.0,0.0,0.0,1.0,1.0,1.0,1.0,2.0,2.0,2.0,3.0,3.6
7210,-1.0,0.0,0.0,0.0,1.0,1.0,1.0,1.0,2.0,2.0,2.0,3.0,3.58
7220,-1.0,0.0,0.0,0.0,1.0,1.0,1.0,1.0,2.0,2.0,2.0,3.0,3.56
7230,-1.0,0.0,0.0,0.0,1.0,1.0,1.0,1.0,2.0,2.0,2.0,3.0,3.54
7240,-1.0,0.0,0.0,0.0,1.0,1.0,1.0,1.0,2.0,2.0,2.0,3.0,3.52
7250,-1.0,0.0,0.0,0.0,1.0,1.0,1.0,1.0,2.0,2.0,2.0,3.0,3.5
7260,-1.0,0.0,0.0,0.0,1.0,1.0,1.0,1.0,2.0,2.0,2.0,3.0,3.48
7270,-1.0,0.0,0.0,0.0,1.0,1.0,1.0,1.0,2.0,2.0,2.0,3.0,3.46
7280,-1.0,0.0,0.0,0.0,1.0,1.0,1.0,1.0,2.0,2.0,2.0,3.0,3.44
7290,-1.0,0.0,0.0,0.0,1.0,1.0,1.0,1.0,2.0,2.0,2.0,3.0,3.42
7300,-1.0,0.0,0.0,0.0,1.0,1.0,1.0,1.0,2.0,2.0,2.0,3.0,3.4
7310,-1.0,0.0,0.0,0.0,1.0,1.0,1.0,1.0,2.0,2.0,2.0,3.0,3.38
7320,-1.0,0.0,0.0,0.0,1.0,1.0,1.0,1.0,2.0,2.0,2.0,3.0,3.36
7330,-1.0,0.0,0.0,0.0,1.0,1.0,1.0,1.0,2.0,2.0,2.0,3.0,3.34
7340,-1.0,0.0,0.0,0.0,1.0,1.0,1.0,1.0,2.0,2.0,2.0,3.0,3.32
7350,-1.0,0.0,0.0,0.0,1.0,1.0,1.0,1.0,2.0,2.0,2.0,3.0,3.3
7360,-1.0,0.0,0.0,0.0,1.0,1.0,1.0,1.0,2.0,2.0,2.0,3.0,3.2800000000000002
7370,-1.0,0.0,0.0,0.0,1.0,1.0,1.0,1.0,2.0,2.0,2.0,3.0,3.26
7380,-1.0,0.0,0.0,0.0,1.0,1.0,1.0,1.0,2.0,2.0,2.0,3.0,3.24
7390,-1.0,0.0,0.0,0.0,1.0,1.0,1.0,1.0,2.0,2.0,2.0,3.0,3.2199999999999998
7400,-1.0,0.0,0.0,0.0,1.0,1.0,1.0,1.0,2.0,2.0,2.0,3.0,3.2
7410,-1.0,0.0,0.0,0.0,1.0,1.0,1.0,1.0,2.0,2.0,2.0,3.0,3.1799999999999997
7420,-1.0,0.0,0.0,0.0,1.0,1.0,1.0,1.0,2.0,2.0,2.0,3.0,3.16
7430,-1.0,0.0,0.0,0.0,1.0,1.0,1.0,1.0,2.0,2.0,2.0,3.0,3.14
7440,-1.0,0.0,0.0,0.0,1.0,1.0,1.0,1.0,2.0,2.0,2.0,3.0,3.12
7450,-1.0,0.0,0.0,0.0,1.0,1.0,1.0,1.0,2.0,2.0,2.0,3.0,3.1
7460,-1.0,0.0,0.0,0.0,1.0,1.0,1.0,1.0,2.0,2.0,2.0,3.0,3.08
7470,-1.0,0.0,0.0,0.0,1.0,1.0,1.0,1.0,2.0,2.0,2.0,3.0,3.06
7480,-1.0,0.0,0.0,0.0,1.0,1.0,1.0,1.0,2.0,2.0,2.0,3.0,3.04
7490,-1.0,0.0,0.0,0.0,1.0,1.0,1.0,1.0,2.0,2.0,2.0,3.0,3.02
7500,-1.0,0.0,0.0,0.0,1.0,1.0,1.0,1.0,2.0,2.0,2.0,3.0,3.0
7510,-0.98,0.0,0.0,0.0,0.98,1.0,1.0,1.0,1.98,2.0,2.0,2.98,3.0
7520,-0.96,0.0,0.0,0.0,0.96,1.0,1.0,1.0,1.96,2.0,2.0,2.96,3.0
7530,-0.94,0.0,0.0,0.0,0.94,1.0,1.0,1.0,1.94,2.0,2.0,2.94,3.0
7540,-0.92,0.0,0.0,0.0,0.92,1.0,1.0,1.0,1.92,2.0,2.0,2.92,3.0
7550,-0.9,0.0,0.0,0.0,0.9,1.0,1.0,1.0,1.9,2.0,2.0,2.9,3.0
7560,-0.88,0.0,0.0,0.0,0.88,1.0,1.0,1.0,1.88,2.0,2.0,2.88,3.0
7570,-0.86,0.0,0.0,0.0,0.86,1.0,1.0,1.0,1.8599999999999999,2.0,2.0,2.86,3.0
7580,-0.84,0.0,0.0,0.0,0.84,1.0,1.0,1.0,1.84,2.0,2.0,2.84,3.0
7590,-0.8200000000000001,0.0,0.0,0.0,0.8200000000000001,1.0,1.0,1.0,1.82,2.0,2.0,2.82,3.0
7600,-0.8,0.0,0.0,0.0,0.8,1.0,1.0,1.0,1.8,2.0,2.0,2.8,3.0
7610,-0.78,0.0,0.0,0.0,0.78,1.0,1.0,1.0,1.78,2.0,2.0,2.78,3.0
7620,-0.76,0.0,0.0,0.0,0.76,1.0,1.0,1.0,1.76,2.0,2.0,2.76,3.0
7630,-0.74,0.0,0.0,0.0,0.74,1.0,1.0,1.0,1.74,2.0,2.0,2.74,3.0
7640,-0.72,0.0,0.0,0.0,0.72,1.0,1.0,1.0,1.72,2.0,2.0,2.7199999999999998,3.0
7650,-0.7,0.0,0.0,0.0,0.7,1.0,1.0,1.0,1.7,2.0,2.0,2.7,3.0
7660,-0.6799999999999999,0.0,0.0,0.0,0.6799999999999999,1.0,1.0,1.0,1.68,2.0,2.0,2.68,3.0
7670,-0.6599999999999999,0.0,0.0,0.0,0.6599999999999999,1.0,1.0,1.0,1.66,2.0,2.0,2.66,3.0
7680,-0.64,0.0,0.0,0.0,0.64,1.0,1.0,1.0,1.6400000000000001,2.0,2.0,2.64,3.0
7690,-0.62,0.0,0.0,0.0,0.62,1.0,1.0,1.0,1.62,2.0,2.0,2.62,3.0
7700,-0.6,0.0,0.0,0.0,0.6,1.0,1.0,1.0,1.6,2.0,2.0,2.6,3.0
7710,-0.5800000000000001,0.0,0.0,0.0,0.5800000000000001,1.0,1.0,1.0,1.58,2.0,2.0,2.58,3.0
7720,-0.56,0.0,0.0,0.0,0.56,1.0,1.0,1.0,1.56,2.0,2.0,2.56,3.0
7730,-0.54,0.0,0.0,0.0,0.54,1.0,1.0,1.0,1.54,2.0,2.0,2.54,3.0
7740,-0.52,0.0,0.0,0.0,0.52,1.0,1.0,1.0,1.52,2.0,2.0,2.52,3.0
7750,-0.5,0.0,0.0,0.0,0.5,1.0,1.0,1.0,1.5,2.0,2.0,2.5,3.0
7760,-0.48,0.0,0.0,0.0,0.48,1.0,1.0,1.0,1.48,2.0,2.0,2.48,3.0
7770,-0.45999999999999996,0.0,0.0,0.0,0.45999999999999996,1.0,1.0,1.0,1.46,2.0,2.0,2.46,3.0
7780,-0.43999999999999995,0.0,0.0,0.0,0.43999999999999995,1.0,1.0,1.0,1.44,2.0,2.0,2.44,3.0
7790,-0.42000000000000004,0.0,0.0,0.0,0.42000000000000004,1.0,1.0,1.0,1.42,2.0,2.0,2.42,3.0
7800,-0.4,0.0,0.0,0.0,0.4,1.0,1.0,1.0,1.4,2.0,2.0,2.4,3.0
7810,-0.38,0.0,0.0,0.0,0.38,1.0,1.0,1.0,1.38,2.0,2.0,2.38,3.0
7820,-0.36,0.0,0.0,0.0,0.36,1.0,1.0,1.0,1.3599999999999999,2.0,2.0,2.36,3.0
7830,-0.33999999999999997,0.0,0.0,0.0,0.33999999999999997,1.0,1.0,1.0,1.3399999999999999,2.0,2.0,2.34,3.0
7840,-0.31999999999999995,0.0,0.0,0.0,0.31999999999999995,1.0,1.0,1.0,1.3199999999999998,2.0,2.0,2.32,3.0
7850,-0.29999999999999993,0.0,0.0,0.0,0.29999999999999993,1.0,1.0,1.0,1.2999999999999998,2.0,2.0,2.3,3.0
7860,-0.28,0.0,0.0,0.0,0.28,1.0,1.0,1.0,1.28,2.0,2.0,2.2800000000000002,3.0
7870,-0.26,0.0,0.0,0.0,0.26,1.0,1.0,1.0,1.26,2.0,2.0,2.26,3.0
7880,-0.24,0.0,0.0,0.0,0.24,1.0,1.0,1.0,1.24,2.0,2.0,2.24,3.0
7890,-0.21999999999999997,0.0,0.0,0.0,0.21999999999999997,1.0,1.0,1.0,1.22,2.0,2.0,2.2199999999999998,3.0
7900,-0.19999999999999996,0.0,0.0,0.0,0.19999999999999996,1.0,1.0,1.0,1.2,2.0,2.0,2.2,3.0
7910,-0.17999999999999994,0.0,0.0,0.0,0.17999999999999994,1.0,1.0,1.0,1.18,2.0,2.0,2.1799999999999997,3.0
7920,-0.16000000000000003,0.0,0.0,0.0,0.16000000000000003,1.0,1.0,1.0,1.1600000000000001,2.0,2.0,2.16,3.0
7930,-0.14,0.0,0.0,0.0,0.14,1.0,1.0,1.0,1.1400000000000001,2.0,2.0,2.14,3.0
7940,-0.12,0.0,0.0,0.0,0.12,1.0,1.0,1.0,1.12,2.0,2.0,2.12,3.0
7950,-0.09999999999999998,0.0,0.0,0.0,0.09999999999999998,1.0,1.0,1.0,1.1,2.0,2.0,2.1,3.0
7960,-0.07999999999999996,0.0,0.0,0.0,0.07999999999999996,1.0,1.0,1.0,1.08,2.0,2.0,2.08,3.0
7970,-0.05999999999999994,0.0,0.0,0.0,0.05999999999999994,1.0,1.0,1.0,1.06,2.0,2.0,2.06,3.0
7980,-0.040000000000000036,0.0,0.0,0.0,0.040000000000000036,1.0,1.0,1.0,1.04,2.0,2.0,2.04,3.0
7990,-0.020000000000000018,0.0,0.0,0.0,0.020000000000000018,1.0,1.0,1.0,1.02,2.0,2.0,2.02,3.0
8000,0.0,0.0,0.0,0.0,0.0,1.0,1.0,1.0,1.0,2.0,2.0,2.0,3.0
8010,0.0,0.0,0.0,0.0,0.0,1.0,1.0,1.0,1.0,1.98,2.0,2.0,2.98
8020,0.0,0.0,0.0,0.0,0.0,1.0,1.0,1.0,1.0,1.96,2.0,2.0,2.96
8030,0.0,0.0,0.0,0.0,0.0,1.0,1.0,1.0,1.0,1.94,2.0,2.0,2.94
8040,0.0,0.0,0.0,0.0,0.0,1.0,1.0,1.0,1.0,1.92,2.0,2.0,2.92
8050,0.0,0.0,0.0,0.0,0.0,1.0,1.0,1.0,1.0,1.9,2.0,2.0,2.9
8060,0.0,0.0,0.0,0.0,0.0,1.0,1.0,1.0,1.0,1.88,2.0,2.0,2.88
8070,0.0,0.0,0.0,0.0,0.0,1.0,1.0,1.0,1.0,1.8599999999999999,2.0,2.0,2.86
8080,0.0,0.0,0.0,0.0,0.0,1.0,1.0,1.0,1.0,1.84,2.0,2.0,2.84
8090,0.0,0.0,0.0,0.0,0.0,1.0,1.0,1.0,1.0,1.82,2.0,2.0,2.82
8100,0.0,0.0,0.0,0.0,0.0,1.0,1.0,1.0,1.0,1.8,2.0,2.0,2.8
8110,0.0,0.0,0.0,0.0,0.0,1.0,1.0,1.0,1.0,1.78,2.0,2.0,2.78
8120,0.0,0.0,0.0,0.0,0.0,1.0,1.0,1.0,1.0,1.76,2.0,2.0,2.76
8130,0.0,0.0,0.0,0.0,0.0,1.0,1.0,1.0,1.0,1.74,2.0,2.0,2.74
8140,0.0,0.0,0.0,0.0,0.0,1.0,1.0,1.0,1.0,1.72,2.0,2.0,2.7199999999999998
8150,0.0,0.0,0.0,0.0,0.0,1.0,1.0,1.0,1.0,1.7,2.0,2.0,2.7
8160,0.0,0.0,0.0,0.0,0.0,1.0,1.0,1.0,1.0,1.68,2.0,2.0,2.68
8170,0.0,0.0,0.0,0.0,0.0,1.0,1.0,1.0,1.0,1.66,2.0,2.0,2.66
8180,0.0,0.0,0.0,0.0,0.0,1.0,1.0,1.0,1.0,1.6400000000000001,2.0,2.0,2.64
8190,0.0,0.0,0.0,0.0,0.0,1.0,1.0,1.0,1.0,1.62,2.0,2.0,2.62
8200,0.0,0.0,0.0,0.0,0.0,1.0,1.0,1.0,1.0,1.6,2.0,2.0,2.6
8210,0.0,0.0,0.0,0.0,0.0,1.0,1.0,1.0,1.0,1.58,2.0,2.0,2.58
8220,0.0,0.0,0.0,0.0,0.0,1.0,1.0,1.0,1.0,1.56,2.0,2.0,2.56
8230,0.0,0.0,0.0,0.0,0.0,1.0,1.0,1.0,1.0,1.54,2.0,2.0,2.54
8240,0.0,0.0,0.0,0.0,0.0,1.0,1.0,1.0,1.0,1.52,2.0,2.0,2.52
8250,0.0,0.0,0.0,0.0,0.0,1.0,1.0,1.0,1.0,1.5,2.0,2.0,2.5
8260,0.0,0.0,0.0,0.0,0.0,1.0,1.0,1.0,1.0,1.48,2.0,2.0,2.48
8270,0.0,0.0,0.0,0.0,0.0,1.0,1.0,1.0,1.0,1.46,2.0,2.0,2.46
8280,0.0,0.0,0.0,0.0,0.0,1.0,1.0,1.0,1.0,1.44,2.0,2.0,2.44
8290,0.0,0.0,0.0,0.0,0.0,1.0,1.0,1.0,1.0,1.42,2.0,2.0,2.42
8300,0.0,0.0,0.0,0.0,0.0,1.0,1.0,1.0,1.0,1.4,2.0,2.0,2.4
8310,0.0,0.0,0.0,0.0,0.0,1.0,1.0,1.0,1.0,1.38,2.0,2.0,2.38
8320,0.0,0.0,0.0,0.0,0.0,1.0,1.0,1.0,1.0,1.3599999999999999,2.0,2.0,2.36
8330,0.0,0.0,0.0,0.0,0.0,1.0,1.0,1.0,1.0,1.3399999999999999,2.0,2.0,2.34
8340,0.0,0.0,0.0,0.0,0.0,1.0,1.0,1.0,1.0,1.3199999999999998,2.0,2.0,2.32
8350,0.0,0.0,0.0,0.0,0.0,1.0,1.0,1.0,1.0,1.2999999999999998,2.0,2.0,2.3
8360,0.0,0.0,0.0,0.0,0.0,1.0,1.0,1.0,1.0,1.28,2.0,2.0,2.2800000000000002
8370,0.0,0.0,0.0,0.0,0.0,1.0,1.0,1.0,1.0,1.26,2.0,2.0,2.26
8380,0.0,0.0,0.0,0.0,0.0,1.0,1.0,1.0,1.0,1.24,2.0,2.0,2.24
8390,0.0,0.0,0.0,0.0,0.0,1.0,1.0,1.0,1.0,1.22,2.0,2.0,2.2199999999999998
8400,0.0,0.0,0.0,0.0,0.0,1.0,1.0,1.0,1.0,1.2,2.0,2.0,2.2
8410,0.0,0.0,0.0,0.0,0.0,1.0,1.0,1.0,1.0,1.18,2.0,2.0,2.1799999999999997
8420,0.0,0.0,0.0,0.0,0.0,1.0,1.0,1.0,1.0,1.1600000000000001,2.0,2.0,2.16
8430,0.0,0.0,0.0,0.0,0.0,1.0,1.0,1.0,1.0,1.1400000000000001,2.0,2.0,2.14
8440,0.0,0.0,0.0,0.0,0.0,1.0,1.0,1.0,1.0,1.12,2.0,2.0,2.12
8450,0.0,0.0,0.0,0.0,0.0,1.0,1.0,1.0,1.0,1.1,2.0,2.0,2.1
8460,0.0,0.0,0.0,0.0,0.0,1.0,1.0,1.0,1.0,1.08,2.0,2.0,2.08
8470,0.0,0.0,0.0,0.0,0.0,1.0,1.0,1.0,1.0,1.06,2.0,2.0,2.06
8480,0.0,0.0,0.0,0.0,0.0,1.0,1.0,1.0,1.0,1.04,2.0,2.0,2.04
8490,0.0,0.0,0.0,0.0,0.0,1.0,1.0,1.0,1.0,1.02,2.0,2.0,2.02
8500,0.0,0.0,0.0,0.0,0.0,1.0,1.0,1.0,1.0,1.0,2.0,2.0,2.0
8510,0.0,0.0,0.0,0.0,0.0,0.98,1.0,1.0,1.0,1.0,1.98,2.0,2.0
8520,0.0,0.0,0.0,0.0,0.0,0.96,1.0,1.0,1.0,1.0,1.96,2.0,2.0
8530,0.0,0.0,0.0,0.0,0.0,0.94,1.0,1.0,1.0,1.0,1.94,2.0,2.0
8540,0.0,0.0,0.0,0.0,0.0,0.92,1.0,1.0,1.0,1.0,1.92,2.0,2.0
8550,0.0,0.0,0.0,0.0,0.0,0.9,1.0,1.0,1.0,1.0,1.9,2.0,2.0
8560,0.0,0.0,0.0,0.0,0.0,0.88,1.0,1.0,1.0,1.0,1.88,2.0,2.0
8570,0.0,0.0,0.0,0.0,0.0,0.86,1.0,1.0,1.0,1.0,1.8599999999999999,2.0,2.0
8580,0.0,0.0,0.0,0.0,0.0,0.84,1.0,1.0,1.0,1.0,1.84,2.0,2.0
8590,0.0,0.0,0.0,0.0,0.0,0.8200000000000001,1.0,1.0,1.0,1.0,1.82,2.0,2.0
8600,0.0,0.0,0.0,0.0,0.0,0.8,1.0,1.0,1.0,1.0,1.8,2.0,2.0
8610,0.0,0.0,0.0,0.0,0.0,0.78,1.0,1.0,1.0,1.0,1.78,2.0,2.0
8620,0.0,0.0,0.0,0.0,0.0,0.76,1.0,1.0,1.0,1.0,1.76,2.0,2.0
8630,0.0,0.0,0.0,0.0,0.0,0.74,1.0,1.0,1.0,1.0,1.74,2.0,2.0
8640,0.0,0.0,0.0,0.0,0.0,0.72,1.0,1.0,1.0,1.0,1.72,2.0,2.0
8650,0.0,0.0,0.0,0.0,0.0,0.7,1.0,1.0,1.0,1.0,1.7,2.0,2.0
8660,0.0,0.0,0.0,0.0,0.0,0.6799999999999999,1.0,1.0,1.0,1.0,1.68,2.0,2.0
8670,0.0,0.0,0.0,0.0,0.0,0.6599999999999999,1.0,1.0,1.0,1.0,1.66,2.0,2.0
8680,0.0,0.0,0.0,0.0,0.0,0.64,1.0,1.0,1.0,1.0,1.6400000000000001,2.0,2.0
8690,0.0,0.0,0.0,0.0,0.0,0.62,1.0,1.0,1.0,1.0,1.62,2.0,2.0
8700,0.0,0.0,0.0,0.0,0.0,0.6,1.0,1.0,1.0,1.0,1.6,2.0,2.0
8710,0.0,0.0,0.0,0.0,0.0,0.5800000000000001,1.0,1.0,1.0,1.0,1.58,2.0,2.0
8720,0.0,0.0,0.0,0.0,0.0,0.56,1.0,1.0,1.0,1.0,1.56,2.0,2.0
8730,0.0,0.0,0.0,0.0,0.0,0.54,1.0,1.0,1.0,1.0,1.54,2.0,2.0
8740,0.0,0.0,0.0,0.0,0.0,0.52,1.0,1.0,1.0,1.0,1.52,2.0,2.0
8750,0.0,0.0,0.0,0.0,0.0,0.5,1.0,1.0,1.0,1.0,1.5,2.0,2.0
8760,0.0,0.0,0.0,0.0,0.0,0.48,1.0,1.0,1.0,1.0,1.48,2.0,2.0
8770,0.0,0.0,0.0,0.0,0.0,0.45999999999999996,1.0,1.0,1.0,1.0,1.46,2.0,2.0
8780,0.0,0.0,0.0,0.0,0.0,0.43999999999999995,1.0,1.0,1.0,1.0,1.44,2.0,2.0
8790,0.0,0.0,0.0,0.0,0.0,0.42000000000000004,1.0,1.0,1.0,1.0,1.42,2.0,2.0
8800,0.0,0.0,0.0,0.0,0.0,0.4,1.0,1.0,1.0,1.0,1.4,2.0,2.0
8810,0.0,0.0,0.0,0.0,0.0,0.38,1.0,1.0,1.0,1.0,1.38,2.0,2.0
8820,0.0,0.0,0.0,0.0,0.0,0.36,1.0,1.0,1.0,1.0,1.3599999999999999,2.0,2.0
8830,0.0,0.0,0.0,0.0,0.0,0.33999999999999997,1.0,1.0,1.0,1.0,1.3399999999999999,2.0,2.0
8840,0.0,0.0,0.0,0.0,0.0,0.31999999999999995,1.0,1.0,1.0,1.0,1.3199999999999998,2.0,2.0
8850,0.0,0.0,0.0,0.0,0.0,0.29999999999999993,1.0,1.0,1.0,1.0,1.2999999999999998,2.0,2.0
8860,0.0,0.0,0.0,0.0,0.0,0.28,1.0,1.0,1.0,1.0,1.28,2.0,2.0
8870,0.0,0.0,0.0,0.0,0.0,0.26,1.0,1.0,1.0,1.0,1.26,2.0,2.0
8880,0.0,0.0,0.0,0.0,0.0,0.24,1.0,1.0,1.0,1.0,1.24,2.0,2.0
8890,0.0,0.0,0.0,0.0,0.0,0.21999999999999997,1.0,1.0,1.0,1.0,1.22,2.0,2.0
8900,0.0,0.0,0.0,0.0,0.0,0.19999999999999996,1.0,1.0,1.0,1.0,1.2,2.0,2.0
8910,0.0,0.0,0.0,0.0,0.0,0.17999999999999994,1.0,1.0,1.0,1.0,1.18,2.0,2.0
8920,0.0,0.0,0.0,0.0,0.0,0.16000000000000003,1.0,1.0,1.0,1.0,1.1600000000000001,2.0,2.0
8930,0.0,0.0,0.0,0.0,0.0,0.14,1.0,1.0,1.0,1.0,1.1400000000000001,2.0,2.0
8940,0.0,0.0,0.0,0.0,0.0,0.12,1.0,1.0,1.0,1.0,1.12,2.0,2.0
8950,0.0,0.0,0.0,0.0,0.0,0.09999999999999998,1.0,1.0,1.0,1.0,1.1,2.0,2.0
8960,0.0,0.0,0.0,0.0,0.0,0.07999999999999996,1.0,1.0,1.0,1.0,1.08,2.0,2.0
8970,0.0,0.0,0.0,0.0,0.0,0.05999999999999994,1.0,1.0,1.0,1.0,1.06,2.0,2.0
8980,0.0,0.0,0.0,0.0,0.0,0.040000000000000036,1.0,1.0,1.0,1.0,1.04,2.0,2.0
8990,0.0,0.0,0.0,0.0,0.0,0.020000000000000018,1.0,1.0,1.0,1.0,1.02,2.0,2.0
9000,0.0,0.0,0.0,0.0,0.0,0.0,1.0,1.0,1.0,1.0,1.0,2.0,2.0
9010,0.0,0.0,0.0,0.0,0.0,0.0,1.0,1.0,1.0,1.0,1.0,1.98,2.0
9020,0.0,0.0,0.0,0.0,0.0,0.0,1.0,1.0,1.0,1.0,1.0,1.96,2.0
9030,0.0,0.0,0.0,0.0,0.0,0.0,1.0,1.0,1.0,1.0,1.0,1.94,2.0
9040,0.0,0.0,0.0,0.0,0.0,0.0,1.0,1.0,1.0,1.0,1.0,1.92,2.0
9050,0.0,0.0,0.0,0.0,0.0,0.0,1.0,1.0,1.0,1.0,1.0,1.9,2.0
9060,0.0,0.0,0.0,0.0,0.0,0.0,1.0,1.0,1.0,1.0,1.0,1.88,2.0
9070,0.0,0.0,0.0,0.0,0.0,0.0,1.0,1.0,1.0,1.0,1.0,1.8599999999999999,2.0
9080,0.0,0.0,0.0,0.0,0.0,0.0,1.0,1.0,1.0,1.0,1.0,1.84,2.0
9090,0.0,0.0,0.0,0.0,0.0,0.0,1.0,1.0,1.0,1.0,1.0,1.82,2.0
9100,0.0,0.0,0.0,0.0,0.0,0.0,1.0,1.0,1.0,1.0,1.0,1.8,2.0
9110,0.0,0.0,0.0,0.0,0.0,0.0,1.0,1.0,1.0,1.0,1.0,1.78,2.0
9120,0.0,0.0,0.0,0.0,0.0,0.0,1.0,1.0,1.0,1.0,1.0,1.76,2.0
9130,0.0,0.0,0.0,0.0,0.0,0.0,1.0,1.0,1.0,1.0,1.0,1.74,2.0
9140,0.0,0.0,0.0,0.0,0.0,0.0,1.0,1.0,1.0,1.0,1.0,1.72,2.0
9150,0.0,0.0,0.0,0.0,0.0,0.0,1.0,1.0,1.0,1.0,1.0,1.7,2.0
9160,0.0,0.0,0.0,0.0,0.0,0.0,1.0,1.0,1.0,1.0,1.0,1.68,2.0
9170,0.0,0.0,0.0,0.0,0.0,0.0,1.0,1.0,1.0,1.0,1.0,1.66,2.0
9180,0.0,0.0,0.0,0.0,0.0,0.0,1.0,1.0,1.0,1.0,1.0,1.6400000000000001,2.0
9190,0.0,0.0,0.0,0.0,0.0,0.0,1.0,1.0,1.0,1.0,1.0,1.62,2.0
9200,0.0,0.0,0.0,0.0,0.0,0.0,1.0,1.0,1.0,1.0,1.0,1.6,2.0
9210,0.0,0.0,0.0,0.0,0.0,0.0,1.0,1.0,1.0,1.0,1.0,1.58,2.0
9220,0.0,0.0,0.0,0.0,0.0,0.0,1.0,1.0,1.0,1.0,1.0,1.56,2.0
9230,0.0,0.0,0.0,0.0,0.0,0.0,1.0,1.0,1.0,1.0,1.0,1.54,2.0
9240,0.0,0.0,0.0,0.0,0.0,0.0,1.0,1.0,1.0,1.0,1.0,1.52,2.0
9250,0.0,0.0,0.0,0.0,0.0,0.0,1.0,1.0,1.0,1.0,1.0,1.5,2.0
9260,0.0,0.0,0.0,0.0,0.0,0.0,1.0,1.0,1.0,1.0,1.0,1.48,2.0
9270,0.0,0.0,0.0,0.0,0.0,0.0,1.0,1.0,1.0,1.0,1.0,1.46,2.0
9280,0.0,0.0,0.0,0.0,0.0,0.0,1.0,1.0,1.0,1.0,1.0,1.44,2.0
9290,0.0,0.0,0.0,0.0,0.0,0.0,1.0,1.0,1.0,1.0,1.0,1.42,2.0
9300,0.0,0.0,0.0,0.0,0.0,0.0,1.0,1.0,1.0,1.0,1.0,1.4,2.0
9310,0.0,0.0,0.0,0.0,0.0,0.0,1.0,1.0,1.0,1.0,1.0,1.38,2.0
9320,0.0,0.0,0.0,0.0,0.0,0.0,1.0,1.0,1.0,1.0,1.0,1.3599999999999999,2.0
9330,0.0,0.0,0.0,0.0,0.0,0.0,1.0,1.0,1.0,1.0,1.0,1.3399999999999999,2.0
9340,0.0,0.0,0.0,0.0,0.0,0.0,1.0,1.0,1.0,1.0,1.0,1.3199999999999998,2.0
9350,0.0,0.0,0.0,0.0,0.0,0.0,1.0,1.0,1.0,1.0,1.0,1.2999999999999998,2.0
9360,0.0,0.0,0.0,0.0,0.0,0.0,1.0,1.0,1.0,1.0,1.0,1.28,2.0
9370,0.0,0.0,0.0,0.0,0.0,0.0,1.0,1.0,1.0,1.0,1.0,1.26,2.0
9380,0.0,0.0,0.0,0.0,0.0,0.0,1.0,1.0,1.0,1.0,1.0,1.24,2.0
9390,0.0,0.0,0.0,0.0,0.0,0.0,1.0,1.0,1.0,1.0,1.0,1.22,2.0
9400,0.0,0.0,0.0,0.0,0.0,0.0,1.0,1.0,1.0,1.0,1.0,1.2,2.0
9410,0.0,0.0,0.0,0.0,0.0,0.0,1.0,1.0,1.0,1.0,1.0,1.18,2.0
9420,0.0,0.0,0.0,0.0,0.0,0.0,1.0,1.0,1.0,1.0,1.0,1.1600000000000001,2.0
9430,0.0,0.0,0.0,0.0,0.0,0.0,1.0,1.0,1.0,1.0,1.0,1.1400000000000001,2.0
9440,0.0,0.0,0.0,0.0,0.0,0.0,1.0,1.0,1.0,1.0,1.0,1.12,2.0
9450,0.0,0.0,0.0,0.0,0.0,0.0,1.0,1.0,1.0,1.0,1.0,1.1,2.0
9460,0.0,0.0,0.0,0.0,0.0,0.0,1.0,1.0,1.0,1.0,1.0,1.08,2.0
9470,0.0,0.0,0.0,0.0,0.0,0.0,1.0,1.0,1.0,1.0,1.0,1.06,2.0
9480,0.0,0.0,0.0,0.0,0.0,0.0,1.0,1.0,1.0,1.0,1.0,1.04,2.0
9490,0.0,0.0,0.0,0.0,0.0,0.0,1.0,1.0,1.0,1.0,1.0,1.02,2.0
9500,0.0,0.0,0.0,0.0,0.0,0.0,1.0,1.0,1.0,1.0,1.0,1.0,2.0
9510,0.0,0.0,0.0,0.0,0.0,0.0,0.98,1.0,1.0,1.0,1.0,1.0,1.98
9520,0.0,0.0,0.0,0.0,0.0,0.0,0.96,1.0,1.0,1.0,1.0,1.0,1.96
9530,0.0,0.0,0.0,0.0,0.0,0.0,0.94,1.0,1.0,1.0,1.0,1.0,1.94
9540,0.0,0.0,0.0,0.0,0.0,0.0,0.92,1.0,1.0,1.0,1.0,1.0,1.92
9550,0.0,0.0,0.0,0.0,0.0,0.0,0.9,1.0,1.0,1.0,1.0,1.0,1.9
9560,0.0,0.0,0.0,0.0,0.0,0.0,0.88,1.0,1.0,1.0,1.0,1.0,1.88
9570,0.0,0.0,0.0,0.0,0.0,0.0,0.86,1.0,1.0,1.0,1.0,1.0,1.8599999999999999
9580,0.0,0.0,0.0,0.0,0.0,0.0,0.84,1.0,1.0,1.0,1.0,1.0,1.84
9590,0.0,0.0,0.0,0.0,0.0,0.0,0.8200000000000001,1.0,1.0,1.0,1.0,1.0,1.82
9600,0.0,0.0,0.0,0.0,0.0,0.0,0.8,1.0,1.0,1.0,1.0,1.0,1.8
9610,0.0,0.0,0.0,0.0,0.0,0.0,0.78,1.0,1.0,1.0,1.0,1.0,1.78
9620,0.0,0.0,0.0,0.0,0.0,0.0,0.76,1.0,1.0,1.0,1.0,1.0,1.76
9630,0.0,0.0,0.0,0.0,0.0,0.0,0.74,1.0,1.0,1.0,1.0,1.0,1.74
9640,0.0,0.0,0.0,0.0,0.0,0.0,0.72,1.0,1.0,1.0,1.0,1.0,1.72
9650,0.0,0.0,0.0,0.0,0.0,0.0,0.7,1.0,1.0,1.0,1.0,1.0,1.7
9660,0.0,0.0,0.0,0.0,0.0,0.0,0.6799999999999999,1.0,1.0,1.0,1.0,1.0,1.68
9670,0.0,0.0,0.0,0.0,0.0,0.0,0.6599999999999999,1.0,1.0,1.0,1.0,1.0,1.66
9680,0.0,0.0,0.0,0.0,0.0,0.0,0.64,1.0,1.0,1.0,1.0,1.0,1.6400000000000001
9690,0.0,0.0,0.0,0.0,0.0,0.0,0.62,1.0,1.0,1.0,1.0,1.0,1.62
9700,0.0,0.0,0.0,0.0,0.0,0.0,0.6,1.0,1.0,1.0,1.0,1.0,1.6
9710,0.0,0.0,0.0,0.0,0.0,0.0,0.5800000000000001,1.0,1.0,1.0,1.0,1.0,1.58
9720,0.0,0.0,0.0,0.0,0.0,0.0,0.56,1.0,1.0,1.0,1.0,1.0,1.56
9730,0.0,0.0,0.0,0.0,0.0,0.0,0.54,1.0,1.0,1.0,1.0,1.0,1.54
9740,0.0,0.0,0.0,0.0,0.0,0.0,0.52,1.0,1.0,1.0,1.0,1.0,1.52
9750,0.0,0.0,0.0,0.0,0.0,0.0,0.5,1.0,1.0,1.0,1.0,1.0,1.5
9760,0.0,0.0,0.0,0.0,0.0,0.0,0.48,1.0,1.0,1.0,1.0,1.0,1.48
9770,0.0,0.0,0.0,0.0,0.0,0.0,0.45999999999999996,1.0,1.0,1.0,1.0,1.0,1.46
9780,0.0,0.0,0.0,0.0,0.0,0.0,0.43999999999999995,1.0,1.0,1.0,1.0,1.0,1.44
9790,0.0,0.0,0.0,0.0,0.0,0.0,0.42000000000000004,1.0,1.0,1.0,1.0,1.0,1.42
9800,0.0,0.0,0.0,0.0,0.0,0.0,0.4,1.0,1.0,1.0,1.0,1.0,1.4
9810,0.0,0.0,0.0,0.0,0.0,0.0,0.38,1.0,1.0,1.0,1.0,1.0,1.38
9820,0.0,0.0,0.0,0.0,0.0,0.0,0.36,1.0,1.0,1.0,1.0,1.0,1.3599999999999999
9830,0.0,0.0,0.0,0.0,0.0,0.0,0.33999999999999997,1.0,1.0,1.0,1.0,1.0,1.3399999999999999
9840,0.0,0.0,0.0,0.0,0.0,0.0,0.31999999999999995,1.0,1.0,1.0,1.0,1.0,1.3199999999999998
9850,0.0,0.0,0.0,0.0,0.0,0.0,0.29999999999999993,1.0,1.0,1.0,1.0,1.0,1.2999999999999998
9860,0.0,0.0,0.0,0.0,0.0,0.0,0.28,1.0,1.0,1.0,1.0,1.0,1.28
9870,0.0,0.0,0.0,0.0,0.0,0.0,0.26,1.0,1.0,1.0,1.0,1.0,1.26
9880,0.0,0.0,0.0,0.0,0.0,0.0,0.24,1.0,1.0,1.0,1.0,1.0,1.24
9890,0.0,0.0,0.0,0.0,0.0,0.0,0.21999999999999997,1.0,1.0,1.0,1.0,1.0,1.22
9900,0.0,0.0,0.0,0.0,0.0,0.0,0.19999999999999996,1.0,1.0,1.0,1.0,1.0,1.2
9910,0.0,0.0,0.0,0.0,0.0,0.0,0.17999999999999994,1.0,1.0,1.0,1.0,1.0,1.18
9920,0.0,0.0,0.0,0.0,0.0,0.0,0.16000000000000003,1.0,1.0,1.0,1.0,1.0,1.1600000000000001
9930,0.0,0.0,0.0,0.0,0.0,0.0,0.14,1.0,1.0,1.0,1.0,1.0,1.1400000000000001
9940,0.0,0.0,0.0,0.0,0.0,0.0,0.12,1.0,1.0,1.0,1.0,1.0,1.12
9950,0.0,0.0,0.0,0.0,0.0,0.0,0.09999999999999998,1.0,1.0,1.0,1.0,1.0,1.1
9960,0.0,0.0,0.0,0.0,0.0,0.0,0.07999999999999996,1.0,1.0,1.0,1.0,1.0,1.08
9970,0.0,0.0,0.0,0.0,0.0,0.0,0.05999999999999994,1.0,1.0,1.0,1.0,1.0,1.06
9980,0.0,0.0,0.0,0.0,0.0,0.0,0.040000000000000036,1.0,1.0,1.0,1.0,1.0,1.04
9990,0.0,0.0,0.0,0.0,0.0,0.0,0.020000000000000018,1.0,1.0,1.0,1.0,1.0,1.02
10000,0.0,0.0,0.0,0.0,0.0,0.0,0.0,1.0,1.0,1.0,1.0,1.0,1.0
10010,0.0,0.0,0.0,0.0,0.0,0.0,0.0,0.98,0.98,0.98,1.0,1.0,1.0
10020,0.0,0.0,0.0,0.0,0.0,0.0,0.0,0.96,0.96,0.96,1.0,1.0,1.0
10030,0.0,0.0,0.0,0.0,0.0,0.0,0.0,0.94,0.94,0.94,1.0,1.0,1.0
10040,0.0,0.0,0.0,0.0,0.0,0.0,0.0,0.92,0.92,0.92,1.0,1.0,1.0
10050,0.0,0.0,0.0,0.0,0.0,0.0,0.0,0.9,0.9,0.9,1.0,1.0,1.0
10060,0.0,0.0,0.0,0.0,0.0,0.0,0.0,0.88,0.88,0.88,1.0,1.0,1.0
10070,0.0,0.0,0.0,0.0,0.0,0.0,0.0,0.86,0.86,0.86,1.0,1.0,1.0
10080,0.0,0.0,0.0,0.0,0.0,0.0,0.0,0.84,0.84,0.84,1.0,1.0,1.0
10090,0.0,0.0,0.0,0.0,0.0,0.0,0.0,0.8200000000000001,0.8200000000000001,0.8200000000000001,1.0,1.0,1.0
10100,0.0,0.0,0.0,0.0,0.0,0.0,0.0,0.8,0.8,0.8,1.0,1.0,1.0
10110,0.0,0.0,0.0,0.0,0.0,0.0,0.0,0.78,0.78,0.78,1.0,1.0,1.0
10120,0.0,0.0,0.0,0.0,0.0,0.0,0.0,0.76,0.76,0.76,1.0,1.0,1.0
10130,0.0,0.0,0.0,0.0,0.0,0.0,0.0,0.74,0.74,0.74,1.0,1.0,1.0
10140,0.0,0.0,0.0,0.0,0.0,0.0,0.0,0.72,0.72,0.72,1.0,1.0,1.0
10150,0.0,0.0,0.0,0.0,0.0,0.0,0.0,0.7,0.7,0.7,1.0,1.0,1.0
10160,0.0,0.0,0.0,0.0,0.0,0.0,0.0,0.6799999999999999,0.6799999999999999,0.6799999999999999,1.0,1.0,1.0
10170,0.0,0.0,0.0,0.0,0.0,0.0,0.0,0.6599999999999999,0.6599999999999999,0.6599999999999999,1.0,1.0,1.0
10180,0.0,0.0,0.0,0.0,0.0,0.0,0.0,0.64,0.64,0.64,1.0,1.0,1.0
10190,0.0,0.0,0.0,0.0,0.0,0.0,0.0,0.62,0.62,0.62,1.0,1.0,1.0
10200,0.0,0.0,0.0,0.0,0.0,0.0,0.0,0.6,0.6,0.6,1.0,1.0,1.0
10210,0.0,0.0,0.0,0.0,0.0,0.0,0.0,0.5800000000000001,0.5800000000000001,0.5800000000000001,1.0,1.0,1.0
10220,0.0,0.0,0.0,0.0,0.0,0.0,0.0,0.56,0.56,0.56,1.0,1.0,1.0
10230,0.0,0.0,0.0,0.0,0.0,0.0,0.0,0.54,0.54,0.54,1.0,1.0,1.0
10240,0.0,0.0,0.0,0.0,0.0,0.0,0.0,0.52,0.52,0.52,1.0,1.0,1.0
10250,0.0,0.0,0.0,0.0,0.0,0.0,0.0,0.5,0.5,0.5,1.0,1.0,1.0
10260,0.0,0.0,0.0,0.0,0.0,0.0,0.0,0.48,0.48,0.48,1.0,1.0,1.0
10270,0.0,0.0,0.0,0.0,0.0,0.0,0.0,0.45999999999999996,0.45999999999999996,0.45999999999999996,1.0,1.0,1.0
10280,0.0,0.0,0.0,0.0,0.0,0.0,0.0,0.43999999999999995,0.43999999999999995,0.43999999999999995,1.0,1.0,1.0
10290,0.0,0.0,0.0,0.0,0.0,0.0,0.0,0.42000000000000004,0.42000000000000004,0.42000000000000004,1.0,1.0,1.0
10300,0.0,0.0,0.0,0.0,0.0,0.0,0.0,0.4,0.4,0.4,1.0,1.0,1.0
10310,0.0,0.0,0.0,0.0,0.0,0.0,0.0,0.38,0.38,0.38,1.0,1.0,1.0
10320,0.0,0.0,0.0,0.0,0.0,0.0,0.0,0.36,0.36,0.36,1.0,1.0,1.0
10330,0.0,0.0,0.0,0.0,0.0,0.0,0.0,0.33999999999999997,0.33999999999999997,0.33999999999999997,1.0,1.0,1.0
10340,0.0,0.0,0.0,0.0,0.0,0.0,0.0,0.31999999999999995,0.31999999999999995,0.31999999999999995,1.0,1.0,1.0
10350,0.0,0.0,0.0,0.0,0.0,0.0,0.0,0.29999999999999993,0.29999999999999993,0.29999999999999993,1.0,1.0,1.0
10360,0.0,0.0,0.0,0.0,0.0,0.0,0.0,0.28,0.28,0.28,1.0,1.0,1.0
10370,0.0,0.0,0.0,0.0,0.0,0.0,0.0,0.26,0.26,0.26,1.0,1.0,1.0
10380,0.0,0.0,0.0,0.0,0.0,0.0,0.0,0.24,0.24,0.24,1.0,1.0,1.0
10390,0.0,0.0,0.0,0.0,0.0,0.0,0.0,0.21999999999999997,0.21999999999999997,0.21999999999999997,1.0,1.0,1.0
10400,0.0,0.0,0.0,0.0,0.0,0.0,0.0,0.19999999999999996,0.19999999999999996,0.19999999999999996,1.0,1.0,1.0
10410,0.0,0.0,0.0,0.0,0.0,0.0,0.0,0.17999999999999994,0.17999999999999994,0.17999999999999994,1.0,1.0,1.0
10420,0.0,0.0,0.0,0.0,0.0,0.0,0.0,0.16000000000000003,0.16000000000000003,0.16000000000000003,1.0,1.0,1.0
10430,0.0,0.0,0.0,0.0,0.0,0.0,0.0,0.14,0.14,0.14,1.0,1.0,1.0
10440,0.0,0.0,0.0,0.0,0.0,0.0,0.0,0.12,0.12,0.12,1.0,1.0,1.0
10450,0.0,0.0,0.0,0.0,0.0,0.0,0.0,0.09999999999999998,0.09999999999999998,0.09999999999999998,1.0,1.0,1.0
10460,0.0,0.0,0.0,0.0,0.0,0.0,0.0,0.07999999999999996,0.07999999999999996,0.07999999999999996,1.0,1.0,1.0
10470,0.0,0.0,0.0,0.0,0.0,0.0,0.0,0.05999999999999994,0.05999999999999994,0.05999999999999994,1.0,1.0,1.0
10480,0.0,0.0,0.0,0.0,0.0,0.0,0.0,0.040000000000000036,0.040000000000000036,0.040000000000000036,1.0,1.0,1.0
10490,0.0,0.0,0.0,0.0,0.0,0.0,0.0,0.020000000000000018,0.020000000000000018,0.020000000000000018,1.0,1.0,1.0
10500,0.0,0.0,0.0,0.0,0.0,0.0,0.0,0.0,0.0,0.0,1.0,1.0,1.0
10510,0.0,0.0,0.0,0.0,0.0,0.0,0.0,0.0,0.0,0.0,1.0,1.0,1.0
10520,0.0,0.0,0.0,0.0,0.0,0.0,0.0,0.0,0.0,0.0,1.0,1.0,1.0
10530,0.0,0.0,0.0,0.0,0.0,0.0,0.0,0.0,0.0,0.0,1.0,1.0,1.0
10540,0.0,0.0,0.0,0.0,0.0,0.0,0.0,0.0,0.0,0.0,1.0,1.0,1.0
10550,0.0,0.0,0.0,0.0,0.0,0.0,0.0,0.0,0.0,0.0,1.0,1.0,1.0
10560,0.0,0.0,0.0,0.0,0.0,0.0,0.0,0.0,0.0,0.0,1.0,1.0,1.0
