level,trim_2.0,trim_1.0,trim_0.0,trim_-1.0,trim_-2.0,trim_-3.0,trim_-4.0,trim_-5.0,,,,,,,,
0,0,0,0,0,0,0,0,0,,,,,,,,
1,0,0,0,0,0,0,0,0,,,,,,,,
2,0,0,0,0,0,0,0,0,,,,,,,,
3,0,0,0,0,0,0,0,0,,,,,,,,
4,0,0,0,0,0,0,0,0,,,,,,,,
5,0,0,0,0,0,0,0,0,,,,,,,,
6,0,0,0,0,0,0,0,0,,,,,,,,
7,0,0,0,0,0,0,0,0,,,,,,,,
8,0,0,0,0,0,0,0,0,,,,,,,,
9,0,0,0,0,0,0,0,0,,,,,,,,
10,0,0,0,0,0,0,0,0,,,,,,,,
11,0,0,0,0,0,0,0,0,,,,,,,,
12,0,0,0,0,0,0,0,0,,,,,,,,
13,0,0,0,0,0,0,0,0,,,,,,,,
14,0,0,0,0,0,0,0,0,,,,,,,,
15,0,0,0,0,0,0,0,0,,,,,,,,
16,0,0,0,0,0,0,0,0,,,,,,,,
17,0,0,0,0,0,0,0,0,,,,,,,,
18,0,0,0,0,0,0,0,0,,,,,,,,
19,0,0,0,0,0,0,0,0,,,,,,,,
20,0,0,0,0,0,0,0,0,,,,,,,,
21,0,0,0,0,0,0,0,0,,,,,,,,
22,0,0,0,0,0,0,0,0,,,,,,,,
23,0,0,0,0,0,0,0,0,,,,,,,,
24,0,0,0,0,0,0,0,0,,,,,,,,
25,0,0,0,0,0,0,0,0,,,,,,,,
26,0,0,0,0,0,0,0,0,,,,,,,,
27,0,0,0,0,0,0,0,0,,,,,,,,
28,0,0,0,0,0,0,0,0,,,,,,,,
29,0,0,0,0,0,0,0,0,,,,,,,,
30,0,0,0,0,0,0,0,0,,,,,,,,
31,0,0,0,0,0,0,0,0,,,,,,,,
32,0,0,0,0,0,0,0,0,,,,,,,,
33,0,0,0,0,0,0,0,0,,,,,,,,
34,0,0,0,0,0,0,0,0,,,,,,,,
35,0,0,0,0,0,0,0,0,,,,,,,,
36,0,0,0,0,0,0,0,0,,,,,,,,
37,0,0,0,0,0,0,0,0,,,,,,,,
38,0,0,0,0,0,0,0,0,,,,,,,,
39,0,0,0,0,0,0,0,0,,,,,,,,
40,0,0,0,0,0,0,0,0,,,,,,,,
41,0,0,0,0,0,0,0,0,,,,,,,,
42,0,0,0,0,0,0,0,0,,,,,,,,
43,0,0,0,0,0,0,0,0,,,,,,,,
44,0,0,0,0,0,0,0,0,,,,,,,,
45,0,0,0,0,0,0,0,0,,,,,,,,
46,0,0,0,0,0,0,0,0,,,,,,,,
47,0,0,0,0,0,0,0,0,,,,,,,,
48,0,0,0,0,0,0,0,0,,,,,,,,
49,0,0,0,0,0,0,0,0,,,,,,,,
50,0,0,0,0,0,0,0,0,,,,,,,,
51,0,0,0,0,0,0,0,0,,,,,,,,
52,0,0,0,0,0,0,0,0,,,,,,,,
53,0,0,0,0,0,0,0,0,,,,,,,,
54,0,0,0,0,0,0,0,0,,,,,,,,
55,0,0,0,0,0,0,0,0,,,,,,,,
56,0,0,0,0,0,0,0,0,,,,,,,,
57,0,0,0,0,0,0,0,0,,,,,,,,
58,0,0,0,0,0,0,0,0,,,,,,,,
58.9,1.4,1,0.8,0.8,0.8,0.8,0.8,0.8,,COPAN: 0 - 58.9 cm sump level measurement ( have set to 0),,,,,,
59,1.41,1.01,0.81,0.81,0.81,0.81,0.81,0.81,,,,,,,,
60,1.5,1.1,0.9,0.9,0.9,0.9,0.9,0.9,,,,,,,,
61,1.6,1.2,1,0.9,0.9,0.9,0.9,1,,,,,,,,
62,1.8,1.4,1.1,1,1,1,1,1,,,,,,,,
63,2,1.5,1.2,1.1,1.1,1.1,1.1,1.1,,,,,,,,
64,2.2,1.7,1.4,1.2,1.1,1.2,1.2,1.2,,,,,,,,
65,2.4,1.9,1.5,1.3,1.2,1.2,1.3,1.3,,,,,,,,
66,2.7,2.1,1.7,1.5,1.3,1.3,1.4,1.4,,,,,,,,
67,2.9,2.4,1.9,1.6,1.5,1.5,1.5,1.5,,,,,,,,
68,3.2,2.6,2.2,1.8,1.6,1.6,1.6,1.7,,,,,,,,
69,3.4,2.9,2.4,2,1.8,1.7,1.7,1.8,,,,,,,,
70,3.7,3.1,2.6,2.2,2,1.9,1.9,1.9,,,,,,,,
71,4,3.4,2.9,2.5,2.2,2,2,2.1,,,,,,,,
72,4.3,3.7,3.2,2.7,2.4,2.2,2.2,2.2,,,,,,,,
73,4.7,4,3.4,3,2.6,2.4,2.4,2.4,,,,,,,,
74,5,4.3,3.7,3.3,2.9,2.7,2.6,2.6,,,,,,,,
75,5.3,4.7,4,3.5,3.2,2.9,2.8,2.7,,,,,,,,
76,5.7,5,4.4,3.8,3.4,3.1,3,2.9,,,,,,,,
77,6.1,5.3,4.7,4.2,3.7,3.4,3.2,3.2,,,,,,,,
78,6.4,5.7,5,4.5,4,3.7,3.5,3.4,,,,,,,,
79,6.8,6.1,5.4,4.8,4.3,4,3.7,3.6,,,,,,,,
80,7.2,6.4,5.7,5.1,4.7,4.3,4,3.9,,,,,,,,
81,7.6,6.8,6.1,5.5,5,4.6,4.3,4.1,,,,,,,,
82,8,7.2,6.5,5.9,5.3,4.9,4.6,4.4,,,,,,,,
83,8.4,7.6,6.9,6.2,5.7,5.3,4.9,4.7,,,,,,,,
84,8.9,8,7.3,6.6,6.1,5.6,5.3,5,,,,,,,,
85,9.3,8.5,7.7,7,6.4,6,5.6,5.3,,,,,,,,
86,9.7,8.9,8.1,7.4,6.8,6.3,5.9,5.7,,,,,,,,
87,10.2,9.3,8.6,7.8,7.2,6.7,6.3,6,,,,,,,,
88,10.7,9.8,9,8.3,7.6,7.1,6.7,6.4,,,,,,,,
89,11.1,10.2,9.4,8.7,8.1,7.5,7.1,6.7,,,,,,,,
90,11.6,10.7,9.9,9.1,8.5,7.9,7.5,7.1,,,,,,,,
91,12.1,11.2,10.4,9.6,8.9,8.3,7.9,7.5,,,,,,,,
92,12.6,11.7,10.8,10.1,9.4,8.8,8.3,7.9,,,,,,,,
93,13.1,12.2,11.3,10.5,9.8,9.2,8.7,8.3,,,,,,,,
94,13.7,12.7,11.8,11,10.3,9.7,9.1,8.7,,,,,,,,
95,14.2,13.2,12.3,11.5,10.8,10.1,9.6,9.1,,,,,,,,
96,14.7,13.7,12.8,12,11.2,10.6,10,9.5,,,,,,,,
97,15.3,14.3,13.3,12.5,11.7,11.1,10.5,10,,,,,,,,
98,15.8,14.8,13.8,13,12.2,11.5,10.9,10.4,,,,,,,,
99,16.4,15.3,14.4,13.5,12.7,12,11.4,10.9,,,,,,,,
100,17,15.9,14.9,14,13.2,12.5,11.9,11.3,,,,,,,,
101,17.6,16.5,15.5,14.6,13.8,13,12.4,11.8,,,,,,,,
102,18.2,17,16,15.1,14.3,13.5,12.9,12.3,,,,,,,,
103,18.8,17.6,16.6,15.7,14.8,14.1,13.4,12.8,,,,,,,,
104,19.4,18.2,17.2,16.2,15.4,14.6,13.9,13.3,,,,,,,,
105,20,18.8,17.7,16.8,15.9,15.1,14.4,13.8,,,,,,,,
106,20.6,19.4,18.3,17.4,16.5,15.7,15,14.4,,,,,,,,
107,21.2,20,18.9,17.9,17,16.3,15.5,14.9,,,,,,,,
108,21.9,20.6,19.5,18.5,17.6,16.8,16.1,15.4,,,,,,,,
109,22.5,21.3,20.1,19.1,18.2,17.4,16.6,16,,,,,,,,
110,23.1,21.9,20.8,19.7,18.8,18,17.2,16.5,,,,,,,,
111,23.8,22.5,21.4,20.3,19.4,18.5,17.8,17.1,,,,,,,,
112,24.5,23.2,22,21,20,19.1,18.4,17.7,,,,,,,,
113,25.1,23.9,22.7,21.6,20.6,19.7,19,18.2,,,,,,,,
114,25.8,24.5,23.3,22.2,21.2,20.3,19.6,18.8,,,,,,,,
115,26.5,25.2,24,22.9,21.9,21,20.2,19.4,,,,,,,,
116,27.2,25.9,24.7,23.5,22.5,21.6,20.8,20,,,,,,,,
117,27.9,26.6,25.3,24.2,23.2,22.2,21.4,20.6,,,,,,,,
118,28.6,27.3,26,24.9,23.8,22.9,22,21.2,,,,,,,,
119,29.3,28,26.7,25.5,24.5,23.5,22.6,21.9,,,,,,,,
120,30,28.7,27.4,26.2,25.1,24.2,23.3,22.5,,,,,,,,
121,30.8,29.4,28.1,26.9,25.8,24.8,23.9,23.1,,,,,,,,
122,31.5,30.1,28.8,27.6,26.5,25.5,24.6,23.8,,,,,,,,
123,32.2,30.8,29.5,28.3,27.2,26.2,25.2,24.4,,,,,,,,
124,33,31.6,30.2,29,27.9,26.9,25.9,25.1,,,,,,,,
125,33.7,32.3,31,29.7,28.6,27.5,26.6,25.7,,,,,,,,
126,34.5,33.1,31.7,30.5,29.3,28.2,27.3,26.4,,,,,,,,
127,35.3,33.8,32.5,31.2,30,28.9,28,27.1,,,,,,,,
128,36,34.6,33.2,31.9,30.7,29.7,28.7,27.8,,,,,,,,
129,36.8,35.4,34,32.7,31.5,30.4,29.4,28.5,,,,,,,,
130,37.6,36.1,34.7,33.4,32.2,31.1,30.1,29.2,,,,,,,,
131,38.4,36.9,35.5,34.2,33,31.8,30.8,29.9,,,,,,,,
132,39.2,37.7,36.3,35,33.7,32.6,31.5,30.6,,,,,,,,
133,40,38.5,37.1,35.7,34.5,33.3,32.3,31.3,,,,,,,,
134,40.8,39.3,37.9,36.5,35.3,34.1,33,32,,,,,,,,
135,41.7,40.1,38.7,37.3,36,34.9,33.7,32.7,,,,,,,,
136,42.5,40.9,39.5,38.1,36.8,35.6,34.5,33.5,,,,,,,,
137,43.3,41.8,40.3,38.9,37.6,36.4,35.3,34.2,,,,,,,,
138,44.2,42.6,41.1,39.7,38.4,37.2,36,35,,,,,,,,
139,45,43.4,41.9,40.5,39.2,37.9,36.8,35.7,,,,,,,,
140,45.8,44.3,42.8,41.3,40,38.7,37.6,36.5,,,,,,,,
141,46.7,45.1,43.6,42.2,40.8,39.5,38.3,37.3,,,,,,,,
142,47.6,46,44.4,43,41.6,40.3,39.1,38,,,,,,,,
143,48.4,46.8,45.3,43.8,42.4,41.1,39.9,38.8,,,,,,,,
144,49.3,47.7,46.1,44.7,43.3,42,40.7,39.6,,,,,,,,
145,50.2,48.6,47,45.5,44.1,42.8,41.6,40.4,,,,,,,,
146,51.1,49.4,47.9,46.4,44.9,43.6,42.4,41.2,,,,,,,,
147,51.9,50.3,48.7,47.2,45.8,44.4,43.2,42,,,,,,,,
148,52.8,51.2,49.6,48.1,46.6,45.3,44,42.9,,,,,,,,
149,53.7,52.1,50.5,48.9,47.5,46.1,44.9,43.7,,,,,,,,
150,54.6,53,51.4,49.8,48.4,47,45.7,44.5,,,,,,,,
151,55.6,53.9,52.3,50.7,49.2,47.8,46.6,45.3,,,,,,,,
152,56.5,54.8,53.2,51.6,50.1,48.7,47.4,46.2,,,,,,,,
153,57.4,55.7,54.1,52.5,51,49.6,48.3,47,,,,,,,,
154,58.3,56.6,55,53.4,51.9,50.5,49.1,47.9,,,,,,,,
155,59.2,57.5,55.9,54.3,52.8,51.3,50,48.8,,,,,,,,
156,60.2,58.4,56.8,55.2,53.7,52.2,50.9,49.6,,,,,,,,
157,61.1,59.4,57.7,56.1,54.6,53.1,51.8,50.5,,,,,,,,
158,62.1,60.3,58.6,57,55.5,54,52.7,51.4,,,,,,,,
159,63,61.2,59.6,58,56.4,54.9,53.6,52.3,,,,,,,,
160,64,62.2,60.5,58.9,57.3,55.9,54.5,53.2,,,,,,,,
161,65,63.2,61.4,59.8,58.3,56.8,55.4,54.1,,,,,,,,
162,65.9,64.1,62.4,60.8,59.2,57.7,56.3,55,,,,,,,,
163,66.9,65.1,63.3,61.7,60.2,58.6,57.2,55.9,,,,,,,,
164,67.9,66.1,64.3,62.7,61.1,59.6,58.2,56.8,,,,,,,,
165,68.9,67,65.3,63.6,62,60.5,59.1,57.8,,,,,,,,
166,69.9,68,66.3,64.6,63,61.5,60,58.7,,,,,,,,
167,70.9,69,67.2,65.5,64,62.4,61,59.6,,,,,,,,
168,71.9,70,68.2,66.5,64.9,63.4,61.9,60.6,,,,,,,,
169,72.9,71,69.2,67.5,65.9,64.4,62.9,61.5,,,,,,,,
170,73.9,72,70.2,68.5,66.9,65.4,63.9,62.5,,,,,,,,
171,74.9,73,71.2,69.5,67.9,66.3,64.8,63.4,,,,,,,,
172,75.9,74,72.2,70.5,68.8,67.3,65.8,64.4,,,,,,,,
173,77,75,73.2,71.5,69.8,68.3,66.8,65.4,,,,,,,,
174,78,76.1,74.2,72.5,70.8,69.3,67.8,66.4,,,,,,,,
175,79,77.1,75.3,73.5,71.8,70.3,68.8,67.3,,,,,,,,
176,80.1,78.1,76.3,74.5,72.9,71.3,69.8,68.3,,,,,,,,
177,81.1,79.2,77.3,75.6,73.9,72.3,70.8,69.3,,,,,,,,
178,82.2,80.2,78.4,76.6,74.9,73.3,71.8,70.3,,,,,,,,
179,83.3,81.3,79.4,77.6,75.9,74.3,72.8,71.3,,,,,,,,
180,84.3,82.4,80.5,78.7,77,75.3,73.8,72.4,,,,,,,,
181,85.4,83.4,81.5,79.7,78,76.4,74.8,73.4,,,,,,,,
182,86.5,84.5,82.6,80.8,79.1,77.4,75.9,74.4,,,,,,,,
183,87.6,85.6,83.7,81.8,80.1,78.5,76.9,75.4,,,,,,,,
184,88.7,86.7,84.7,82.9,81.2,79.5,77.9,76.5,,,,,,,,
185,89.8,87.7,85.8,84,82.2,80.6,79,77.5,,,,,,,,
186,90.9,88.8,86.9,85.1,83.3,81.6,80,78.5,,,,,,,,
187,92,89.9,88,86.1,84.4,82.7,81.1,79.6,,,,,,,,
188,93.1,91,89.1,87.2,85.4,83.7,82.1,80.6,,,,,,,,
189,94.2,92.2,90.2,88.3,86.5,84.8,83.2,81.7,,,,,,,,
190,95.3,93.3,91.3,89.4,87.6,85.9,84.3,82.7,,,,,,,,
191,96.4,94.4,92.4,90.5,88.7,87,85.3,83.8,,,,,,,,
192,97.5,95.5,93.5,91.6,89.8,88.1,86.4,84.9,,,,,,,,
193,98.7,96.6,94.6,92.7,90.9,89.2,87.5,85.9,,,,,,,,
194,99.8,97.8,95.8,93.8,92,90.3,88.6,87,,,,,,,,
195,101,98.9,96.9,95,93.1,91.4,89.7,88.1,,,,,,,,
196,102.1,100,98,96.1,94.2,92.5,90.8,89.2,,,,,,,,
197,103.3,101.2,99.2,97.2,95.4,93.6,91.9,90.3,,,,,,,,
198,104.4,102.3,100.3,98.4,96.5,94.7,93,91.4,,,,,,,,
199,105.6,103.5,101.5,99.5,97.6,95.8,94.1,92.5,,,,,,,,
200,106.7,104.6,102.6,100.7,98.8,97,95.2,93.6,,,,,,,,
201,107.9,105.8,103.8,101.8,99.9,98.1,96.3,94.7,,,,,,,,
202,109.1,107,104.9,103,101.1,99.2,97.5,95.8,,,,,,,,
203,110.3,108.1,106.1,104.1,102.2,100.4,98.6,96.9,,,,,,,,
204,111.4,109.3,107.3,105.3,103.4,101.5,99.7,98.1,,,,,,,,
205,112.6,110.5,108.4,106.5,104.5,102.7,100.9,99.2,,,,,,,,
206,113.8,111.7,109.6,107.6,105.7,103.8,102,100.3,,,,,,,,
207,115,112.9,110.8,108.8,106.9,105,103.2,101.5,,,,,,,,
208,116.2,114.1,112,110,108,106.1,104.3,102.6,,,,,,,,
209,117.4,115.3,113.2,111.2,109.2,107.3,105.5,103.8,,,,,,,,
210,118.7,116.5,114.4,112.3,110.4,108.5,106.7,104.9,,,,,,,,
211,119.9,117.7,115.6,113.5,111.6,109.7,107.8,106.1,,,,,,,,
212,121.1,118.9,116.8,114.7,112.8,110.8,109,107.3,,,,,,,,
213,122.3,120.1,118,115.9,114,112,110.2,108.4,,,,,,,,
214,123.6,121.3,119.2,117.1,115.1,113.2,111.4,109.6,,,,,,,,
215,124.8,122.6,120.4,118.3,116.3,114.4,112.6,110.8,,,,,,,,
216,126,123.8,121.6,119.5,117.6,115.6,113.8,112,,,,,,,,
217,127.3,125,122.9,120.8,118.8,116.8,115,113.2,,,,,,,,
218,128.5,126.3,124.1,122,120,118,116.2,114.4,,,,,,,,
219,129.8,127.5,125.3,123.2,121.2,119.3,117.4,115.6,,,,,,,,
220,131,128.7,126.6,124.4,122.4,120.5,118.6,116.8,,,,,,,,
221,132.3,130,127.8,125.7,123.6,121.7,119.8,118,,,,,,,,
222,133.6,131.3,129,126.9,124.9,122.9,121,119.2,,,,,,,,
223,134.8,132.5,130.3,128.2,126.1,124.1,122.3,120.4,,,,,,,,
224,136.1,133.8,131.6,129.4,127.4,125.4,123.5,121.6,,,,,,,,
225,137.4,135.1,132.8,130.7,128.6,126.6,124.7,122.9,,,,,,,,
226,138.7,136.3,134.1,131.9,129.9,127.9,126,124.1,,,,,,,,
227,140,137.6,135.4,133.2,131.1,129.1,127.2,125.3,,,,,,,,
228,141.3,138.9,136.6,134.5,132.4,130.4,128.4,126.6,,,,,,,,
229,142.6,140.2,137.9,135.7,133.6,131.6,129.7,127.8,,,,,,,,
230,143.9,141.5,139.2,137,134.9,132.9,130.9,129.1,,,,,,,,
231,145.2,142.8,140.5,138.3,136.2,134.1,132.2,130.3,,,,,,,,
232,146.5,144.1,141.8,139.6,137.5,135.4,133.5,131.6,,,,,,,,
233,147.8,145.4,143.1,140.9,138.7,136.7,134.7,132.9,,,,,,,,
234,149.1,146.7,144.4,142.1,140,138,136,134.1,,,,,,,,
235,150.4,148,145.7,143.4,141.3,139.2,137.3,135.4,,,,,,,,
236,151.8,149.3,147,144.7,142.6,140.5,138.6,136.7,,,,,,,,
237,153.1,150.7,148.3,146.1,143.9,141.8,139.8,137.9,,,,,,,,
238,154.4,152,149.6,147.4,145.2,143.1,141.1,139.2,,,,,,,,
239,155.8,153.3,151,148.7,146.5,144.4,142.4,140.5,,,,,,,,
240,157.1,154.7,152.3,150,147.8,145.7,143.7,141.8,,,,,,,,
241,158.4,156,153.6,151.3,149.1,147,145,143.1,,,,,,,,
242,159.8,157.3,155,152.7,150.5,148.3,146.3,144.4,,,,,,,,
243,161.2,158.7,156.3,154,151.8,149.7,147.6,145.7,,,,,,,,
244,162.5,160,157.6,155.3,153.1,151,148.9,147,,,,,,,,
245,163.9,161.4,159,156.7,154.4,152.3,150.2,148.3,,,,,,,,
246,165.2,162.8,160.3,158,155.8,153.6,151.6,149.6,,,,,,,,
247,166.6,164.1,161.7,159.4,157.1,155,152.9,150.9,,,,,,,,
248,168,165.5,163.1,160.7,158.5,156.3,154.2,152.2,,,,,,,,
249,169.4,166.9,164.4,162.1,159.8,157.6,155.5,153.5,,,,,,,,
250,170.7,168.2,165.8,163.5,161.2,159,156.9,154.9,,,,,,,,
251,172.1,169.6,167.2,164.8,162.5,160.3,158.2,156.2,,,,,,,,
252,173.5,171,168.6,166.2,163.9,161.7,159.6,157.5,,,,,,,,
253,174.9,172.4,169.9,167.6,165.3,163,160.9,158.9,,,,,,,,
254,176.3,173.8,171.3,168.9,166.6,164.4,162.3,160.2,,,,,,,,
255,177.7,175.2,172.7,170.3,168,165.8,163.6,161.6,,,,,,,,
256,179.1,176.6,174.1,171.7,169.4,167.1,165,162.9,,,,,,,,
257,180.5,178,175.5,173.1,170.8,168.5,166.3,164.3,,,,,,,,
258,181.9,179.4,176.9,174.5,172.1,169.9,167.7,165.6,,,,,,,,
259,183.3,180.8,178.3,175.9,173.5,171.3,169.1,167,,,,,,,,
260,184.8,182.2,179.7,177.3,174.9,172.6,170.4,168.3,,,,,,,,
261,186.2,183.6,181.1,178.7,176.3,174,171.8,169.7,,,,,,,,
262,187.6,185,182.5,180.1,177.7,175.4,173.2,171.1,,,,,,,,
263,189,186.5,183.9,181.5,179.1,176.8,174.6,172.5,,,,,,,,
264,190.5,187.9,185.4,182.9,180.5,178.2,176,173.8,,,,,,,,
265,191.9,189.3,186.8,184.3,181.9,179.6,177.4,175.2,,,,,,,,
266,193.4,190.7,188.2,185.7,183.3,181,178.8,176.6,,,,,,,,
267,194.8,192.2,189.6,187.2,184.8,182.4,180.2,178,,,,,,,,
268,196.2,193.6,191.1,188.6,186.2,183.8,181.6,179.4,,,,,,,,
269,197.7,195.1,192.5,190,187.6,185.3,183,180.8,,,,,,,,
270,199.1,196.5,193.9,191.5,189,186.7,184.4,182.3,,,,,,,,
271,200.6,197.9,195.4,192.9,190.5,188.1,185.9,183.7,,,,,,,,
272,202.1,199.4,196.8,194.3,191.9,189.5,187.3,185.1,,,,,,,,
273,203.5,200.9,198.3,195.8,193.3,191,188.7,186.5,,,,,,,,
274,205,202.3,199.7,197.2,194.8,192.4,190.1,187.9,,,,,,,,
275,206.5,203.8,201.2,198.7,196.2,193.9,191.6,189.4,,,,,,,,
276,207.9,205.3,202.7,200.1,197.7,195.3,193,190.8,,,,,,,,
277,209.4,206.7,204.1,201.6,199.1,196.8,194.5,192.2,,,,,,,,
278,210.9,208.2,205.6,203,200.6,198.2,195.9,193.7,,,,,,,,
279,212.4,209.7,207.1,204.5,202.1,199.7,197.4,195.1,,,,,,,,
280,213.9,211.2,208.5,206,203.5,201.1,198.8,196.6,,,,,,,,
281,215.4,212.6,210,207.5,205,202.6,200.3,198,,,,,,,,
282,216.9,214.1,211.5,208.9,206.5,204.1,201.7,199.5,,,,,,,,
283,218.4,215.6,213,210.4,207.9,205.5,203.2,200.9,,,,,,,,
284,219.9,217.1,214.5,211.9,209.4,207,204.7,202.4,,,,,,,,
285,221.4,218.6,216,213.4,210.9,208.5,206.1,203.9,,,,,,,,
286,222.9,220.1,217.5,214.9,212.4,210,207.6,205.3,,,,,,,,
287,224.4,221.6,219,216.4,213.9,211.5,209.1,206.8,,,,,,,,
288,225.9,223.1,220.5,217.9,215.4,212.9,210.6,208.3,,,,,,,,
289,227.4,224.7,222,219.4,216.9,214.4,212.1,209.8,,,,,,,,
290,228.9,226.2,223.5,220.9,218.4,215.9,213.6,211.3,,,,,,,,
291,230.5,227.7,225,222.4,219.9,217.4,215.1,212.7,,,,,,,,
292,232,229.2,226.5,223.9,221.4,218.9,216.5,214.2,,,,,,,,
293,233.5,230.8,228.1,225.4,222.9,220.4,218,215.7,,,,,,,,
294,235.1,232.3,229.6,227,224.4,221.9,219.5,217.2,,,,,,,,
295,236.6,233.8,231.1,228.5,225.9,223.4,221.1,218.7,,,,,,,,
296,238.1,235.4,232.6,230,227.4,225,222.6,220.2,,,,,,,,
297,239.7,236.9,234.2,231.5,229,226.5,224.1,221.7,,,,,,,,
298,241.2,238.4,235.7,233.1,230.5,228,225.6,223.2,,,,,,,,
299,242.8,240,237.3,234.6,232,229.5,227.1,224.8,,,,,,,,
300,244.3,241.5,238.8,236.1,233.6,231.1,228.6,226.3,,,,,,,,
301,245.9,243.1,240.4,237.7,235.1,232.6,230.2,227.8,,,,,,,,
302,247.5,244.7,241.9,239.2,236.6,234.1,231.7,229.3,,,,,,,,
303,249,246.2,243.5,240.8,238.2,235.7,233.2,230.8,,,,,,,,
304,250.6,247.8,245,242.3,239.7,237.2,234.7,232.4,,,,,,,,
305,252.2,249.3,246.6,243.9,241.3,238.7,236.3,233.9,,,,,,,,
306,253.7,250.9,248.2,245.5,242.8,240.3,237.8,235.4,,,,,,,,
307,255.3,252.5,249.7,247,244.4,241.8,239.4,237,,,,,,,,
308,256.9,254.1,251.3,248.6,246,243.4,240.9,238.5,,,,,,,,
309,258.5,255.6,252.9,250.2,247.5,245,242.5,240.1,,,,,,,,
310,260.1,257.2,254.4,251.7,249.1,246.5,244,241.6,,,,,,,,
311,261.7,258.8,256,253.3,250.7,248.1,245.6,243.2,,,,,,,,
312,263.2,260.4,257.6,254.9,252.2,249.6,247.1,244.7,,,,,,,,
313,264.8,262,259.2,256.5,253.8,251.2,248.7,246.3,,,,,,,,
314,266.4,263.6,260.8,258,255.4,252.8,250.3,247.8,,,,,,,,
315,268,265.2,262.4,259.6,257,254.4,251.8,249.4,,,,,,,,
316,269.6,266.8,264,261.2,258.5,255.9,253.4,251,,,,,,,,
317,271.3,268.4,265.6,262.8,260.1,257.5,255,252.5,,,,,,,,
318,272.9,270,267.2,264.4,261.7,259.1,256.6,254.1,,,,,,,,
319,274.5,271.6,268.8,266,263.3,260.7,258.2,255.7,,,,,,,,
320,276.1,273.2,270.4,267.6,264.9,262.3,259.7,257.3,,,,,,,,
321,277.7,274.8,272,269.2,266.5,263.9,261.3,258.9,,,,,,,,
322,279.4,276.4,273.6,270.8,268.1,265.5,262.9,260.4,,,,,,,,
323,281,278,275.2,272.4,269.7,267.1,264.5,262,,,,,,,,
324,282.6,279.7,276.8,274,271.3,268.7,266.1,263.6,,,,,,,,
325,284.2,281.3,278.4,275.7,272.9,270.3,267.7,265.2,,,,,,,,
326,285.9,282.9,280.1,277.3,274.6,271.9,269.3,266.8,,,,,,,,
327,287.5,284.6,281.7,278.9,276.2,273.5,270.9,268.4,,,,,,,,
328,289.2,286.2,283.3,280.5,277.8,275.1,272.5,270,,,,,,,,
329,290.8,287.8,284.9,282.1,279.4,276.8,274.2,271.6,,,,,,,,
330,292.4,289.5,286.6,283.8,281,278.4,275.8,273.2,,,,,,,,
331,294.1,291.1,288.2,285.4,282.7,280,277.4,274.9,,,,,,,,
332,295.7,292.8,289.9,287,284.3,281.6,279,276.5,,,,,,,,
333,297.4,294.4,291.5,288.7,285.9,283.3,280.6,278.1,,,,,,,,
334,299.1,296.1,293.2,290.3,287.6,284.9,282.3,279.7,,,,,,,,
335,300.7,297.7,294.8,292,289.2,286.5,283.9,281.3,,,,,,,,
336,302.4,299.4,296.5,293.6,290.8,288.2,285.5,283,,,,,,,,
337,304,301,298.1,295.3,292.5,289.8,287.2,284.6,,,,,,,,
338,305.7,302.7,299.8,296.9,294.1,291.4,288.8,286.2,,,,,,,,
339,307.4,304.4,301.4,298.6,295.8,293.1,290.4,287.9,,,,,,,,
340,309.1,306,303.1,300.2,297.4,294.7,292.1,289.5,,,,,,,,
341,310.7,307.7,304.8,301.9,299.1,296.4,293.7,291.2,,,,,,,,
342,312.4,309.4,306.4,303.6,300.8,298,295.4,292.8,,,,,,,,
343,314.1,311.1,308.1,305.2,302.4,299.7,297,294.5,,,,,,,,
344,315.8,312.8,309.8,306.9,304.1,301.4,298.7,296.1,,,,,,,,
345,317.5,314.4,311.5,308.6,305.8,303,300.3,297.8,,,,,,,,
346,319.2,316.1,313.2,310.3,307.4,304.7,302,299.4,,,,,,,,
347,320.9,317.8,314.8,311.9,309.1,306.3,303.7,301.1,,,,,,,,
348,322.5,319.5,316.5,313.6,310.8,308,305.3,302.7,,,,,,,,
349,324.2,321.2,318.2,315.3,312.5,309.7,307,304.4,,,,,,,,
350,325.9,322.9,319.9,317,314.1,311.4,308.7,306.1,,,,,,,,
351,327.6,324.6,321.6,318.7,315.8,313,310.3,307.7,,,,,,,,
352,329.4,326.3,323.3,320.4,317.5,314.7,312,309.4,,,,,,,,
353,331.1,328,325,322.1,319.2,316.4,313.7,311.1,,,,,,,,
354,332.8,329.7,326.7,323.8,320.9,318.1,315.4,312.7,,,,,,,,
355,334.5,331.4,328.4,325.5,322.6,319.8,317.1,314.4,,,,,,,,
356,336.2,333.1,330.1,327.2,324.3,321.5,318.7,316.1,,,,,,,,
357,337.9,334.8,331.8,328.9,326,323.2,320.4,317.8,,,,,,,,
358,339.6,336.6,333.5,330.6,327.7,324.9,322.1,319.5,,,,,,,,
359,341.4,338.3,335.2,332.3,329.4,326.6,323.8,321.2,,,,,,,,
360,343.1,340,337,334,331.1,328.3,325.5,322.9,,,,,,,,
361,344.8,341.7,338.7,335.7,332.8,330,327.2,324.6,,,,,,,,
362,346.6,343.4,340.4,337.4,334.5,331.7,328.9,326.3,,,,,,,,
363,348.3,345.2,342.1,339.1,336.2,333.4,330.6,328,,,,,,,,
364,350,346.9,343.8,340.9,338,335.1,332.3,329.7,,,,,,,,
365,351.8,348.6,345.6,342.6,339.7,336.8,334.1,331.4,,,,,,,,
366,353.5,350.4,347.3,344.3,341.4,338.5,335.8,333.1,,,,,,,,
367,355.2,352.1,349,346,343.1,340.3,337.5,334.8,,,,,,,,
368,357,353.8,350.8,347.8,344.8,342,339.2,336.5,,,,,,,,
369,358.7,355.6,352.5,349.5,346.6,343.7,340.9,338.2,,,,,,,,
370,360.5,357.3,354.3,351.2,348.3,345.4,342.7,339.9,,,,,,,,
371,362.2,359.1,356,353,350.1,347.2,344.4,341.7,,,,,,,,
372,364,360.8,357.7,354.7,351.8,348.9,346.1,343.4,,,,,,,,
373,365.7,362.6,359.5,356.5,353.5,350.7,347.8,345.1,,,,,,,,
374,367.5,364.3,361.2,358.2,355.3,352.4,349.6,346.8,,,,,,,,
375,369.3,366.1,363,360,357,354.1,351.3,348.6,,,,,,,,
376,371,367.9,364.8,361.7,358.8,355.9,353.1,350.3,,,,,,,,
377,372.8,369.6,366.5,363.5,360.5,357.6,354.8,352,,,,,,,,
378,374.6,371.4,368.3,365.2,362.3,359.4,356.5,353.8,,,,,,,,
379,376.3,373.1,370,367,364,361.1,358.3,355.5,,,,,,,,
380,378.1,374.9,371.8,368.8,365.8,362.9,360,357.3,,,,,,,,
381,379.9,376.7,373.6,370.5,367.5,364.6,361.8,359,,,,,,,,
382,381.7,378.5,375.3,372.3,369.3,366.4,363.5,360.8,,,,,,,,
383,383.4,380.2,377.1,374.1,371.1,368.1,365.3,362.5,,,,,,,,
384,385.2,382,378.9,375.8,372.8,369.9,367.1,364.3,,,,,,,,
385,387,383.8,380.7,377.6,374.6,371.7,368.8,366,,,,,,,,
386,388.8,385.6,382.4,379.4,376.4,373.4,370.6,367.8,,,,,,,,
387,390.6,387.4,384.2,381.2,378.1,375.2,372.3,369.5,,,,,,,,
388,392.4,389.2,386,382.9,379.9,377,374.1,371.3,,,,,,,,
389,394.2,390.9,387.8,384.7,381.7,378.8,375.9,373.1,,,,,,,,
390,395.9,392.7,389.6,386.5,383.5,380.5,377.7,374.8,,,,,,,,
391,397.7,394.5,391.4,388.3,385.3,382.3,379.4,376.6,,,,,,,,
392,399.5,396.3,393.2,390.1,387,384.1,381.2,378.4,,,,,,,,
393,401.3,398.1,395,391.9,388.8,385.9,383,380.2,,,,,,,,
394,403.2,399.9,396.8,393.7,390.6,387.7,384.8,381.9,,,,,,,,
395,405,401.7,398.6,395.5,392.4,389.4,386.5,383.7,,,,,,,,
396,406.8,403.5,400.4,397.3,394.2,391.2,388.3,385.5,,,,,,,,
397,408.6,405.3,402.2,399.1,396,393,390.1,387.3,,,,,,,,
398,410.4,407.1,404,400.9,397.8,394.8,391.9,389.1,,,,,,,,
399,412.2,409,405.8,402.7,399.6,396.6,393.7,390.9,,,,,,,,
400,414,410.8,407.6,404.5,401.4,398.4,395.5,392.6,,,,,,,,
401,415.8,412.6,409.4,406.3,403.2,400.2,397.3,394.4,,,,,,,,
402,417.7,414.4,411.2,408.1,405,402,399.1,396.2,,,,,,,,
403,419.5,416.2,413,409.9,406.8,403.8,400.9,398,,,,,,,,
404,421.3,418,414.8,411.7,408.6,405.6,402.7,399.8,,,,,,,,
405,423.1,419.9,416.7,413.5,410.4,407.4,404.5,401.6,,,,,,,,
406,425,421.7,418.5,415.3,412.3,409.2,406.3,403.4,,,,,,,,
407,426.8,423.5,420.3,417.2,414.1,411.1,408.1,405.2,,,,,,,,
408,428.6,425.3,422.1,419,415.9,412.9,409.9,407,,,,,,,,
409,430.5,427.2,424,420.8,417.7,414.7,411.7,408.9,,,,,,,,
410,432.3,429,425.8,422.6,419.5,416.5,413.6,410.7,,,,,,,,
411,434.1,430.8,427.6,424.5,421.4,418.3,415.4,412.5,,,,,,,,
412,436,432.7,429.4,426.3,423.2,420.2,417.2,414.3,,,,,,,,
413,437.8,434.5,431.3,428.1,425,422,419,416.1,,,,,,,,
414,439.7,436.4,433.1,429.9,426.8,423.8,420.8,417.9,,,,,,,,
415,441.5,438.2,435,431.8,428.7,425.6,422.7,419.8,,,,,,,,
416,443.4,440,436.8,433.6,430.5,427.5,424.5,421.6,,,,,,,,
417,445.2,441.9,438.6,435.5,432.4,429.3,426.3,423.4,,,,,,,,
418,447.1,443.7,440.5,437.3,434.2,431.1,428.2,425.2,,,,,,,,
419,448.9,445.6,442.3,439.1,436,433,430,427.1,,,,,,,,
420,450.8,447.4,444.2,441,437.9,434.8,431.8,428.9,,,,,,,,
421,452.6,449.3,446,442.8,439.7,436.7,433.7,430.7,,,,,,,,
422,454.5,451.2,447.9,444.7,441.6,438.5,435.5,432.6,,,,,,,,
423,456.3,453,449.7,446.5,443.4,440.3,437.3,434.4,,,,,,,,
424,458.2,454.9,451.6,448.4,445.3,442.2,439.2,436.2,,,,,,,,
425,460.1,456.7,453.5,450.3,447.1,444,441,438.1,,,,,,,,
426,461.9,458.6,455.3,452.1,449,445.9,442.9,439.9,,,,,,,,
427,463.8,460.5,457.2,454,450.8,447.7,444.7,441.8,,,,,,,,
428,465.7,462.3,459,455.8,452.7,449.6,446.6,443.6,,,,,,,,
429,467.5,464.2,460.9,457.7,454.5,451.4,448.4,445.5,,,,,,,,
430,469.4,466.1,462.8,459.6,456.4,453.3,450.3,447.3,,,,,,,,
431,471.3,467.9,464.7,461.4,458.3,455.2,452.1,449.2,,,,,,,,
432,473.2,469.8,466.5,463.3,460.1,457,454,451,,,,,,,,
433,475.1,471.7,468.4,465.2,462,458.9,455.9,452.9,,,,,,,,
434,476.9,473.6,470.3,467,463.9,460.8,457.7,454.7,,,,,,,,
435,478.8,475.5,472.1,468.9,465.7,462.6,459.6,456.6,,,,,,,,
436,480.7,477.3,474,470.8,467.6,464.5,461.4,458.5,,,,,,,,
437,482.6,479.2,475.9,472.7,469.5,466.4,463.3,460.3,,,,,,,,
438,484.5,481.1,477.8,474.5,471.4,468.2,465.2,462.2,,,,,,,,
439,486.4,483,479.7,476.4,473.2,470.1,467,464.1,,,,,,,,
440,488.3,484.9,481.6,478.3,475.1,472,468.9,465.9,,,,,,,,
441,490.1,486.8,483.4,480.2,477,473.9,470.8,467.8,,,,,,,,
442,492,488.7,485.3,482.1,478.9,475.7,472.7,469.7,,,,,,,,
443,493.9,490.5,487.2,484,480.8,477.6,474.5,471.5,,,,,,,,
444,495.8,492.4,489.1,485.8,482.6,479.5,476.4,473.4,,,,,,,,
445,497.7,494.3,491,487.7,484.5,481.4,478.3,475.3,,,,,,,,
446,499.6,496.2,492.9,489.6,486.4,483.3,480.2,477.2,,,,,,,,
447,501.5,498.1,494.8,491.5,488.3,485.2,482.1,479,,,,,,,,
448,503.4,500,496.7,493.4,490.2,487,484,480.9,,,,,,,,
449,505.3,501.9,498.6,495.3,492.1,488.9,485.8,482.8,,,,,,,,
450,507.2,503.8,500.5,497.2,494,490.8,487.7,484.7,,,,,,,,
451,509.2,505.7,502.4,499.1,495.9,492.7,489.6,486.6,,,,,,,,
452,511.1,507.7,504.3,501,497.8,494.6,491.5,488.5,,,,,,,,
453,513,509.6,506.2,502.9,499.7,496.5,493.4,490.4,,,,,,,,
454,514.9,511.5,508.1,504.8,501.6,498.4,495.3,492.3,,,,,,,,
455,516.8,513.4,510,506.7,503.5,500.3,497.2,494.1,,,,,,,,
456,518.7,515.3,511.9,508.6,505.4,502.2,499.1,496,,,,,,,,
457,520.6,517.2,513.8,510.5,507.3,504.1,501,497.9,,,,,,,,
458,522.6,519.1,515.8,512.4,509.2,506,502.9,499.8,,,,,,,,
459,524.5,521,517.7,514.4,511.1,507.9,504.8,501.7,,,,,,,,
460,526.4,523,519.6,516.3,513,509.8,506.7,503.6,,,,,,,,
461,528.3,524.9,521.5,518.2,514.9,511.7,508.6,505.5,,,,,,,,
462,530.2,526.8,523.4,520.1,516.8,513.6,510.5,507.4,,,,,,,,
463,532.2,528.7,525.3,522,518.8,515.6,512.4,509.3,,,,,,,,
464,534.1,530.7,527.3,523.9,520.7,517.5,514.3,511.3,,,,,,,,
465,536,532.6,529.2,525.9,522.6,519.4,516.2,513.2,,,,,,,,
466,538,534.5,531.1,527.8,524.5,521.3,518.2,515.1,,,,,,,,
467,539.9,536.4,533,529.7,526.4,523.2,520.1,517,,,,,,,,
468,541.8,538.4,535,531.6,528.4,525.1,522,518.9,,,,,,,,
469,543.7,540.3,536.9,533.6,530.3,527.1,523.9,520.8,,,,,,,,
470,545.7,542.2,538.8,535.5,532.2,529,525.8,522.7,,,,,,,,
471,547.6,544.2,540.8,537.4,534.1,530.9,527.7,524.6,,,,,,,,
472,549.5,546.1,542.7,539.3,536.1,532.8,529.7,526.6,,,,,,,,
473,551.5,548,544.6,541.3,538,534.8,531.6,528.5,,,,,,,,
474,553.4,550,546.6,543.2,539.9,536.7,533.5,530.4,,,,,,,,
475,555.4,551.9,548.5,545.1,541.8,538.6,535.4,532.3,,,,,,,,
476,557.3,553.8,550.4,547.1,543.8,540.5,537.4,534.3,,,,,,,,
477,559.3,555.8,552.4,549,545.7,542.5,539.3,536.2,,,,,,,,
478,561.2,557.7,554.3,550.9,547.6,544.4,541.2,538.1,,,,,,,,
479,563.1,559.7,556.2,552.9,549.6,546.3,543.2,540,,,,,,,,
480,565.1,561.6,558.2,554.8,551.5,548.3,545.1,542,,,,,,,,
481,567,563.6,560.1,556.8,553.5,550.2,547,543.9,,,,,,,,
482,569,565.5,562.1,558.7,555.4,552.2,549,545.8,,,,,,,,
483,570.9,567.5,564,560.7,557.3,554.1,550.9,547.8,,,,,,,,
484,572.9,569.4,566,562.6,559.3,556,552.8,549.7,,,,,,,,
485,574.8,571.4,567.9,564.6,561.2,558,554.8,551.6,,,,,,,,
486,576.8,573.3,569.9,566.5,563.2,559.9,556.7,553.6,,,,,,,,
487,578.7,575.3,571.8,568.4,565.1,561.9,558.7,555.5,,,,,,,,
488,580.7,577.2,573.8,570.4,567.1,563.8,560.6,557.5,,,,,,,,
489,582.7,579.2,575.7,572.4,569,565.8,562.6,559.4,,,,,,,,
490,584.6,581.1,577.7,574.3,571,567.7,564.5,561.4,,,,,,,,
491,586.6,583.1,579.6,576.3,572.9,569.7,566.4,563.3,,,,,,,,
492,588.5,585,581.6,578.2,574.9,571.6,568.4,565.2,,,,,,,,
493,590.5,587,583.6,580.2,576.8,573.6,570.3,567.2,,,,,,,,
494,592.5,589,585.5,582.1,578.8,575.5,572.3,569.1,,,,,,,,
495,594.4,590.9,587.5,584.1,580.7,577.5,574.2,571.1,,,,,,,,
496,596.4,592.9,589.4,586,582.7,579.4,576.2,573,,,,,,,,
497,598.4,594.8,591.4,588,584.7,581.4,578.2,575,,,,,,,,
498,600.3,596.8,593.4,590,586.6,583.3,580.1,576.9,,,,,,,,
499,602.3,598.8,595.3,591.9,588.6,585.3,582.1,578.9,,,,,,,,
500,604.3,600.7,597.3,593.9,590.5,587.3,584,580.9,,,,,,,,
501,606.2,602.7,599.3,595.9,592.5,589.2,586,582.8,,,,,,,,
502,608.2,604.7,601.2,597.8,594.5,591.2,587.9,584.8,,,,,,,,
503,610.2,606.7,603.2,599.8,596.4,593.1,589.9,586.7,,,,,,,,
504,612.1,608.6,605.2,601.8,598.4,595.1,591.9,588.7,,,,,,,,
505,614.1,610.6,607.1,603.7,600.4,597.1,593.8,590.7,,,,,,,,
506,616.1,612.6,609.1,605.7,602.3,599,595.8,592.6,,,,,,,,
507,618.1,614.6,611.1,607.7,604.3,601,597.8,594.6,,,,,,,,
508,620.1,616.5,613.1,609.6,606.3,603,599.7,596.5,,,,,,,,
509,622,618.5,615,611.6,608.3,604.9,601.7,598.5,,,,,,,,
510,624,620.5,617,613.6,610.2,606.9,603.7,600.5,,,,,,,,
511,626,622.5,619,615.6,612.2,608.9,605.6,602.4,,,,,,,,
512,628,624.4,621,617.5,614.2,610.9,607.6,604.4,,,,,,,,
513,630,626.4,622.9,619.5,616.1,612.8,609.6,606.4,,,,,,,,
514,631.9,628.4,624.9,621.5,618.1,614.8,611.6,608.4,,,,,,,,
515,633.9,630.4,626.9,623.5,620.1,616.8,613.5,610.3,,,,,,,,
516,635.9,632.4,628.9,625.5,622.1,618.8,615.5,612.3,,,,,,,,
517,637.9,634.3,630.9,627.4,624.1,620.7,617.5,614.3,,,,,,,,
518,639.9,636.3,632.8,629.4,626,622.7,619.5,616.2,,,,,,,,
519,641.9,638.3,634.8,631.4,628,624.7,621.4,618.2,,,,,,,,
520,643.8,640.3,636.8,633.4,630,626.7,623.4,620.2,,,,,,,,
521,645.8,642.3,638.8,635.4,632,628.7,625.4,622.2,,,,,,,,
522,647.8,644.3,640.8,637.4,634,630.6,627.4,624.2,,,,,,,,
523,649.8,646.3,642.8,639.3,636,632.6,629.4,626.1,,,,,,,,
524,651.8,648.3,644.8,641.3,637.9,634.6,631.3,628.1,,,,,,,,
525,653.8,650.3,646.8,643.3,639.9,636.6,633.3,630.1,,,,,,,,
526,655.8,652.2,648.7,645.3,641.9,638.6,635.3,632.1,,,,,,,,
527,657.8,654.2,650.7,647.3,643.9,640.6,637.3,634.1,,,,,,,,
528,659.8,656.2,652.7,649.3,645.9,642.6,639.3,636,,,,,,,,
529,661.8,658.2,654.7,651.3,647.9,644.5,641.3,638,,,,,,,,
530,663.8,660.2,656.7,653.3,649.9,646.5,643.2,640,,,,,,,,
531,665.8,662.2,658.7,655.3,651.9,648.5,645.2,642,,,,,,,,
532,667.8,664.2,660.7,657.3,653.9,650.5,647.2,644,,,,,,,,
533,669.8,666.2,662.7,659.2,655.8,652.5,649.2,646,,,,,,,,
534,671.8,668.2,664.7,661.2,657.8,654.5,651.2,648,,,,,,,,
535,673.8,670.2,666.7,663.2,659.8,656.5,653.2,650,,,,,,,,
536,675.8,672.2,668.7,665.2,661.8,658.5,655.2,651.9,,,,,,,,
537,677.8,674.2,670.7,667.2,663.8,660.5,657.2,653.9,,,,,,,,
538,679.8,676.2,672.7,669.2,665.8,662.5,659.2,655.9,,,,,,,,
539,681.8,678.2,674.7,671.2,667.8,664.5,661.2,657.9,,,,,,,,
540,683.8,680.2,676.7,673.2,669.8,666.5,663.2,659.9,,,,,,,,
541,685.8,682.2,678.7,675.2,671.8,668.5,665.2,661.9,,,,,,,,
542,687.8,684.2,680.7,677.2,673.8,670.5,667.2,663.9,,,,,,,,
543,689.8,686.2,682.7,679.2,675.8,672.5,669.2,665.9,,,,,,,,
544,691.8,688.2,684.7,681.2,677.8,674.5,671.1,667.9,,,,,,,,
545,693.8,690.2,686.7,683.2,679.8,676.5,673.1,669.9,,,,,,,,
546,695.8,692.2,688.7,685.2,681.8,678.5,675.1,671.9,,,,,,,,
547,697.8,694.2,690.7,687.2,683.8,680.5,677.1,673.9,,,,,,,,
548,699.8,696.2,692.7,689.3,685.8,682.5,679.1,675.9,,,,,,,,
549,701.8,698.3,694.7,691.3,687.8,684.5,681.1,677.9,,,,,,,,
550,703.8,700.3,696.7,693.3,689.8,686.5,683.2,679.9,,,,,,,,
551,705.8,702.3,698.7,695.3,691.8,688.5,685.2,681.9,,,,,,,,
552,707.9,704.3,700.8,697.3,693.9,690.5,687.2,683.9,,,,,,,,
553,709.9,706.3,702.8,699.3,695.9,692.5,689.2,685.9,,,,,,,,
554,711.9,708.3,704.8,701.3,697.9,694.5,691.2,687.9,,,,,,,,
555,713.9,710.3,706.8,703.3,699.9,696.5,693.2,689.9,,,,,,,,
556,715.9,712.3,708.8,705.3,701.9,698.5,695.2,691.9,,,,,,,,
557,717.9,714.3,710.8,707.3,703.9,700.5,697.2,693.9,,,,,,,,
558,719.9,716.3,712.8,709.3,705.9,702.5,699.2,695.9,,,,,,,,
559,721.9,718.4,714.8,711.3,707.9,704.5,701.2,697.9,,,,,,,,
560,724,720.4,716.8,713.4,709.9,706.5,703.2,699.9,,,,,,,,
561,726,722.4,718.9,715.4,711.9,708.5,705.2,701.9,,,,,,,,
562,728,724.4,720.9,717.4,713.9,710.6,707.2,703.9,,,,,,,,
563,730,726.4,722.9,719.4,716,712.6,709.2,706,,,,,,,,
564,732,728.4,724.9,721.4,718,714.6,711.2,708,,,,,,,,
565,734,730.4,726.9,723.4,720,716.6,713.3,710,,,,,,,,
566,736,732.5,728.9,725.4,722,718.6,715.3,712,,,,,,,,
567,738.1,734.5,730.9,727.4,724,720.6,717.3,714,,,,,,,,
568,740.1,736.5,733,729.5,726,722.6,719.3,716,,,,,,,,
569,742.1,738.5,735,731.5,728,724.6,721.3,718,,,,,,,,
570,744.1,740.5,737,733.5,730.1,726.7,723.3,720,,,,,,,,
571,746.1,742.5,739,735.5,732.1,728.7,725.3,722,,,,,,,,
572,748.1,744.6,741,737.5,734.1,730.7,727.3,724,,,,,,,,
573,750.2,746.6,743,739.5,736.1,732.7,729.4,726.1,,,,,,,,
574,752.2,748.6,745.1,741.6,738.1,734.7,731.4,728.1,,,,,,,,
575,754.2,750.6,747.1,743.6,740.1,736.7,733.4,730.1,,,,,,,,
576,756.2,752.6,749.1,745.6,742.2,738.8,735.4,732.1,,,,,,,,
577,758.2,754.7,751.1,747.6,744.2,740.8,737.4,734.1,,,,,,,,
578,760.3,756.7,753.1,749.6,746.2,742.8,739.4,736.1,,,,,,,,
579,762.3,758.7,755.2,751.7,748.2,744.8,741.4,738.1,,,,,,,,
580,764.3,760.7,757.2,753.7,750.2,746.8,743.5,740.2,,,,,,,,
581,766.3,762.7,759.2,755.7,752.2,748.8,745.5,742.2,,,,,,,,
582,768.3,764.8,761.2,757.7,754.3,750.9,747.5,744.2,,,,,,,,
583,770.4,766.8,763.2,759.7,756.3,752.9,749.5,746.2,,,,,,,,
584,772.4,768.8,765.3,761.8,758.3,754.9,751.5,748.2,,,,,,,,
585,774.4,770.8,767.3,763.8,760.3,756.9,753.5,750.2,,,,,,,,
586,776.4,772.8,769.3,765.8,762.3,758.9,755.6,752.2,,,,,,,,
587,778.4,774.9,771.3,767.8,764.4,760.9,757.6,754.3,,,,,,,,
588,780.5,776.9,773.3,769.8,766.4,763,759.6,756.3,,,,,,,,
589,782.5,778.9,775.4,771.9,768.4,765,761.6,758.3,,,,,,,,
590,784.5,780.9,777.4,773.9,770.4,767,763.6,760.3,,,,,,,,
591,786.5,783,779.4,775.9,772.4,769,765.7,762.3,,,,,,,,
592,788.6,785,781.4,777.9,774.5,771,767.7,764.4,,,,,,,,
593,790.6,787,783.4,779.9,776.5,773.1,769.7,766.4,,,,,,,,
594,792.6,789,785.5,782,778.5,775.1,771.7,768.4,,,,,,,,
595,794.6,791,787.5,784,780.5,777.1,773.7,770.4,,,,,,,,
596,796.6,793.1,789.5,786,782.5,779.1,775.8,772.4,,,,,,,,
597,798.7,795.1,791.5,788,784.6,781.1,777.8,774.5,,,,,,,,
598,800.7,797.1,793.6,790.1,786.6,783.2,779.8,776.5,,,,,,,,
599,802.7,799.1,795.6,792.1,788.6,785.2,781.8,778.5,,,,,,,,
600,804.7,801.1,797.6,794.1,790.6,787.2,783.8,780.5,,,,,,,,
601,806.8,803.2,799.6,796.1,792.7,789.2,785.9,782.5,,,,,,,,
602,808.8,805.2,801.6,798.1,794.7,791.3,787.9,784.6,,,,,,,,
603,810.8,807.2,803.7,800.2,796.7,793.3,789.9,786.6,,,,,,,,
604,812.8,809.2,805.7,802.2,798.7,795.3,791.9,788.6,,,,,,,,
605,814.8,811.3,807.7,804.2,800.7,797.3,793.9,790.6,,,,,,,,
606,816.9,813.3,809.7,806.2,802.8,799.3,796,792.6,,,,,,,,
607,818.9,815.3,811.8,808.2,804.8,801.4,798,794.7,,,,,,,,
608,820.9,817.3,813.8,810.3,806.8,803.4,800,796.7,,,,,,,,
609,822.9,819.3,815.8,812.3,808.8,805.4,802,798.7,,,,,,,,
610,825,821.4,817.8,814.3,810.8,807.4,804.1,800.7,,,,,,,,
611,827,823.4,819.8,816.3,812.9,809.5,806.1,802.7,,,,,,,,
612,829,825.4,821.9,818.4,814.9,811.5,808.1,804.8,,,,,,,,
613,831,827.4,823.9,820.4,816.9,813.5,810.1,806.8,,,,,,,,
614,833,829.4,825.9,822.4,818.9,815.5,812.1,808.8,,,,,,,,
615,835.1,831.5,827.9,824.4,821,817.5,814.2,810.8,,,,,,,,
616,837.1,833.5,829.9,826.4,823,819.6,816.2,812.9,,,,,,,,
617,839.1,835.5,832,828.5,825,821.6,818.2,814.9,,,,,,,,
618,841.1,837.5,834,830.5,827,823.6,820.2,816.9,,,,,,,,
619,843.1,839.6,836,832.5,829,825.6,822.3,818.9,,,,,,,,
620,845.2,841.6,838,834.5,831.1,827.7,824.3,820.9,,,,,,,,
621,847.2,843.6,840.1,836.6,833.1,829.7,826.3,823,,,,,,,,
622,849.2,845.6,842.1,838.6,835.1,831.7,828.3,825,,,,,,,,
623,851.2,847.6,844.1,840.6,837.1,833.7,830.3,827,,,,,,,,
624,853.2,849.7,846.1,842.6,839.2,835.7,832.4,829,,,,,,,,
625,855.3,851.7,848.1,844.6,841.2,837.8,834.4,831,,,,,,,,
626,857.3,853.7,850.2,846.7,843.2,839.8,836.4,833.1,,,,,,,,
627,859.3,855.7,852.2,848.7,845.2,841.8,838.4,835.1,,,,,,,,
628,861.3,857.7,854.2,850.7,847.2,843.8,840.4,837.1,,,,,,,,
629,863.3,859.8,856.2,852.7,849.3,845.8,842.5,839.1,,,,,,,,
630,865.4,861.8,858.2,854.7,851.3,847.9,844.5,841.1,,,,,,,,
631,867.4,863.8,860.3,856.8,853.3,849.9,846.5,843.2,,,,,,,,
632,869.4,865.8,862.3,858.8,855.3,851.9,848.5,845.2,,,,,,,,
633,871.4,867.8,864.3,860.8,857.3,853.9,850.5,847.2,,,,,,,,
634,873.4,869.9,866.3,862.8,859.4,855.9,852.6,849.2,,,,,,,,
635,875.4,871.9,868.3,864.8,861.4,858,854.6,851.2,,,,,,,,
636,877.5,873.9,870.4,866.9,863.4,860,856.6,853.3,,,,,,,,
637,879.5,875.9,872.4,868.9,865.4,862,858.6,855.3,,,,,,,,
638,881.5,877.9,874.4,870.9,867.4,864,860.6,857.3,,,,,,,,
639,883.5,879.9,876.4,872.9,869.4,866,862.6,859.3,,,,,,,,
640,885.5,882,878.4,874.9,871.5,868,864.7,861.3,,,,,,,,
641,887.5,884,880.4,876.9,873.5,870.1,866.7,863.3,,,,,,,,
642,889.5,886,882.4,879,875.5,872.1,868.7,865.4,,,,,,,,
643,891.6,888,884.5,881,877.5,874.1,870.7,867.4,,,,,,,,
644,893.6,890,886.5,883,879.5,876.1,872.7,869.4,,,,,,,,
645,895.6,892,888.5,885,881.5,878.1,874.7,871.4,,,,,,,,
646,897.6,894,890.5,887,883.6,880.1,876.8,873.4,,,,,,,,
647,899.6,896,892.5,889,885.6,882.2,878.8,875.4,,,,,,,,
648,901.6,898.1,894.5,891,887.6,884.2,880.8,877.4,,,,,,,,
649,903.6,900.1,896.5,893.1,889.6,886.2,882.8,879.5,,,,,,,,
650,905.6,902.1,898.6,895.1,891.6,888.2,884.8,881.5,,,,,,,,
651,907.6,904.1,900.6,897.1,893.6,890.2,886.8,883.5,,,,,,,,
652,909.7,906.1,902.6,899.1,895.6,892.2,888.8,885.5,,,,,,,,
653,911.7,908.1,904.6,901.1,897.6,894.2,890.9,887.5,,,,,,,,
654,913.7,910.1,906.6,903.1,899.7,896.2,892.9,889.5,,,,,,,,
655,915.7,912.1,908.6,905.1,901.7,898.3,894.9,891.5,,,,,,,,
656,917.7,914.1,910.6,907.1,903.7,900.3,896.9,893.5,,,,,,,,
657,919.7,916.1,912.6,909.1,905.7,902.3,898.9,895.6,,,,,,,,
658,921.7,918.2,914.6,911.2,907.7,904.3,900.9,897.6,,,,,,,,
659,923.7,920.2,916.6,913.2,909.7,906.3,902.9,899.6,,,,,,,,
660,925.7,922.2,918.6,915.2,911.7,908.3,904.9,901.6,,,,,,,,
661,927.7,924.2,920.7,917.2,913.7,910.3,906.9,903.6,,,,,,,,
662,929.7,926.2,922.7,919.2,915.7,912.3,908.9,905.6,,,,,,,,
663,931.7,928.2,924.7,921.2,917.7,914.3,911,907.6,,,,,,,,
664,933.7,930.2,926.7,923.2,919.7,916.3,913,909.6,,,,,,,,
665,935.7,932.2,928.7,925.2,921.8,918.3,915,911.6,,,,,,,,
666,937.7,934.2,930.7,927.2,923.8,920.3,917,913.6,,,,,,,,
667,939.7,936.2,932.7,929.2,925.8,922.4,919,915.6,,,,,,,,
668,941.7,938.2,934.7,931.2,927.8,924.4,921,917.6,,,,,,,,
669,943.7,940.2,936.7,933.2,929.8,926.4,923,919.6,,,,,,,,
670,945.7,942.2,938.7,935.2,931.8,928.4,925,921.7,,,,,,,,
671,947.7,944.2,940.7,937.2,933.8,930.4,927,923.7,,,,,,,,
672,949.7,946.2,942.7,939.2,935.8,932.4,929,925.7,,,,,,,,
673,951.7,948.2,944.7,941.2,937.8,934.4,931,927.7,,,,,,,,
674,953.7,950.2,946.7,943.2,939.8,936.4,933,929.7,,,,,,,,
675,955.7,952.2,948.7,945.2,941.8,938.4,935,931.7,,,,,,,,
676,957.7,954.2,950.7,947.2,943.8,940.4,937,933.7,,,,,,,,
677,959.7,956.2,952.7,949.2,945.8,942.4,939,935.7,,,,,,,,
678,961.7,958.1,954.7,951.2,947.8,944.4,941,937.7,,,,,,,,
679,963.7,960.1,956.6,953.2,949.8,946.4,943,939.7,,,,,,,,
680,965.6,962.1,958.6,955.2,951.8,948.4,945,941.7,,,,,,,,
681,967.6,964.1,960.6,957.2,953.7,950.4,947,943.7,,,,,,,,
682,969.6,966.1,962.6,959.2,955.7,952.3,949,945.7,,,,,,,,
683,971.6,968.1,964.6,961.2,957.7,954.3,951,947.6,,,,,,,,
684,973.6,970.1,966.6,963.2,959.7,956.3,953,949.6,,,,,,,,
685,975.6,972.1,968.6,965.1,961.7,958.3,955,951.6,,,,,,,,
686,977.6,974.1,970.6,967.1,963.7,960.3,957,953.6,,,,,,,,
687,979.6,976,972.6,969.1,965.7,962.3,958.9,955.6,,,,,,,,
688,981.5,978,974.6,971.1,967.7,964.3,960.9,957.6,,,,,,,,
689,983.5,980,976.5,973.1,969.7,966.3,962.9,959.6,,,,,,,,
690,985.5,982,978.5,975.1,971.7,968.3,964.9,961.6,,,,,,,,
691,987.5,984,980.5,977.1,973.6,970.3,966.9,963.6,,,,,,,,
692,989.5,986,982.5,979,975.6,972.2,968.9,965.6,,,,,,,,
693,991.4,987.9,984.5,981,977.6,974.2,970.9,967.6,,,,,,,,
694,993.4,989.9,986.5,983,979.6,976.2,972.9,969.5,,,,,,,,
695,995.4,991.9,988.4,985,981.6,978.2,974.9,971.5,,,,,,,,
696,997.4,993.9,990.4,987,983.6,980.2,976.8,973.5,,,,,,,,
697,999.3,995.9,992.4,989,985.5,982.2,978.8,975.5,,,,,,,,
698,1001.3,997.8,994.4,990.9,987.5,984.1,980.8,977.5,,,,,,,,
699,1003.3,999.8,996.3,992.9,989.5,986.1,982.8,979.5,,,,,,,,
700,1005.3,1001.8,998.3,994.9,991.5,988.1,984.8,981.4,,,,,,,,
701,1007.2,1003.7,1000.3,996.9,993.5,990.1,986.7,983.4,,,,,,,,
702,1009.2,1005.7,1002.3,998.8,995.4,992.1,988.7,985.4,,,,,,,,
703,1011.2,1007.7,1004.2,1000.8,997.4,994,990.7,987.4,,,,,,,,
704,1013.1,1009.7,1006.2,1002.8,999.4,996,992.7,989.4,,,,,,,,
705,1015.1,1011.6,1008.2,1004.8,1001.4,998,994.7,991.3,,,,,,,,
706,1017.1,1013.6,1010.1,1006.7,1003.3,1000,996.6,993.3,,,,,,,,
707,1019,1015.6,1012.1,1008.7,1005.3,1001.9,998.6,995.3,,,,,,,,
708,1021,1017.5,1014.1,1010.7,1007.3,1003.9,1000.6,997.3,,,,,,,,
709,1023,1019.5,1016,1012.6,1009.2,1005.9,1002.5,999.2,,,,,,,,
710,1024.9,1021.5,1018,1014.6,1011.2,1007.9,1004.5,1001.2,,,,,,,,
711,1026.9,1023.4,1020,1016.6,1013.2,1009.8,1006.5,1003.2,,,,,,,,
712,1028.8,1025.4,1021.9,1018.5,1015.1,1011.8,1008.5,1005.2,,,,,,,,
713,1030.8,1027.3,1023.9,1020.5,1017.1,1013.8,1010.4,1007.1,,,,,,,,
714,1032.7,1029.3,1025.9,1022.5,1019.1,1015.7,1012.4,1009.1,,,,,,,,
715,1034.7,1031.2,1027.8,1024.4,1021,1017.7,1014.4,1011.1,,,,,,,,
716,1036.7,1033.2,1029.8,1026.4,1023,1019.6,1016.3,1013,,,,,,,,
717,1038.6,1035.2,1031.7,1028.3,1025,1021.6,1018.3,1015,,,,,,,,
718,1040.6,1037.1,1033.7,1030.3,1026.9,1023.6,1020.2,1017,,,,,,,,
719,1042.5,1039.1,1035.6,1032.2,1028.9,1025.5,1022.2,1018.9,,,,,,,,
720,1044.5,1041,1037.6,1034.2,1030.8,1027.5,1024.2,1020.9,,,,,,,,
721,1046.4,1043,1039.5,1036.2,1032.8,1029.4,1026.1,1022.8,,,,,,,,
722,1048.4,1044.9,1041.5,1038.1,1034.7,1031.4,1028.1,1024.8,,,,,,,,
723,1050.3,1046.9,1043.4,1040.1,1036.7,1033.4,1030,1026.8,,,,,,,,
724,1052.2,1048.8,1045.4,1042,1038.6,1035.3,1032,1028.7,,,,,,,,
725,1054.2,1050.8,1047.3,1044,1040.6,1037.3,1034,1030.7,,,,,,,,
726,1056.1,1052.7,1049.3,1045.9,1042.6,1039.2,1035.9,1032.6,,,,,,,,
727,1058.1,1054.6,1051.2,1047.9,1044.5,1041.2,1037.9,1034.6,,,,,,,,
728,1060,1056.6,1053.2,1049.8,1046.4,1043.1,1039.8,1036.5,,,,,,,,
729,1061.9,1058.5,1055.1,1051.7,1048.4,1045.1,1041.8,1038.5,,,,,,,,
730,1063.9,1060.5,1057.1,1053.7,1050.3,1047,1043.7,1040.4,,,,,,,,
731,1065.8,1062.4,1059,1055.6,1052.3,1049,1045.7,1042.4,,,,,,,,
732,1067.8,1064.3,1060.9,1057.6,1054.2,1050.9,1047.6,1044.3,,,,,,,,
733,1069.7,1066.3,1062.9,1059.5,1056.2,1052.8,1049.5,1046.3,,,,,,,,
734,1071.6,1068.2,1064.8,1061.5,1058.1,1054.8,1051.5,1048.2,,,,,,,,
735,1073.5,1070.1,1066.8,1063.4,1060,1056.7,1053.4,1050.2,,,,,,,,
736,1075.5,1072.1,1068.7,1065.3,1062,1058.7,1055.4,1052.1,,,,,,,,
737,1077.4,1074,1070.6,1067.3,1063.9,1060.6,1057.3,1054.1,,,,,,,,
738,1079.3,1075.9,1072.5,1069.2,1065.9,1062.5,1059.3,1056,,,,,,,,
739,1081.3,1077.9,1074.5,1071.1,1067.8,1064.5,1061.2,1057.9,,,,,,,,
740,1083.2,1079.8,1076.4,1073.1,1069.7,1066.4,1063.1,1059.9,,,,,,,,
741,1085.1,1081.7,1078.3,1075,1071.7,1068.3,1065.1,1061.8,,,,,,,,
742,1087,1083.6,1080.3,1076.9,1073.6,1070.3,1067,1063.8,,,,,,,,
743,1088.9,1085.6,1082.2,1078.8,1075.5,1072.2,1068.9,1065.7,,,,,,,,
744,1090.9,1087.5,1084.1,1080.8,1077.4,1074.1,1070.9,1067.6,,,,,,,,
745,1092.8,1089.4,1086,1082.7,1079.4,1076.1,1072.8,1069.6,,,,,,,,
746,1094.7,1091.3,1087.9,1084.6,1081.3,1078,1074.7,1071.5,,,,,,,,
747,1096.6,1093.2,1089.9,1086.5,1083.2,1079.9,1076.7,1073.4,,,,,,,,
748,1098.5,1095.1,1091.8,1088.4,1085.1,1081.8,1078.6,1075.3,,,,,,,,
749,1100.4,1097.1,1093.7,1090.4,1087.1,1083.8,1080.5,1077.3,,,,,,,,
750,1102.3,1099,1095.6,1092.3,1089,1085.7,1082.4,1079.2,,,,,,,,
751,1104.2,1100.9,1097.5,1094.2,1090.9,1087.6,1084.4,1081.1,,,,,,,,
752,1106.1,1102.8,1099.4,1096.1,1092.8,1089.5,1086.3,1083,,,,,,,,
753,1108,1104.7,1101.3,1098,1094.7,1091.4,1088.2,1085,,,,,,,,
754,1109.9,1106.6,1103.3,1099.9,1096.6,1093.4,1090.1,1086.9,,,,,,,,
755,1111.8,1108.5,1105.2,1101.8,1098.6,1095.3,1092,1088.8,,,,,,,,
756,1113.7,1110.4,1107.1,1103.8,1100.5,1097.2,1093.9,1090.7,,,,,,,,
757,1115.6,1112.3,1109,1105.7,1102.4,1099.1,1095.9,1092.6,,,,,,,,
758,1117.5,1114.2,1110.9,1107.6,1104.3,1101,1097.8,1094.5,,,,,,,,
759,1119.4,1116.1,1112.8,1109.5,1106.2,1102.9,1099.7,1096.5,,,,,,,,
760,1121.3,1118,1114.7,1111.4,1108.1,1104.8,1101.6,1098.4,,,,,,,,
761,1123.2,1119.9,1116.6,1113.3,1110,1106.7,1103.5,1100.3,,,,,,,,
762,1125.1,1121.8,1118.5,1115.2,1111.9,1108.6,1105.4,1102.2,,,,,,,,
763,1127,1123.7,1120.4,1117.1,1113.8,1110.5,1107.3,1104.1,,,,,,,,
764,1128.9,1125.6,1122.3,1119,1115.7,1112.4,1109.2,1106,,,,,,,,
765,1130.8,1127.5,1124.2,1120.9,1117.6,1114.3,1111.1,1107.9,,,,,,,,
766,1132.7,1129.3,1126,1122.8,1119.5,1116.2,1113,1109.8,,,,,,,,
767,1134.5,1131.2,1127.9,1124.6,1121.4,1118.1,1114.9,1111.7,,,,,,,,
768,1136.4,1133.1,1129.8,1126.5,1123.3,1120,1116.8,1113.6,,,,,,,,
769,1138.3,1135,1131.7,1128.4,1125.2,1121.9,1118.7,1115.5,,,,,,,,
770,1140.2,1136.9,1133.6,1130.3,1127.1,1123.8,1120.6,1117.4,,,,,,,,
771,1142,1138.8,1135.5,1132.2,1128.9,1125.7,1122.5,1119.3,,,,,,,,
772,1143.9,1140.6,1137.3,1134.1,1130.8,1127.6,1124.4,1121.2,,,,,,,,
773,1145.8,1142.5,1139.2,1136,1132.7,1129.5,1126.3,1123.1,,,,,,,,
774,1147.7,1144.4,1141.1,1137.8,1134.6,1131.4,1128.2,1125,,,,,,,,
775,1149.5,1146.2,1143,1139.7,1136.5,1133.2,1130,1126.8,,,,,,,,
776,1151.4,1148.1,1144.8,1141.6,1138.4,1135.1,1131.9,1128.7,,,,,,,,
777,1153.3,1150,1146.7,1143.5,1140.2,1137,1133.8,1130.6,,,,,,,,
778,1155.1,1151.9,1148.6,1145.3,1142.1,1138.9,1135.7,1132.5,,,,,,,,
779,1157,1153.7,1150.5,1147.2,1144,1140.8,1137.6,1134.4,,,,,,,,
780,1158.8,1155.6,1152.3,1149.1,1145.9,1142.6,1139.4,1136.3,,,,,,,,
781,1160.7,1157.4,1154.2,1150.9,1147.7,1144.5,1141.3,1138.1,,,,,,,,
782,1162.6,1159.3,1156,1152.8,1149.6,1146.4,1143.2,1140,,,,,,,,
783,1164.4,1161.2,1157.9,1154.7,1151.5,1148.2,1145.1,1141.9,,,,,,,,
784,1166.3,1163,1159.8,1156.5,1153.3,1150.1,1146.9,1143.8,,,,,,,,
785,1168.1,1164.9,1161.6,1158.4,1155.2,1152,1148.8,1145.6,,,,,,,,
786,1170,1166.7,1163.5,1160.3,1157,1153.8,1150.7,1147.5,,,,,,,,
787,1171.8,1168.6,1165.3,1162.1,1158.9,1155.7,1152.5,1149.4,,,,,,,,
788,1173.7,1170.4,1167.2,1164,1160.8,1157.6,1154.4,1151.2,,,,,,,,
789,1175.5,1172.3,1169,1165.8,1162.6,1159.4,1156.3,1153.1,,,,,,,,
790,1177.3,1174.1,1170.9,1167.7,1164.5,1161.3,1158.1,1155,,,,,,,,
791,1179.2,1175.9,1172.7,1169.5,1166.3,1163.1,1160,1156.8,,,,,,,,
792,1181,1177.8,1174.6,1171.4,1168.2,1165,1161.8,1158.7,,,,,,,,
793,1182.8,1179.6,1176.4,1173.2,1170,1166.8,1163.7,1160.5,,,,,,,,
794,1184.7,1181.5,1178.3,1175.1,1171.9,1168.7,1165.5,1162.4,,,,,,,,
795,1186.5,1183.3,1180.1,1176.9,1173.7,1170.5,1167.4,1164.2,,,,,,,,
796,1188.3,1185.1,1181.9,1178.7,1175.5,1172.4,1169.2,1166.1,,,,,,,,
797,1190.2,1187,1183.8,1180.6,1177.4,1174.2,1171.1,1167.9,,,,,,,,
798,1192,1188.8,1185.6,1182.4,1179.2,1176.1,1172.9,1169.8,,,,,,,,
799,1193.8,1190.6,1187.4,1184.2,1181.1,1177.9,1174.8,1171.6,,,,,,,,
800,1195.6,1192.4,1189.2,1186.1,1182.9,1179.7,1176.6,1173.5,,,,,,,,
801,1197.4,1194.3,1191.1,1187.9,1184.7,1181.6,1178.4,1175.3,,,,,,,,
802,1199.3,1196.1,1192.9,1189.7,1186.6,1183.4,1180.3,1177.1,,,,,,,,
803,1201.1,1197.9,1194.7,1191.5,1188.4,1185.2,1182.1,1179,,,,,,,,
804,1202.9,1199.7,1196.5,1193.4,1190.2,1187.1,1183.9,1180.8,,,,,,,,
805,1204.7,1201.5,1198.4,1195.2,1192,1188.9,1185.8,1182.7,,,,,,,,
806,1206.5,1203.3,1200.2,1197,1193.9,1190.7,1187.6,1184.5,,,,,,,,
807,1208.3,1205.1,1202,1198.8,1195.7,1192.5,1189.4,1186.3,,,,,,,,
808,1210.1,1206.9,1203.8,1200.6,1197.5,1194.4,1191.3,1188.1,,,,,,,,
809,1211.9,1208.8,1205.6,1202.5,1199.3,1196.2,1193.1,1190,,,,,,,,
810,1213.7,1210.6,1207.4,1204.3,1201.1,1198,1194.9,1191.8,,,,,,,,
811,1215.5,1212.4,1209.2,1206.1,1202.9,1199.8,1196.7,1193.6,,,,,,,,
812,1217.3,1214.2,1211,1207.9,1204.8,1201.6,1198.5,1195.4,,,,,,,,
813,1219.1,1216,1212.8,1209.7,1206.6,1203.4,1200.3,1197.2,,,,,,,,
814,1220.9,1217.7,1214.6,1211.5,1208.4,1205.3,1202.2,1199.1,,,,,,,,
815,1222.7,1219.5,1216.4,1213.3,1210.2,1207.1,1204,1200.9,,,,,,,,
816,1224.5,1221.3,1218.2,1215.1,1212,1208.9,1205.8,1202.7,,,,,,,,
817,1226.3,1223.1,1220,1216.9,1213.8,1210.7,1207.6,1204.5,,,,,,,,
818,1228,1224.9,1221.8,1218.7,1215.6,1212.5,1209.4,1206.3,,,,,,,,
819,1229.8,1226.7,1223.6,1220.5,1217.4,1214.3,1211.2,1208.1,,,,,,,,
820,1231.6,1228.5,1225.4,1222.3,1219.2,1216.1,1213,1209.9,,,,,,,,
821,1233.4,1230.3,1227.1,1224,1220.9,1217.9,1214.8,1211.7,,,,,,,,
822,1235.1,1232,1228.9,1225.8,1222.7,1219.7,1216.6,1213.5,,,,,,,,
823,1236.9,1233.8,1230.7,1227.6,1224.5,1221.4,1218.4,1215.3,,,,,,,,
824,1238.7,1235.6,1232.5,1229.4,1226.3,1223.2,1220.2,1217.1,,,,,,,,
825,1240.5,1237.4,1234.3,1231.2,1228.1,1225,1221.9,1218.9,,,,,,,,
826,1242.2,1239.1,1236,1232.9,1229.9,1226.8,1223.7,1220.7,,,,,,,,
827,1244,1240.9,1237.8,1234.7,1231.6,1228.6,1225.5,1222.5,,,,,,,,
828,1245.7,1242.7,1239.6,1236.5,1233.4,1230.3,1227.3,1224.2,,,,,,,,
829,1247.5,1244.4,1241.3,1238.3,1235.2,1232.1,1229.1,1226,,,,,,,,
830,1249.2,1246.2,1243.1,1240,1237,1233.9,1230.8,1227.8,,,,,,,,
831,1251,1247.9,1244.9,1241.8,1238.7,1235.7,1232.6,1229.6,,,,,,,,
832,1252.8,1249.7,1246.6,1243.5,1240.5,1237.4,1234.4,1231.4,,,,,,,,
833,1254.5,1251.4,1248.4,1245.3,1242.2,1239.2,1236.2,1233.1,,,,,,,,
834,1256.2,1253.2,1250.1,1247.1,1244,1241,1237.9,1234.9,,,,,,,,
835,1258,1254.9,1251.9,1248.8,1245.8,1242.7,1239.7,1236.7,,,,,,,,
836,1259.7,1256.7,1253.6,1250.6,1247.5,1244.5,1241.5,1238.4,,,,,,,,
837,1261.5,1258.4,1255.4,1252.3,1249.3,1246.2,1243.2,1240.2,,,,,,,,
838,1263.2,1260.2,1257.1,1254.1,1251,1248,1245,1242,,,,,,,,
839,1264.9,1261.9,1258.9,1255.8,1252.8,1249.7,1246.7,1243.7,,,,,,,,
840,1266.7,1263.6,1260.6,1257.6,1254.5,1251.5,1248.5,1245.5,,,,,,,,
841,1268.4,1265.4,1262.3,1259.3,1256.3,1253.2,1250.2,1247.2,,,,,,,,
842,1270.1,1267.1,1264.1,1261,1258,1255,1252,1249,,,,,,,,
843,1271.8,1268.8,1265.8,1262.8,1259.7,1256.7,1253.7,1250.7,,,,,,,,
844,1273.6,1270.5,1267.5,1264.5,1261.5,1258.5,1255.5,1252.5,,,,,,,,
845,1275.3,1272.3,1269.2,1266.2,1263.2,1260.2,1257.2,1254.2,,,,,,,,
846,1277,1274,1271,1268,1265,1262,1259,1256,,,,,,,,
847,1278.7,1275.7,1272.7,1269.7,1266.7,1263.7,1260.7,1257.7,,,,,,,,
848,1280.4,1277.4,1274.4,1271.4,1268.4,1265.4,1262.4,1259.5,,,,,,,,
849,1282.1,1279.1,1276.1,1273.1,1270.1,1267.2,1264.2,1261.2,,,,,,,,
850,1283.8,1280.8,1277.8,1274.8,1271.9,1268.9,1265.9,1262.9,,,,,,,,
851,1285.5,1282.5,1279.5,1276.6,1273.6,1270.6,1267.6,1264.7,,,,,,,,
852,1287.2,1284.2,1281.3,1278.3,1275.3,1272.3,1269.4,1266.4,,,,,,,,
853,1288.9,1285.9,1283,1280,1277,1274.1,1271.1,1268.1,,,,,,,,
854,1290.6,1287.6,1284.7,1281.7,1278.7,1275.8,1272.8,1269.9,,,,,,,,
855,1292.3,1289.3,1286.4,1283.4,1280.4,1277.5,1274.5,1271.6,,,,,,,,
856,1294,1291,1288.1,1285.1,1282.2,1279.2,1276.2,1273.3,,,,,,,,
857,1295.7,1292.7,1289.8,1286.8,1283.9,1280.9,1278,1275,,,,,,,,
858,1297.4,1294.4,1291.5,1288.5,1285.6,1282.6,1279.7,1276.7,,,,,,,,
859,1299.1,1296.1,1293.2,1290.2,1287.3,1284.3,1281.4,1278.4,,,,,,,,
860,1300.7,1297.8,1294.8,1291.9,1289,1286,1283.1,1280.1,,,,,,,,
861,1302.4,1299.5,1296.5,1293.6,1290.7,1287.7,1284.8,1281.9,,,,,,,,
862,1304.1,1301.1,1298.2,1295.3,1292.4,1289.4,1286.5,1283.6,,,,,,,,
863,1305.7,1302.8,1299.9,1297,1294,1291.1,1288.2,1285.3,,,,,,,,
864,1307.4,1304.5,1301.6,1298.7,1295.7,1292.8,1289.9,1287,,,,,,,,
865,1309.1,1306.2,1303.3,1300.3,1297.4,1294.5,1291.6,1288.7,,,,,,,,
866,1310.7,1307.8,1304.9,1302,1299.1,1296.2,1293.3,1290.3,,,,,,,,
867,1312.4,1309.5,1306.6,1303.7,1300.8,1297.9,1295,1292,,,,,,,,
868,1314,1311.2,1308.3,1305.4,1302.5,1299.5,1296.6,1293.7,,,,,,,,
869,1315.7,1312.8,1309.9,1307,1304.1,1301.2,1298.3,1295.4,,,,,,,,
870,1317.4,1314.5,1311.6,1308.7,1305.8,1302.9,1300,1297.1,,,,,,,,
871,1319,1316.1,1313.3,1310.4,1307.5,1304.6,1301.7,1298.8,,,,,,,,
872,1320.6,1317.8,1314.9,1312,1309.1,1306.2,1303.3,1300.5,,,,,,,,
873,1322.3,1319.4,1316.6,1313.7,1310.8,1307.9,1305,1302.1,,,,,,,,
874,1323.9,1321.1,1318.2,1315.3,1312.5,1309.6,1306.7,1303.8,,,,,,,,
875,1325.6,1322.7,1319.9,1317,1314.1,1311.2,1308.4,1305.5,,,,,,,,
876,1327.2,1324.4,1321.5,1318.6,1315.8,1312.9,1310,1307.1,,,,,,,,
877,1328.8,1326,1323.2,1320.3,1317.4,1314.5,1311.7,1308.8,,,,,,,,
878,1330.5,1327.6,1324.8,1321.9,1319.1,1316.2,1313.3,1310.5,,,,,,,,
879,1332.1,1329.3,1326.4,1323.6,1320.7,1317.8,1315,1312.1,,,,,,,,
880,1333.7,1330.9,1328.1,1325.2,1322.4,1319.5,1316.6,1313.8,,,,,,,,
881,1335.3,1332.5,1329.7,1326.8,1324,1321.1,1318.3,1315.4,,,,,,,,
882,1336.9,1334.1,1331.3,1328.5,1325.6,1322.8,1319.9,1317.1,,,,,,,,
883,1338.5,1335.7,1332.9,1330.1,1327.3,1324.4,1321.6,1318.7,,,,,,,,
884,1340.2,1337.4,1334.5,1331.7,1328.9,1326.1,1323.2,1320.4,,,,,,,,
885,1341.8,1339,1336.2,1333.4,1330.5,1327.7,1324.9,1322,,,,,,,,
886,1343.4,1340.6,1337.8,1335,1332.2,1329.3,1326.5,1323.7,,,,,,,,
887,1345,1342.2,1339.4,1336.6,1333.8,1331,1328.1,1325.3,,,,,,,,
888,1346.6,1343.8,1341,1338.2,1335.4,1332.6,1329.8,1326.9,,,,,,,,
889,1348.2,1345.4,1342.6,1339.8,1337,1334.2,1331.4,1328.6,,,,,,,,
890,1349.8,1347,1344.2,1341.4,1338.6,1335.8,1333,1330.2,,,,,,,,
891,1351.3,1348.6,1345.8,1343,1340.2,1337.4,1334.6,1331.8,,,,,,,,
892,1352.9,1350.2,1347.4,1344.6,1341.9,1339.1,1336.3,1333.4,,,,,,,,
893,1354.5,1351.7,1349,1346.2,1343.5,1340.7,1337.9,1335.1,,,,,,,,
894,1356.1,1353.3,1350.6,1347.8,1345.1,1342.3,1339.5,1336.7,,,,,,,,
895,1357.7,1354.9,1352.2,1349.4,1346.7,1343.9,1341.1,1338.3,,,,,,,,
896,1359.3,1356.5,1353.8,1351,1348.3,1345.5,1342.7,1339.9,,,,,,,,
897,1360.8,1358.1,1355.3,1352.6,1349.8,1347.1,1344.3,1341.5,,,,,,,,
898,1362.4,1359.6,1356.9,1354.2,1351.4,1348.7,1345.9,1343.1,,,,,,,,
899,1364,1361.2,1358.5,1355.8,1353,1350.3,1347.5,1344.7,,,,,,,,
900,1365.5,1362.8,1360.1,1357.3,1354.6,1351.9,1349.1,1346.3,,,,,,,,
901,1367.1,1364.4,1361.6,1358.9,1356.2,1353.4,1350.7,1347.9,,,,,,,,
902,1368.6,1365.9,1363.2,1360.5,1357.8,1355,1352.3,1349.5,,,,,,,,
903,1370.2,1367.5,1364.8,1362,1359.3,1356.6,1353.9,1351.1,,,,,,,,
904,1371.8,1369,1366.3,1363.6,1360.9,1358.2,1355.4,1352.7,,,,,,,,
905,1373.3,1370.6,1367.9,1365.2,1362.5,1359.7,1357,1354.3,,,,,,,,
906,1374.8,1372.1,1369.4,1366.7,1364,1361.3,1358.6,1355.8,,,,,,,,
907,1376.4,1373.7,1371,1368.3,1365.6,1362.9,1360.2,1357.4,,,,,,,,
908,1377.9,1375.2,1372.5,1369.8,1367.1,1364.4,1361.7,1359,,,,,,,,
909,1379.5,1376.8,1374.1,1371.4,1368.7,1366,1363.3,1360.5,,,,,,,,
910,1381,1378.3,1375.6,1372.9,1370.2,1367.6,1364.8,1362.1,,,,,,,,
911,1382.5,1379.9,1377.2,1374.5,1371.8,1369.1,1366.4,1363.7,,,,,,,,
912,1384.1,1381.4,1378.7,1376,1373.3,1370.7,1367.9,1365.2,,,,,,,,
913,1385.6,1382.9,1380.2,1377.6,1374.9,1372.2,1369.5,1366.8,,,,,,,,
914,1387.1,1384.4,1381.8,1379.1,1376.4,1373.7,1371,1368.3,,,,,,,,
915,1388.6,1386,1383.3,1380.6,1378,1375.3,1372.6,1369.9,,,,,,,,
916,1390.1,1387.5,1384.8,1382.2,1379.5,1376.8,1374.1,1371.4,,,,,,,,
917,1391.6,1389,1386.3,1383.7,1381,1378.3,1375.6,1373,,,,,,,,
918,1393.1,1390.5,1387.9,1385.2,1382.5,1379.8,1377.2,1374.5,,,,,,,,
919,1394.6,1392,1389.4,1386.7,1384,1381.4,1378.7,1376,,,,,,,,
920,1396.1,1393.5,1390.9,1388.2,1385.6,1382.9,1380.2,1377.5,,,,,,,,
921,1397.6,1395,1392.4,1389.7,1387.1,1384.4,1381.7,1379.1,,,,,,,,
922,1399.1,1396.5,1393.9,1391.2,1388.6,1385.9,1383.3,1380.6,,,,,,,,
923,1400.6,1398,1395.4,1392.7,1390.1,1387.4,1384.8,1382.1,,,,,,,,
924,1402.1,1399.5,1396.9,1394.2,1391.6,1388.9,1386.3,1383.6,,,,,,,,
925,1403.6,1401,1398.4,1395.7,1393.1,1390.4,1387.8,1385.1,,,,,,,,
926,1405,1402.5,1399.9,1397.2,1394.6,1391.9,1389.3,1386.6,,,,,,,,
927,1406.5,1403.9,1401.3,1398.7,1396.1,1393.4,1390.8,1388.2,,,,,,,,
928,1408,1405.4,1402.8,1400.2,1397.6,1394.9,1392.3,1389.7,,,,,,,,
929,1409.4,1406.9,1404.3,1401.7,1399.1,1396.4,1393.8,1391.2,,,,,,,,
930,1410.9,1408.3,1405.8,1403.2,1400.5,1397.9,1395.3,1392.7,,,,,,,,
931,1412.3,1409.8,1407.2,1404.6,1402,1399.4,1396.8,1394.1,,,,,,,,
932,1413.8,1411.3,1408.7,1406.1,1403.5,1400.9,1398.2,1395.6,,,,,,,,
933,1415.2,1412.7,1410.1,1407.6,1405,1402.4,1399.7,1397.1,,,,,,,,
934,1416.7,1414.2,1411.6,1409,1406.4,1403.8,1401.2,1398.6,,,,,,,,
935,1418.1,1415.6,1413.1,1410.5,1407.9,1405.3,1402.7,1400.1,,,,,,,,
936,1419.6,1417,1414.5,1411.9,1409.4,1406.8,1404.2,1401.6,,,,,,,,
937,1421,1418.5,1415.9,1413.4,1410.8,1408.2,1405.6,1403.1,,,,,,,,
938,1422.4,1419.9,1417.4,1414.8,1412.3,1409.7,1407.1,1404.6,,,,,,,,
939,1423.9,1421.3,1418.8,1416.3,1413.7,1411.2,1408.6,1406,,,,,,,,
940,1425.3,1422.8,1420.3,1417.7,1415.2,1412.6,1410.1,1407.5,,,,,,,,
941,1426.7,1424.2,1421.7,1419.2,1416.6,1414.1,1411.5,1409,,,,,,,,
942,1428.1,1425.6,1423.1,1420.6,1418.1,1415.5,1413,1410.4,,,,,,,,
943,1429.5,1427,1424.5,1422,1419.5,1417,1414.4,1411.9,,,,,,,,
944,1430.9,1428.5,1426,1423.5,1420.9,1418.4,1415.9,1413.3,,,,,,,,
945,1432.3,1429.9,1427.4,1424.9,1422.4,1419.9,1417.3,1414.8,,,,,,,,
946,1433.7,1431.3,1428.8,1426.3,1423.8,1421.3,1418.8,1416.3,,,,,,,,
947,1435.1,1432.7,1430.2,1427.7,1425.2,1422.7,1420.2,1417.7,,,,,,,,
948,1436.5,1434.1,1431.6,1429.1,1426.7,1424.2,1421.7,1419.1,,,,,,,,
949,1437.9,1435.5,1433,1430.5,1428.1,1425.6,1423.1,1420.6,,,,,,,,
950,1439.3,1436.9,1434.4,1432,1429.5,1427,1424.5,1422,,,,,,,,
951,1440.7,1438.2,1435.8,1433.4,1430.9,1428.5,1426,1423.5,,,,,,,,
952,1442,1439.6,1437.2,1434.8,1432.3,1429.9,1427.4,1424.9,,,,,,,,
953,1443.4,1441,1438.6,1436.2,1433.7,1431.3,1428.8,1426.3,,,,,,,,
954,1444.8,1442.4,1440,1437.6,1435.1,1432.7,1430.2,1427.7,,,,,,,,
955,1446.2,1443.8,1441.4,1439,1436.5,1434.1,1431.6,1429.2,,,,,,,,
956,1447.5,1445.1,1442.8,1440.3,1437.9,1435.5,1433,1430.6,,,,,,,,
957,1448.9,1446.5,1444.1,1441.7,1439.3,1436.9,1434.5,1432,,,,,,,,
958,1450.2,1447.9,1445.5,1443.1,1440.7,1438.3,1435.9,1433.4,,,,,,,,
959,1451.6,1449.2,1446.9,1444.5,1442.1,1439.7,1437.2,1434.8,,,,,,,,
960,1452.9,1450.6,1448.2,1445.9,1443.5,1441.1,1438.6,1436.2,,,,,,,,
961,1454.3,1452,1449.6,1447.2,1444.8,1442.4,1440,1437.6,,,,,,,,
962,1455.6,1453.3,1451,1448.6,1446.2,1443.8,1441.4,1439,,,,,,,,
963,1457,1454.7,1452.3,1450,1447.6,1445.2,1442.8,1440.3,,,,,,,,
964,1458.3,1456,1453.7,1451.3,1449,1446.6,1444.2,1441.7,,,,,,,,
965,1459.6,1457.3,1455,1452.7,1450.3,1447.9,1445.5,1443.1,,,,,,,,
966,1461,1458.7,1456.4,1454,1451.7,1449.3,1446.9,1444.5,,,,,,,,
967,1462.3,1460,1457.7,1455.4,1453,1450.6,1448.3,1445.8,,,,,,,,
968,1463.6,1461.3,1459,1456.7,1454.4,1452,1449.6,1447.2,,,,,,,,
969,1464.9,1462.7,1460.4,1458.1,1455.7,1453.3,1451,1448.6,,,,,,,,
970,1466.2,1464,1461.7,1459.4,1457.1,1454.7,1452.3,1449.9,,,,,,,,
971,1467.5,1465.3,1463,1460.7,1458.4,1456,1453.7,1451.3,,,,,,,,
972,1468.8,1466.6,1464.3,1462.1,1459.7,1457.4,1455,1452.6,,,,,,,,
973,1470.1,1467.9,1465.7,1463.4,1461.1,1458.7,1456.3,1454,,,,,,,,
974,1471.3,1469.2,1467,1464.7,1462.4,1460,1457.7,1455.3,,,,,,,,
975,1472.6,1470.5,1468.3,1466,1463.7,1461.4,1459,1456.6,,,,,,,,
976,1473.9,1471.8,1469.6,1467.3,1465,1462.7,1460.3,1458,,,,,,,,
977,1475.2,1473,1470.9,1468.6,1466.3,1464,1461.6,1459.3,,,,,,,,
978,1476.4,1474.3,1472.2,1469.9,1467.6,1465.3,1463,1460.6,,,,,,,,
979,1477.7,1475.6,1473.4,1471.2,1468.9,1466.6,1464.3,1461.9,,,,,,,,
980,1479,1476.9,1474.7,1472.5,1470.2,1467.9,1465.6,1463.2,,,,,,,,
981,1480.2,1478.1,1476,1473.8,1471.5,1469.2,1466.9,1464.6,,,,,,,,
982,1481.5,1479.4,1477.3,1475.1,1472.8,1470.5,1468.2,1465.9,,,,,,,,
983,1482.7,1480.6,1478.5,1476.3,1474.1,1471.8,1469.5,1467.2,,,,,,,,
984,1483.9,1481.9,1479.8,1477.6,1475.4,1473.1,1470.8,1468.5,,,,,,,,
985,1485.2,1483.1,1481,1478.9,1476.6,1474.4,1472.1,1469.8,,,,,,,,
986,1486.4,1484.3,1482.3,1480.1,1477.9,1475.6,1473.4,1471.1,,,,,,,,
987,1487.6,1485.6,1483.5,1481.4,1479.2,1476.9,1474.6,1472.4,,,,,,,,
988,1488.9,1486.8,1484.7,1482.6,1480.4,1478.2,1475.9,1473.6,,,,,,,,
989,1490.1,1488,1486,1483.9,1481.7,1479.5,1477.2,1474.9,,,,,,,,
990,1491.3,1489.2,1487.2,1485.1,1482.9,1480.7,1478.5,1476.2,,,,,,,,
991,1492.5,1490.5,1488.4,1486.3,1484.2,1482,1479.7,1477.5,,,,,,,,
992,1493.7,1491.7,1489.6,1487.5,1485.4,1483.2,1481,1478.7,,,,,,,,
993,1494.9,1492.9,1490.8,1488.8,1486.7,1484.5,1482.3,1480,,,,,,,,
994,1496.1,1494.1,1492,1490,1487.9,1485.7,1483.5,1481.3,,,,,,,,
995,1497.3,1495.3,1493.2,1491.2,1489.1,1487,1484.8,1482.5,,,,,,,,
996,1498.5,1496.5,1494.4,1492.4,1490.4,1488.2,1486,1483.8,,,,,,,,
997,1499.6,1497.7,1495.6,1493.6,1491.6,1489.4,1487.2,1485,,,,,,,,
998,1500.8,1498.8,1496.8,1494.8,1492.8,1490.7,1488.5,1486.3,,,,,,,,
999,1502,1500,1498,1496,1494,1491.9,1489.7,1487.5,,,,,,,,
1000,1503.2,1501.2,1499.2,1497.2,1495.2,1493.1,1490.9,1488.7,,,,,,,,
1001,1504.4,1502.4,1500.4,1498.4,1496.4,1494.3,1492.1,1489.9,,,,,,,,
1002,1505.6,1503.5,1501.6,1499.6,1497.6,1495.5,1493.4,1491.2,,,,,,,,
1003,1506.7,1504.7,1502.7,1500.8,1498.7,1496.7,1494.6,1492.4,,,,,,,,
1004,1507.9,1505.9,1503.9,1501.9,1499.9,1497.9,1495.8,1493.6,,,,,,,,
1005,1509.1,1507,1505.1,1503.1,1501.1,1499.1,1497,1494.8,,,,,,,,
1006,1510.2,1508.2,1506.2,1504.3,1502.3,1500.3,1498.2,1496,,,,,,,,
1007,1511.4,1509.4,1507.4,1505.4,1503.4,1501.4,1499.4,1497.2,,,,,,,,
1008,1512.5,1510.5,1508.5,1506.6,1504.6,1502.6,1500.5,1498.4,,,,,,,,
1009,1513.7,1511.7,1509.7,1507.7,1505.8,1503.8,1501.7,1499.6,,,,,,,,
1010,1514.8,1512.8,1510.8,1508.9,1506.9,1504.9,1502.9,1500.8,,,,,,,,
1011,1516,1514,1511.9,1510,1508.1,1506.1,1504.1,1501.9,,,,,,,,
1012,1517.1,1515.1,1513.1,1511.1,1509.2,1507.2,1505.2,1503.1,,,,,,,,
1013,1518.2,1516.2,1514.2,1512.3,1510.3,1508.4,1506.4,1504.3,,,,,,,,
1014,1519.3,1517.4,1515.4,1513.4,1511.5,1509.5,1507.5,1505.5,,,,,,,,
1015,1520.5,1518.5,1516.5,1514.5,1512.6,1510.6,1508.6,1506.6,,,,,,,,
1016,1521.6,1519.6,1517.6,1515.6,1513.7,1511.8,1509.8,1507.7,,,,,,,,
1017,1522.7,1520.7,1518.7,1516.8,1514.8,1512.9,1510.9,1508.9,,,,,,,,
1018,1523.8,1521.8,1519.9,1517.8,1516,1514,1512,1510,,,,,,,,
1019,1524.9,1522.9,1521,1519,1517.1,1515.1,1513.2,1511.1,,,,,,,,
1020,1526,1524,1522.1,1520.1,1518.2,1516.2,1514.2,1512.2,,,,,,,,
1021,1527.1,1525.1,1523.2,1521.2,1519.3,1517.3,1515.3,1513.3,,,,,,,,
1022,1528.1,1526.2,1524.3,1522.3,1520.4,1518.4,1516.4,1514.4,,,,,,,,
1023,1529.2,1527.3,1525.4,1523.4,1521.4,1519.5,1517.5,1515.4,,,,,,,,
1024,1530.3,1528.4,1526.5,1524.5,1522.5,1520.6,1518.6,1516.5,,,,,,,,
1025,1531.3,1529.5,1527.5,1525.6,1523.6,1521.6,1519.6,1517.6,,,,,,,,
1026,1532.4,1530.5,1528.6,1526.7,1524.7,1522.7,1520.7,1518.7,,,,,,,,
1027,1533.4,1531.6,1529.7,1527.7,1525.7,1523.8,1521.8,1519.8,,,,,,,,
1028,1534.5,1532.7,1530.8,1528.8,1526.8,1524.8,1522.8,1520.8,,,,,,,,
1029,1535.5,1533.7,1531.8,1529.9,1527.9,1525.8,1523.9,1521.9,,,,,,,,
1030,1536.5,1534.8,1532.9,1530.9,1528.9,1526.9,1524.9,1522.9,,,,,,,,
1031,1537.6,1535.8,1533.9,1532,1529.9,1527.9,1526,1524,,,,,,,,
1032,1538.6,1536.8,1535,1533,1531,1528.9,1527,1525,,,,,,,,
1033,1539.6,1537.8,1536,1534,1532,1530,1528,1526.1,,,,,,,,
1034,1540.6,1538.9,1537,1535,1533,1531,1529.1,1527.1,,,,,,,,
1035,1541.6,1539.9,1538,1536.1,1534.1,1532.1,1530.1,1528.1,,,,,,,,
1036,1542.6,1540.9,1539,1537.1,1535.1,1533.1,1531.1,1529.2,,,,,,,,
1037,1543.6,1541.9,1540,1538.1,1536.1,1534.1,1532.1,1530.2,,,,,,,,
1038,1544.5,1542.8,1541,1539.1,1537.1,1535.1,1533.1,1531.2,,,,,,,,
1039,1545.5,1543.8,1542,1540.1,1538.1,1536.1,1534.1,1532.2,,,,,,,,
1040,1546.5,1544.7,1542.9,1541.1,1539.1,1537.1,1535.1,1533.2,,,,,,,,
1041,1547.4,1545.7,1543.9,1542,1540.1,1538.1,1536.2,1534.2,,,,,,,,
1042,1548.4,1546.6,1544.9,1543,1541.1,1539.1,1537.2,1535.2,,,,,,,,
1043,1549.3,1547.6,1545.8,1544,1542.1,1540.1,1538.2,1536.2,,,,,,,,
1044,1550.2,1548.5,1546.8,1545,1543.1,1541.1,1539.2,1537.2,,,,,,,,
1045,1551.1,1549.4,1547.7,1545.9,1544,1542.1,1540.1,1538.2,,,,,,,,
1046,1552,1550.4,1548.7,1546.9,1545,1543.1,1541.1,1539.1,,,,,,,,
1047,1553,1551.3,1549.6,1547.8,1546,1544.1,1542.1,1540.1,,,,,,,,
1048,1553.9,1552.2,1550.5,1548.8,1546.9,1545,1543.1,1541.2,,,,,,,,
1049,1554.8,1553.1,1551.4,1549.7,1547.9,1546,1544.1,1542.2,,,,,,,,
1050,1555.7,1554,1552.3,1550.6,1548.8,1546.9,1545,1543.2,,,,,,,,
1051,1556.6,1554.9,1553.3,1551.5,1549.8,1547.9,1546,1544.2,,,,,,,,
1052,1557.5,1555.8,1554.2,1552.5,1550.7,1548.8,1547,1545.2,,,,,,,,
1053,1558.3,1556.7,1555.1,1553.4,1551.6,1549.8,1548,1546.2,,,,,,,,
1054,1559.2,1557.6,1555.9,1554.3,1552.5,1550.7,1549,1547.2,,,,,,,,
1055,1560.1,1558.5,1556.8,1555.2,1553.4,1551.7,1549.9,1548.2,,,,,,,,
1056,1560.9,1559.3,1557.7,1556.1,1554.3,1552.7,1550.9,1549.2,,,,,,,,
1057,1561.8,1560.2,1558.6,1556.9,1555.2,1553.6,1551.9,1550.1,,,,,,,,
1058,1562.7,1561.1,1559.5,1557.8,1556.2,1554.6,1552.9,1551.1,,,,,,,,
1059,1563.5,1561.9,1560.3,1558.7,1557.1,1555.5,1553.8,1552.1,,,,,,,,
1060,1564.3,1562.8,1561.2,1559.6,1558,1556.4,1554.8,1553,,,,,,,,
1061,1565.2,1563.6,1562,1560.5,1558.9,1557.4,1555.7,1554,,,,,,,,
1062,1566,1564.5,1562.9,1561.4,1559.8,1558.3,1556.7,1554.9,,,,,,,,
1063,1566.8,1565.3,1563.7,1562.2,1560.7,1559.2,1557.6,1555.9,,,,,,,,
1064,1567.6,1566.1,1564.6,1563.1,1561.6,1560.1,1558.5,1556.8,,,,,,,,
1065,1568.4,1566.9,1565.5,1564,1562.5,1561,1559.4,1557.8,,,,,,,,
1066,1569.2,1567.8,1566.3,1564.9,1563.4,1561.9,1560.4,1558.7,,,,,,,,
1067,1570,1568.6,1567.2,1565.8,1564.3,1562.8,1561.3,1559.6,,,,,,,,
1068,1570.8,1569.4,1568.1,1566.6,1565.2,1563.7,1562.2,1560.5,,,,,,,,
1069,1571.6,1570.3,1568.9,1567.5,1566,1564.6,1563.1,1561.5,,,,,,,,
1070,1572.4,1571.1,1569.8,1568.3,1566.9,1565.4,1563.9,1562.4,,,,,,,,
1071,1573.2,1571.9,1570.6,1569.2,1567.8,1566.3,1564.8,1563.3,,,,,,,,
1072,1574,1572.7,1571.4,1570,1568.6,1567.2,1565.7,1564.2,,,,,,,,
1073,1574.8,1573.5,1572.2,1570.9,1569.5,1568,1566.6,1565.1,,,,,,,,
1074,1575.6,1574.3,1573.1,1571.7,1570.3,1568.9,1567.4,1565.9,,,,,,,,
1075,1576.3,1575.1,1573.9,1572.5,1571.2,1569.7,1568.3,1566.8,,,,,,,,
1076,1577.1,1575.9,1574.7,1573.4,1572,1570.6,1569.2,1567.6,,,,,,,,
1077,1577.9,1576.7,1575.5,1574.2,1572.8,1571.4,1570,1568.4,,,,,,,,
1078,1578.6,1577.5,1576.3,1575,1573.6,1572.3,1570.8,1569.3,,,,,,,,
1079,1579.4,1578.3,1577.1,1575.8,1574.5,1573.1,1571.6,1570.1,,,,,,,,
1080,1580.1,1579,1577.8,1576.6,1575.3,1573.9,1572.4,1570.9,,,,,,,,
1081,1580.8,1579.8,1578.6,1577.4,1576.1,1574.7,1573.2,1571.7,,,,,,,,
1082,1581.4,1580.5,1579.4,1578.2,1576.9,1575.5,1574,1572.5,,,,,,,,
1083,1582.1,1581.3,1580.1,1578.9,1577.7,1576.2,1574.8,1573.3,,,,,,,,
1084,1582.8,1582,1580.9,1579.7,1578.4,1577,1575.5,1574.1,,,,,,,,
1085,1583.4,1582.7,1581.7,1580.5,1579.2,1577.8,1576.3,1574.8,,,,,,,,
1086,1584.1,1583.5,1582.4,1581.2,1579.9,1578.5,1577.1,1575.6,,,,,,,,
1087,1584.7,1584.1,1583.1,1581.9,1580.6,1579.3,1577.8,1576.4,,,,,,,,
1088,1585.3,1584.7,1583.9,1582.7,1581.4,1580,1578.6,1577.1,,,,,,,,
1089,1586,1585.4,1584.6,1583.4,1582.1,1580.7,1579.3,1577.9,,,,,,,,
1090,1586.6,1586,1585.2,1584.1,1582.8,1581.5,1580.1,1578.6,,,,,,,,
1091,1587.2,1586.7,1585.9,1584.8,1583.5,1582.2,1580.8,1579.3,,,,,,,,
1092,1587.8,1587.3,1586.6,1585.4,1584.2,1582.9,1581.5,1580.1,,,,,,,,
1093,1588.4,1587.8,1587.2,1586.1,1584.9,1583.6,1582.2,1580.8,,,,,,,,
1094,1589,1588.4,1587.8,1586.8,1585.6,1584.3,1582.9,1581.5,,,,,,,,
1095,1589.6,1589,1588.4,1587.4,1586.3,1585,1583.6,1582.2,,,,,,,,
1096,1590.2,1589.6,1588.9,1588.1,1586.9,1585.7,1584.3,1582.9,,,,,,,,
1097,1590.7,1590.1,1589.5,1588.7,1587.6,1586.3,1585,1583.6,,,,,,,,
1098,1591.3,1590.7,1590.1,1589.4,1588.2,1587,1585.7,1584.3,,,,,,,,
1099,1591.8,1591.2,1590.6,1590,1588.9,1587.7,1586.4,1585,,,,,,,,
1100,1592.3,1591.8,1591.1,1590.5,1589.5,1588.3,1587,1585.7,,,,,,,,
1101,1592.8,1592.3,1591.7,1591.1,1590.1,1589,1587.7,1586.4,,,,,,,,
1102,1593.3,1592.8,1592.2,1591.6,1590.7,1589.6,1588.4,1587,,,,,,,,
1103,1593.8,1593.3,1592.7,1592.1,1591.4,1590.2,1589,1587.7,,,,,,,,
1104,1594.3,1593.8,1593.3,1592.6,1592,1590.8,1589.6,1588.3,,,,,,,,
1105,1594.8,1594.3,1593.8,1593.2,1592.5,1591.4,1590.3,1589,,,,,,,,
1106,1595.3,1594.8,1594.3,1593.7,1593.1,1592,1590.9,1589.6,,,,,,,,
1107,1595.8,1595.3,1594.8,1594.2,1593.6,1592.6,1591.5,1590.2,,,,,,,,
1108,1596.4,1595.8,1595.2,1594.7,1594.1,1593.2,1592.1,1590.8,,,,,,,,
1109,1597,1596.2,1595.7,1595.2,1594.6,1593.8,1592.7,1591.4,,,,,,,,
1110,1597.6,1596.7,1596.2,1595.6,1595.1,1594.4,1593.2,1592,,,,,,,,
1111,1598.1,1597.1,1596.7,1596.1,1595.5,1594.9,1593.8,1592.6,,,,,,,,
1112,1598.7,1597.6,1597.1,1596.6,1596,1595.4,1594.4,1593.1,,,,,,,,
1113,1599.3,1598.1,1597.6,1597,1596.5,1595.9,1594.9,1593.6,,,,,,,,
1114,1599.8,1598.6,1598,1597.5,1596.9,1596.3,1595.4,1594.1,,,,,,,,
1115,1600.4,1599.2,1598.4,1597.9,1597.4,1596.8,1595.9,1594.7,,,,,,,,
1116,1600.9,1599.7,1598.8,1598.4,1597.8,1597.2,1596.4,1595.2,,,,,,,,
1117,1601.4,1600.2,1599.2,1598.8,1598.3,1597.6,1596.8,1595.7,,,,,,,,
1118,1602,1600.8,1599.6,1599.2,1598.6,1598,1597.3,1596.1,,,,,,,,
1119,1602.5,1601.3,1600.1,1599.6,1599,1598.3,1597.7,1596.6,,,,,,,,
1120,1603,1601.8,1600.6,1600,1599.4,1598.7,1598,1597.1,,,,,,,,
1121,1603.5,1602.3,1601.1,1600.3,1599.7,1599.1,1598.4,1597.6,,,,,,,,
1122,1604,1602.8,1601.6,1600.6,1600.1,1599.4,1598.8,1598,,,,,,,,
1123,1604.6,1603.3,1602.1,1600.9,1600.4,1599.8,1599.1,1598.5,,,,,,,,
1124,1605.1,1603.8,1602.5,1601.2,1600.7,1600.1,1599.5,1598.9,,,,,,,,
1125,1605.6,1604.2,1602.9,1601.7,1601.1,1600.5,1599.8,1599.4,,,,,,,,
1126,1605.9,1604.7,1603.4,1602.1,1601.4,1600.8,1600.3,1599.8,,,,,,,,
1127,1606.3,1605.1,1603.8,1602.5,1601.7,1601.1,1600.7,1600.2,,,,,,,,
1128,1606.6,1605.5,1604.2,1602.9,1602,1601.5,1601.1,1600.7,,,,,,,,
1129,1606.9,1606,1604.6,1603.3,1602.2,1601.9,1601.5,1601.1,,,,,,,,
1130,1607.1,1606.4,1605,1603.7,1602.5,1602.2,1601.9,1601.5,,,,,,,,
1131,1607.4,1606.8,1605.4,1604.1,1603,1602.6,1602.3,1601.9,,,,,,,,
1132,1607.6,1607,1605.8,1604.5,1603.5,1603,1602.7,1602.4,,,,,,,,
1133,1607.9,1607.3,1606.2,1605,1604,1603.3,1603.1,1602.7,,,,,,,,
1134,1608.1,1607.6,1606.6,1605.5,1604.4,1603.7,1603.5,1603.1,,,,,,,,
1135,1608.3,1607.8,1607.1,1605.9,1604.9,1604.1,1603.8,1603.4,,,,,,,,
1136,1608.5,1608,1607.6,1606.4,1605.4,1604.4,1604.1,1603.7,,,,,,,,
1137,1608.6,1608.3,1607.9,1606.8,1605.8,1604.9,1604.4,1604,,,,,,,,
1138,1608.7,1608.6,1608.3,1607.3,1606.3,1605.3,1604.7,1604.3,,,,,,,,
1139,1608.9,1608.9,1608.6,1607.8,1606.8,1605.6,1604.9,1604.5,,,,,,,,
1140,1609.2,1609.1,1608.9,1608.3,1607.1,1606,1605.2,1604.8,,,,,,,,
1141,1609.4,1609.4,1609.2,1608.7,1607.5,1606.4,1605.4,1605,,,,,,,,
1142,1609.6,1609.6,1609.5,1609.1,1607.9,1606.7,1605.6,1605.2,,,,,,,,
1143,1609.8,1609.8,1609.8,1609.4,1608.2,1607.1,1605.9,1605.4,,,,,,,,
1144,1610,1610,1610,1609.6,1608.6,1607.4,1606.2,1605.6,,,,,,,,
1145,1610.1,1610.3,1610.1,1609.8,1608.9,1607.7,1606.6,1605.9,,,,,,,,
1146,1610.3,1610.4,1610.3,1610,1609.2,1608,1606.9,1606,,,,,,,,
1147,1610.4,1610.4,1610.4,1610.1,1609.5,1608.3,1607.2,1606.2,,,,,,,,
1148,1610.5,1610.5,1610.4,1610.2,1609.8,1608.6,1607.5,1606.4,,,,,,,,
1149,1610.5,1610.5,1610.3,1610.4,1610,1608.9,1607.8,1606.7,,,,,,,,
1150,1610.6,1610.6,1610.6,1610.5,1610.1,1609.2,1608.1,1607,,,,,,,,
1151,1610.6,1610.6,1610.6,1610.5,1610.3,1609.5,1608.4,1607.3,,,,,,,,
1152,1610.6,1610.6,1610.6,1610.6,1610.4,1609.8,1608.6,1607.6,,,,,,,,
1153,1610.7,1610.7,1610.7,1610.6,1610.5,1610.1,1608.9,1607.9,,,,,,,,
1154,1610.7,1610.7,1610.7,1610.7,1610.6,1610.1,1609.2,1608.1,,,,,,,,
1155,1610.7,1610.7,1610.7,1610.7,1610.7,1610.4,1609.4,1608.4,,,,,,,,
1156,1610.8,1610.8,1610.8,1610.8,1610.7,1610.5,1609.6,1608.7,,,,,,,,
1157,1610.8,1610.8,1610.8,1610.8,1610.8,1610.6,1610,1608.8,,,,,,,,
1158,1610.9,1610.8,1610.8,1610.8,1610.8,1610.7,1610.4,1609.1,,,,,,,,
1159,1610.9,1610.9,1610.9,1610.9,1610.9,1610.8,1610.5,1609.5,,,,,,,,
1160,1610.9,1610.9,1610.9,1610.9,1610.9,1610.9,1610.6,1609.7,,,,,,,,
1161,1611,1611,1610.9,1610.9,1610.9,1610.9,1610.7,1610,,,,,,,,
1162,1611,1611,1611,1611,1611,1611,1610.8,1610.2,,,,,,,,
1163,1611,1611,1611,1611,1611,1611,1610.9,1610.5,,,,,,,,
1164,1611.1,1611.1,1611.1,1611.1,1611.1,1611,1611,1610.7,,,,,,,,
1165,1611.1,1611.1,1611.1,1611.1,1611.1,1611.1,1611.1,1610.8,,,,,,,,
1166,1611.1,1611.1,1611.1,1611.1,1611.1,1611.1,1611.1,1610.9,,,,,,,,
1167,1611.2,1611.2,1611.2,1611.2,1611.2,1611.2,1611.1,1611,,,,,,,,
1168,1611.2,1611.2,1611.2,1611.2,1611.2,1611.2,1611.2,1611.1,,,,,,,,
1169,1611.2,1611.2,1611.2,1611.2,1611.2,1611.2,1611.2,1611.2,,,,,,,,
1170,1611.3,1611.3,1611.3,1611.3,1611.3,1611.3,1611.3,1611.2,,,,,,,,
1171,1611.3,1611.3,1611.3,1611.3,1611.3,1611.3,1611.3,1611.3,,,,,,,,
1172,1611.3,1611.3,1611.3,1611.3,1611.3,1611.3,1611.3,1611.3,,,,,,,,
1173,1611.4,1611.4,1611.4,1611.4,1611.4,1611.4,1611.4,1611.4,,,,,,,,
1174,1611.4,1611.4,1611.4,1611.4,1611.4,1611.4,1611.4,1611.4,,,,,,,,
1175,1611.5,1611.4,1611.4,1611.4,1611.4,1611.4,1611.4,1611.5,,,,,,,,
1176,1611.5,1611.5,1611.5,1611.5,1611.5,1611.5,1611.5,1611.5,,,,,,,,
1177,1611.5,1611.5,1611.5,1611.5,1611.5,1611.5,1611.5,1611.5,,,,,,,,
1178,1611.6,1611.3,1611.3,1611.6,1611.6,1611.6,1611.6,1611.6,,,,,,,,
1179,1611.4,1611.4,1611.4,1611.4,1611.3,1611.6,1611.6,1611.6,,,,,,,,
1180,1611.4,1611.4,1611.4,1611.4,1611.4,1611.4,1611.6,1611.7,,,,,,,,
1181,1611.5,1611.5,1611.5,1611.5,1611.5,1611.5,1611.5,1611.4,,,,,,,,
1182,1611.5,1611.5,1611.5,1611.5,1611.5,1611.5,1611.5,1611.5,,,,,,,,
1183,1611.6,1611.6,1611.6,1611.6,1611.6,1611.6,1611.6,1611.6,,,,,,,,
1184,1611.6,1611.6,1611.6,1611.6,1611.6,1611.6,1611.6,1611.6,,,,,,,,
1185,1611.7,1611.7,1611.7,1611.7,1611.7,1611.7,1611.7,1611.7,,,,,,,,
1186,1611.8,1611.7,1611.7,1611.7,1611.7,1611.7,1611.7,1611.7,,,,,,,,
1187,1611.8,1611.8,1611.8,1611.8,1611.8,1611.8,1611.8,1611.8,,,,,,,,
1188,1611.9,1611.9,1611.8,1611.8,1611.8,1611.8,1611.8,1611.8,,,,,,,,
1189,1611.9,1611.9,1611.9,1611.9,1611.9,1611.9,1611.9,1611.9,,,,,,,,
1190,1612,1612,1611.9,1611.9,1611.9,1611.9,1611.9,1611.9,,,,,,,,
1191,1612,1612,1612,1612,1612,1612,1612,1612,,,,,,,,
1192,1612.1,1612.1,1612.1,1612,1612,1612,1612,1612.1,,,,,,,,
1193,1612.1,1612.1,1612.1,1612.1,1612.1,1612.1,1612.1,1612.1,,,,,,,,
1194,1612.2,1612.2,1612.2,1612.1,1612.1,1612.1,1612.1,1612.2,,,,,,,,
1195,1612.2,1612.2,1612.2,1612.2,1612.2,1612.2,1612.2,1612.2,,,,,,,,
1196,1612.3,1612.3,1612.3,1612.2,1612.2,1612.2,1612.2,1612.3,,,,,,,,
1197,1612.3,1612.3,1612.3,1612.3,1612.3,1612.3,1612.3,1612.3,,,,,,,,
1198,1612.4,1612.4,1612.4,1612.3,1612.3,1612.3,1612.3,1612.3,,,,,,,,
1199,1612.4,1612.4,1612.4,1612.4,1612.4,1612.4,1612.4,1612.4,,,,,,,,
1200,1612.5,1612.5,1612.4,1612.4,1612.4,1612.4,1612.4,1612.4,,,,,,,,
1201,1612.5,1612.5,1612.5,1612.5,1612.5,1612.5,1612.5,1612.5,,,,,,,,
1202,1612.6,1612.5,1612.5,1612.5,1612.5,1612.5,1612.5,1612.5,,,,,,,,
1203,1612.6,1612.6,1612.6,1612.6,1612.6,1612.6,1612.6,1612.6,,,,,,,,
1204,1612.6,1612.6,1612.6,1612.6,1612.6,1612.6,1612.6,1612.6,,,,,,,,
1205,1612.7,1612.7,1612.7,1612.7,1612.7,1612.7,1612.7,1612.7,,,,,,,,
1206,1612.7,1612.7,1612.7,1612.7,1612.7,1612.7,1612.7,1612.7,,,,,,,,
1207,1612.8,1612.8,1612.8,1612.8,1612.8,1612.8,1612.7,1612.7,,,,,,,,
1208,1612.8,1612.8,1612.8,1612.8,1612.8,1612.8,1612.8,1612.8,,,,,,,,
1209,1612.8,1612.8,1612.8,1612.8,1612.8,1612.8,1612.8,1612.8,,,,,,,,
1210,1612.8,1612.8,1612.8,1612.8,1612.8,1612.8,1612.8,1612.8,,,,,,,,
1211,1612.8,1612.8,1612.8,1612.8,1612.8,1612.8,1612.8,1612.8,,,,,,,,
1212,1612.9,1612.9,1612.9,1612.9,1612.9,1612.9,1612.9,1612.9,,,,,,,,
1213,1612.9,1612.9,1612.9,1612.9,1612.9,1612.9,1612.9,1612.9,,,,,,,,
1214,1612.9,1612.9,1612.9,1612.9,1612.9,1612.9,1612.9,1612.9,,,,,,,,
1215,1612.9,1612.9,1612.9,1612.9,1612.9,1612.9,1612.9,1612.9,,,,,,,,
1216,1612.9,1612.9,1612.9,1612.9,1612.9,1612.9,1612.9,1612.9,,,,,,,,
1217,1612.9,1612.9,1612.9,1612.9,1612.9,1612.9,1612.9,1612.9,,,,,,,,
1218,1612.9,1612.9,1612.9,1612.9,1612.9,1612.9,1612.9,1612.9,,,,,,,,
1219,1612.9,1612.9,1612.9,1612.9,1612.9,1612.9,1612.9,1612.9,,,,,,,,
1220,1612.9,1612.9,1612.9,1612.9,1612.9,1612.9,1612.9,1612.9,,,,,,,,
1221,1612.9,1612.9,1612.9,1612.9,1612.9,1612.9,1612.9,1612.9,,,,,,,,
1222,1612.9,1612.9,1612.9,1612.9,1612.9,1612.9,1612.9,1612.9,,,,,,,,
1223,1613,1613,1613,1612.9,1612.9,1612.9,1612.9,1613,,,,,,,,
1224,1613,1613,1613,1613,1613,1613,1613,1613,,,,,,,,
1225,1613,1613,1613,1613,1613,1613,1612.9,1612.9,,,,,,,,
1226,1612.9,1612.9,1612.9,1612.9,1612.9,1612.9,1612.9,1612.9,,,,,,,,
1227,1612.9,1612.9,1612.9,1612.9,1612.9,1612.9,1612.9,1612.9,,,,,,,,
1228,1612.8,1612.8,1612.8,1612.8,1612.8,1612.8,1612.8,1612.8,,,,,,,,
1229,1612.7,1612.7,1612.8,1612.8,1612.8,1612.8,1612.8,1612.8,,,,,,,,
1230,1612.6,1612.7,1612.7,1612.7,1612.7,1612.7,1612.7,1612.7,,,,,,,,
1231,1612.5,1612.5,1612.5,1612.6,1612.6,1612.6,1612.6,1612.5,,,,,,,,
1232,1613,1613,1613,1613,1613,1613,1613,1613,,,,,,,,
1233,1613,1613,1613,1613,1613,1613,1613,1613,,,,,,,,
1234,1613,1613,1613,1613,1613,1613,1613,1613,,,,,,,,
1235,1613,1613,1613,1613,1613,1613,1613,1613,,,,,,,,
1236,1613,1613,1613,1613,1613,1613,1613,1613,,,,,,,,
1237,1613,1613,1613,1613,1613,1613,1613,1613,,,,,,,,
1238,1613,1613,1613,1613,1613,1613,1613,1613,,,,,,,,
1239,1613,1613,1613,1613,1613,1613,1613,1613,,,,,,,,
1240,1613,1613,1613,1613,1613,1613,1613,1613,,,,,,,,
1241,1613,1613,1613,1613,1613,1613,1613,1613,,,,,,,,
1242,1613,1613,1613,1613,1613,1613,1613,1613,,,,,,,,
1243,1613,1613,1613,1613,1613,1613,1613,1613,,,,,,,,
1244,1613,1613,1613,1613,1613,1613,1613,1613,,,,,,,,
1245,1613,1613,1613,1613,1613,1613,1613,1613,,,,,,,,
1246,1613,1613,1613,1613,1613,1613,1613,1613,,,,,,,,
1247,1613,1613,1613,1613,1613,1613,1613,1613,,,,,,,,
1248,1613,1613,1613,1613,1613,1613,1613,1613,,,,,,,,
1249,1613,1613,1613,1613,1613,1613,1613,1613,,,,,,,,
1250,1613,1613,1613,1613,1613,1613,1613,1613,,,,,,,,
1251,1613,1613,1613,1613,1613,1613,1613,1613,,,,,,,,
1252,1613,1613,1613,1613,1613,1613,1613,1613,,,,,,,,
1253,1613,1613,1613,1613,1613,1613,1613,1613,,,,,,,,
1254,1613,1613,1613,1613,1613,1613,1613,1613,,,,,,,,
1255,1613,1613,1613,1613,1613,1613,1613,1613,,,,,,,,
1256,1613,1613,1613,1613,1613,1613,1613,1613,,,,,,,,
1257,1613,1613,1613,1613,1613,1613,1613,1613,,,,,,,,
1258,1613,1613,1613,1613,1613,1613,1613,1613,,,,,,,,
1259,1613,1613,1613,1613,1613,1613,1613,1613,,,,,,,,
1260,1613,1613,1613,1613,1613,1613,1613,1613,,,,,,,,
1261,1613,1613,1613,1613,1613,1613,1613,1613,,,,,,,,
1262,1613,1613,1613,1613,1613,1613,1613,1613,,,,,,,,
1263,1613,1613,1613,1613,1613,1613,1613,1613,,,,,,,,
1264,1613,1613,1613,1613,1613,1613,1613,1613,,,,,,,,
1265,1613,1613,1613,1613,1613,1613,1613,1613,,,,,,,,
1266,1613,1613,1613,1613,1613,1613,1613,1613,,,,,,,,
1267,1613,1613,1613,1613,1613,1613,1613,1613,,,,,,,,
1268,1613,1613,1613,1613,1613,1613,1613,1613,,,,,,,,
1269,1613,1613,1613,1613,1613,1613,1613,1613,,,,,,,,
1270,1613,1613,1613,1613,1613,1613,1613,1613,,,,,,,,
1271,1613,1613,1613,1613,1613,1613,1613,1613,,,,,,,,
1272,1613,1613,1613,1613,1613,1613,1613,1613,,,,,,,,
1273,1613,1613,1613,1613,1613,1613,1613,1613,,,,,,,,
1274,1613,1613,1613,1613,1613,1613,1613,1613,,,,,,,,
1275,1613,1613,1613,1613,1613,1613,1613,1613,,,,,,,,
1276,1613,1613,1613,1613,1613,1613,1613,1613,,,,,,,,
1277,1613,1613,1613,1613,1613,1613,1613,1613,,,,,,,,
1278,1613,1613,1613,1613,1613,1613,1613,1613,,,,,,,,
1279,1613,1613,1613,1613,1613,1613,1613,1613,,,,,,,,
1280,1613,1613,1613,1613,1613,1613,1613,1613,,,,,,,,
1281,1613,1613,1613,1613,1613,1613,1613,1613,,,,,,,,
1282,1613,1613,1613,1613,1613,1613,1613,1613,,,,,,,,
1283,1613,1613,1613,1613,1613,1613,1613,1613,,,,,,,,
1284,1613,1613,1613,1613,1613,1613,1613,1613,,,,,,,,
1285,1613,1613,1613,1613,1613,1613,1613,1613,,,,,,,,
1286,1613,1613,1613,1613,1613,1613,1613,1613,,,,,,,,
1287,1613,1613,1613,1613,1613,1613,1613,1613,,,,,,,,
1288,1613,1613,1613,1613,1613,1613,1613,1613,,,,,,,,
1289,1613,1613,1613,1613,1613,1613,1613,1613,,,,,,,,
1290,1613,1613,1613,1613,1613,1613,1613,1613,,,,,,,,
1291,1613,1613,1613,1613,1613,1613,1613,1613,,,,,,,,
1292,1613,1613,1613,1613,1613,1613,1613,1613,,,,,,,,
1293,1613,1613,1613,1613,1613,1613,1613,1613,,,,,,,,
1294,1613,1613,1613,1613,1613,1613,1613,1613,,,,,,,,
1295,1613,1613,1613,1613,1613,1613,1613,1613,,,,,,,,
1296,1613,1613,1613,1613,1613,1613,1613,1613,,,,,,,,
1297,1613,1613,1613,1613,1613,1613,1613,1613,,,,,,,,
1298,1613,1613,1613,1613,1613,1613,1613,1613,,,,,,,,
1299,1613,1613,1613,1613,1613,1613,1613,1613,,,,,,,,
1300,1613,1613,1613,1613,1613,1613,1613,1613,,,,,,,,
1301,1613,1613,1613,1613,1613,1613,1613,1613,,,,,,,,
1302,1613,1613,1613,1613,1613,1613,1613,1613,,,,,,,,
1303,1613,1613,1613,1613,1613,1613,1613,1613,,,,,,,,
1304,1613,1613,1613,1613,1613,1613,1613,1613,,,,,,,,
1305,1613,1613,1613,1613,1613,1613,1613,1613,,,,,,,,
1306,1613,1613,1613,1613,1613,1613,1613,1613,,,,,,,,
1307,1613,1613,1613,1613,1613,1613,1613,1613,,,,,,,,
1308,1613,1613,1613,1613,1613,1613,1613,1613,,,,,,,,
1309,1613,1613,1613,1613,1613,1613,1613,1613,,,,,,,,
1310,1613,1613,1613,1613,1613,1613,1613,1613,,,,,,,,
1311,1613,1613,1613,1613,1613,1613,1613,1613,,,,,,,,
1312,1613,1613,1613,1613,1613,1613,1613,1613,,,,,,,,
1313,1613,1613,1613,1613,1613,1613,1613,1613,,,,,,,,
1314,1613,1613,1613,1613,1613,1613,1613,1613,,,,,,,,
1315,1613,1613,1613,1613,1613,1613,1613,1613,,,,,,,,
1316,1613,1613,1613,1613,1613,1613,1613,1613,,,,,,,,
1317,1613,1613,1613,1613,1613,1613,1613,1613,,,,,,,,
1318,1613,1613,1613,1613,1613,1613,1613,1613,,,,,,,,
1319,1613,1613,1613,1613,1613,1613,1613,1613,,,,,,,,
1320,1613,1613,1613,1613,1613,1613,1613,1613,,,,,,,,
1321,1613,1613,1613,1613,1613,1613,1613,1613,,,,,,,,
1322,1613,1613,1613,1613,1613,1613,1613,1613,,,,,,,,
1323,1613,1613,1613,1613,1613,1613,1613,1613,,,,,,,,
1324,1613,1613,1613,1613,1613,1613,1613,1613,,,,,,,,
1325,1613,1613,1613,1613,1613,1613,1613,1613,,,,,,,,
1326,1613,1613,1613,1613,1613,1613,1613,1613,,,,,,,,
1327,1613,1613,1613,1613,1613,1613,1613,1613,,,,,,,,
1328,1613,1613,1613,1613,1613,1613,1613,1613,,,,,,,,
1329,1613,1613,1613,1613,1613,1613,1613,1613,,,,,,,,
1330,1613,1613,1613,1613,1613,1613,1613,1613,,,,,,,,
1331,1613,1613,1613,1613,1613,1613,1613,1613,,,,,,,,
1332,1613,1613,1613,1613,1613,1613,1613,1613,,,,,,,,
1333,1613,1613,1613,1613,1613,1613,1613,1613,,,,,,,,
1334,1613,1613,1613,1613,1613,1613,1613,1613,,,,,,,,
1335,1613,1613,1613,1613,1613,1613,1613,1613,,,,,,,,
1336,1613,1613,1613,1613,1613,1613,1613,1613,,,,,,,,
1337,1613,1613,1613,1613,1613,1613,1613,1613,,,,,,,,
1338,1613,1613,1613,1613,1613,1613,1613,1613,,,,,,,,
1339,1613,1613,1613,1613,1613,1613,1613,1613,,,,,,,,
1340,1613,1613,1613,1613,1613,1613,1613,1613,,,,,,,,
1341,1613,1613,1613,1613,1613,1613,1613,1613,,,,,,,,
1342,1613,1613,1613,1613,1613,1613,1613,1613,,,,,,,,
1343,1613,1613,1613,1613,1613,1613,1613,1613,,,,,,,,
1344,1613,1613,1613,1613,1613,1613,1613,1613,,,,,,,,
1345,1613,1613,1613,1613,1613,1613,1613,1613,,,,,,,,
1346,1613,1613,1613,1613,1613,1613,1613,1613,,,,,,,,
1347,1613,1613,1613,1613,1613,1613,1613,1613,,,,,,,,
1348,1613,1613,1613,1613,1613,1613,1613,1613,,,,,,,,
1349,1613,1613,1613,1613,1613,1613,1613,1613,,,,,,,,
1350,1613,1613,1613,1613,1613,1613,1613,1613,,,,,,,,
1351,1613,1613,1613,1613,1613,1613,1613,1613,,,,,,,,
1352,1613,1613,1613,1613,1613,1613,1613,1613,,,,,,,,
1353,1613,1613,1613,1613,1613,1613,1613,1613,,,,,,,,
1354,1613,1613,1613,1613,1613,1613,1613,1613,,,,,,,,
1355,1613,1613,1613,1613,1613,1613,1613,1613,,,,,,,,
1356,1613,1613,1613,1613,1613,1613,1613,1613,,,,,,,,
1357,1613,1613,1613,1613,1613,1613,1613,1613,,,,,,,,
1358,1613,1613,1613,1613,1613,1613,1613,1613,,,,,,,,
1358.9,1613,1613,1613,1613,1613,1613,1613,1613,,,,,,,,
