level,press_-1.0,press_-0.5,press_0.0,press_0.5,press_1.0,press_1.5,press_2.0,press_2.5,press_3,press_3.5,press_4.0,press_5.0,press_6.0
0,-2.0,-1.0,0.0,1.0,2.0,3.0,4.0,5.0,6.0,7.0,8.0,9.0,11.0
10,-2.0,-1.0,0.0,1.0,2.0,3.0,4.0,5.0,5.98,6.98,7.98,9.0,11.0
20,-2.0,-1.0,0.0,1.0,2.0,3.0,4.0,5.0,5.96,6.96,7.96,9.0,11.0
30,-2.0,-1.0,0.0,1.0,2.0,3.0,4.0,5.0,5.94,6.94,7.94,9.0,11.0
40,-2.0,-1.0,0.0,1.0,2.0,3.0,4.0,5.0,5.92,6.92,7.92,9.0,11.0
50,-2.0,-1.0,0.0,1.0,2.0,3.0,4.0,5.0,5.9,6.9,7.9,9.0,11.0
60,-2.0,-1.0,0.0,1.0,2.0,3.0,4.0,5.0,5.88,6.88,7.88,9.0,11.0
70,-2.0,-1.0,0.0,1.0,2.0,3.0,4.0,5.0,5.86,6.86,7.86,9.0,11.0
80,-2.0,-1.0,0.0,1.0,2.0,3.0,4.0,5.0,5.84,6.84,7.84,9.0,11.0
90,-2.0,-1.0,0.0,1.0,2.0,3.0,4.0,5.0,5.82,6.82,7.82,9.0,11.0
100,-2.0,-1.0,0.0,1.0,2.0,3.0,4.0,5.0,5.8,6.8,7.8,9.0,11.0
110,-2.0,-1.0,0.0,1.0,2.0,3.0,4.0,5.0,5.78,6.78,7.78,9.0,11.0
120,-2.0,-1.0,0.0,1.0,2.0,3.0,4.0,5.0,5.76,6.76,7.76,9.0,11.0
130,-2.0,-1.0,0.0,1.0,2.0,3.0,4.0,5.0,5.74,6.74,7.74,9.0,11.0
140,-2.0,-1.0,0.0,1.0,2.0,3.0,4.0,5.0,5.72,6.72,7.72,9.0,11.0
150,-2.0,-1.0,0.0,1.0,2.0,3.0,4.0,5.0,5.7,6.7,7.7,9.0,11.0
160,-2.0,-1.0,0.0,1.0,2.0,3.0,4.0,5.0,5.68,6.68,7.68,9.0,11.0
170,-2.0,-1.0,0.0,1.0,2.0,3.0,4.0,5.0,5.66,6.66,7.66,9.0,11.0
180,-2.0,-1.0,0.0,1.0,2.0,3.0,4.0,5.0,5.64,6.64,7.64,9.0,11.0
190,-2.0,-1.0,0.0,1.0,2.0,3.0,4.0,5.0,5.62,6.62,7.62,9.0,11.0
200,-2.0,-1.0,0.0,1.0,2.0,3.0,4.0,5.0,5.6,6.6,7.6,9.0,11.0
210,-2.0,-1.0,0.0,1.0,2.0,3.0,4.0,5.0,5.58,6.58,7.58,9.0,11.0
220,-2.0,-1.0,0.0,1.0,2.0,3.0,4.0,5.0,5.56,6.56,7.56,9.0,11.0
230,-2.0,-1.0,0.0,1.0,2.0,3.0,4.0,5.0,5.54,6.54,7.54,9.0,11.0
240,-2.0,-1.0,0.0,1.0,2.0,3.0,4.0,5.0,5.52,6.52,7.52,9.0,11.0
250,-2.0,-1.0,0.0,1.0,2.0,3.0,4.0,5.0,5.5,6.5,7.5,9.0,11.0
260,-2.0,-1.0,0.0,1.0,2.0,3.0,4.0,5.0,5.48,6.48,7.48,9.0,11.0
270,-2.0,-1.0,0.0,1.0,2.0,3.0,4.0,5.0,5.46,6.46,7.46,9.0,11.0
280,-2.0,-1.0,0.0,1.0,2.0,3.0,4.0,5.0,5.4399999999999995,6.4399999999999995,7.4399999999999995,9.0,11.0
290,-2.0,-1.0,0.0,1.0,2.0,3.0,4.0,5.0,5.42,6.42,7.42,9.0,11.0
300,-2.0,-1.0,0.0,1.0,2.0,3.0,4.0,5.0,5.4,6.4,7.4,9.0,11.0
310,-2.0,-1.0,0.0,1.0,2.0,3.0,4.0,5.0,5.38,6.38,7.38,9.0,11.0
320,-2.0,-1.0,0.0,1.0,2.0,3.0,4.0,5.0,5.36,6.36,7.36,9.0,11.0
330,-2.0,-1.0,0.0,1.0,2.0,3.0,4.0,5.0,5.34,6.34,7.34,9.0,11.0
340,-2.0,-1.0,0.0,1.0,2.0,3.0,4.0,5.0,5.32,6.32,7.32,9.0,11.0
350,-2.0,-1.0,0.0,1.0,2.0,3.0,4.0,5.0,5.3,6.3,7.3,9.0,11.0
360,-2.0,-1.0,0.0,1.0,2.0,3.0,4.0,5.0,5.28,6.28,7.28,9.0,11.0
370,-2.0,-1.0,0.0,1.0,2.0,3.0,4.0,5.0,5.26,6.26,7.26,9.0,11.0
380,-2.0,-1.0,0.0,1.0,2.0,3.0,4.0,5.0,5.24,6.24,7.24,9.0,11.0
390,-2.0,-1.0,0.0,1.0,2.0,3.0,4.0,5.0,5.22,6.22,7.22,9.0,11.0
400,-2.0,-1.0,0.0,1.0,2.0,3.0,4.0,5.0,5.2,6.2,7.2,9.0,11.0
410,-2.0,-1.0,0.0,1.0,2.0,3.0,4.0,5.0,5.18,6.18,7.18,9.0,11.0
420,-2.0,-1.0,0.0,1.0,2.0,3.0,4.0,5.0,5.16,6.16,7.16,9.0,11.0
430,-2.0,-1.0,0.0,1.0,2.0,3.0,4.0,5.0,5.14,6.14,7.14,9.0,11.0
440,-2.0,-1.0,0.0,1.0,2.0,3.0,4.0,5.0,5.12,6.12,7.12,9.0,11.0
450,-2.0,-1.0,0.0,1.0,2.0,3.0,4.0,5.0,5.1,6.1,7.1,9.0,11.0
460,-2.0,-1.0,0.0,1.0,2.0,3.0,4.0,5.0,5.08,6.08,7.08,9.0,11.0
470,-2.0,-1.0,0.0,1.0,2.0,3.0,4.0,5.0,5.06,6.06,7.06,9.0,11.0
480,-2.0,-1.0,0.0,1.0,2.0,3.0,4.0,5.0,5.04,6.04,7.04,9.0,11.0
490,-2.0,-1.0,0.0,1.0,2.0,3.0,4.0,5.0,5.02,6.02,7.02,9.0,11.0
500,-2.0,-1.0,0.0,1.0,2.0,3.0,4.0,5.0,5.0,6.0,7.0,9.0,11.0
510,-2.0,-1.0,0.0,1.0,2.0,3.0,3.98,4.98,5.0,6.0,7.0,9.0,10.98
520,-2.0,-1.0,0.0,1.0,2.0,3.0,3.96,4.96,5.0,6.0,7.0,9.0,10.96
530,-2.0,-1.0,0.0,1.0,2.0,3.0,3.94,4.94,5.0,6.0,7.0,9.0,10.94
540,-2.0,-1.0,0.0,1.0,2.0,3.0,3.92,4.92,5.0,6.0,7.0,9.0,10.92
550,-2.0,-1.0,0.0,1.0,2.0,3.0,3.9,4.9,5.0,6.0,7.0,9.0,10.9
560,-2.0,-1.0,0.0,1.0,2.0,3.0,3.88,4.88,5.0,6.0,7.0,9.0,10.88
570,-2.0,-1.0,0.0,1.0,2.0,3.0,3.86,4.86,5.0,6.0,7.0,9.0,10.86
580,-2.0,-1.0,0.0,1.0,2.0,3.0,3.84,4.84,5.0,6.0,7.0,9.0,10.84
590,-2.0,-1.0,0.0,1.0,2.0,3.0,3.82,4.82,5.0,6.0,7.0,9.0,10.82
600,-2.0,-1.0,0.0,1.0,2.0,3.0,3.8,4.8,5.0,6.0,7.0,9.0,10.8
610,-2.0,-1.0,0.0,1.0,2.0,3.0,3.78,4.78,5.0,6.0,7.0,9.0,10.78
620,-2.0,-1.0,0.0,1.0,2.0,3.0,3.76,4.76,5.0,6.0,7.0,9.0,10.76
630,-2.0,-1.0,0.0,1.0,2.0,3.0,3.74,4.74,5.0,6.0,7.0,9.0,10.74
640,-2.0,-1.0,0.0,1.0,2.0,3.0,3.7199999999999998,4.72,5.0,6.0,7.0,9.0,10.72
650,-2.0,-1.0,0.0,1.0,2.0,3.0,3.7,4.7,5.0,6.0,7.0,9.0,10.7
660,-2.0,-1.0,0.0,1.0,2.0,3.0,3.68,4.68,5.0,6.0,7.0,9.0,10.68
670,-2.0,-1.0,0.0,1.0,2.0,3.0,3.66,4.66,5.0,6.0,7.0,9.0,10.66
680,-2.0,-1.0,0.0,1.0,2.0,3.0,3.64,4.64,5.0,6.0,7.0,9.0,10.64
690,-2.0,-1.0,0.0,1.0,2.0,3.0,3.62,4.62,5.0,6.0,7.0,9.0,10.62
700,-2.0,-1.0,0.0,1.0,2.0,3.0,3.6,4.6,5.0,6.0,7.0,9.0,10.6
710,-2.0,-1.0,0.0,1.0,2.0,3.0,3.58,4.58,5.0,6.0,7.0,9.0,10.58
720,-2.0,-1.0,0.0,1.0,2.0,3.0,3.56,4.56,5.0,6.0,7.0,9.0,10.56
730,-2.0,-1.0,0.0,1.0,2.0,3.0,3.54,4.54,5.0,6.0,7.0,9.0,10.54
740,-2.0,-1.0,0.0,1.0,2.0,3.0,3.52,4.52,5.0,6.0,7.0,9.0,10.52
750,-2.0,-1.0,0.0,1.0,2.0,3.0,3.5,4.5,5.0,6.0,7.0,9.0,10.5
760,-2.0,-1.0,0.0,1.0,2.0,3.0,3.48,4.48,5.0,6.0,7.0,9.0,10.48
770,-2.0,-1.0,0.0,1.0,2.0,3.0,3.46,4.46,5.0,6.0,7.0,9.0,10.46
780,-2.0,-1.0,0.0,1.0,2.0,3.0,3.44,4.4399999999999995,5.0,6.0,7.0,9.0,10.44
790,-2.0,-1.0,0.0,1.0,2.0,3.0,3.42,4.42,5.0,6.0,7.0,9.0,10.42
800,-2.0,-1.0,0.0,1.0,2.0,3.0,3.4,4.4,5.0,6.0,7.0,9.0,10.4
810,-2.0,-1.0,0.0,1.0,2.0,3.0,3.38,4.38,5.0,6.0,7.0,9.0,10.38
820,-2.0,-1.0,0.0,1.0,2.0,3.0,3.36,4.36,5.0,6.0,7.0,9.0,10.36
830,-2.0,-1.0,0.0,1.0,2.0,3.0,3.34,4.34,5.0,6.0,7.0,9.0,10.34
840,-2.0,-1.0,0.0,1.0,2.0,3.0,3.32,4.32,5.0,6.0,7.0,9.0,10.32
850,-2.0,-1.0,0.0,1.0,2.0,3.0,3.3,4.3,5.0,6.0,7.0,9.0,10.3
860,-2.0,-1.0,0.0,1.0,2.0,3.0,3.2800000000000002,4.28,5.0,6.0,7.0,9.0,10.28
870,-2.0,-1.0,0.0,1.0,2.0,3.0,3.26,4.26,5.0,6.0,7.0,9.0,10.26
880,-2.0,-1.0,0.0,1.0,2.0,3.0,3.24,4.24,5.0,6.0,7.0,9.0,10.24
890,-2.0,-1.0,0.0,1.0,2.0,3.0,3.2199999999999998,4.22,5.0,6.0,7.0,9.0,10.22
900,-2.0,-1.0,0.0,1.0,2.0,3.0,3.2,4.2,5.0,6.0,7.0,9.0,10.2
910,-2.0,-1.0,0.0,1.0,2.0,3.0,3.1799999999999997,4.18,5.0,6.0,7.0,9.0,10.18
920,-2.0,-1.0,0.0,1.0,2.0,3.0,3.16,4.16,5.0,6.0,7.0,9.0,10.16
930,-2.0,-1.0,0.0,1.0,2.0,3.0,3.14,4.14,5.0,6.0,7.0,9.0,10.14
940,-2.0,-1.0,0.0,1.0,2.0,3.0,3.12,4.12,5.0,6.0,7.0,9.0,10.12
950,-2.0,-1.0,0.0,1.0,2.0,3.0,3.1,4.1,5.0,6.0,7.0,9.0,10.1
960,-2.0,-1.0,0.0,1.0,2.0,3.0,3.08,4.08,5.0,6.0,7.0,9.0,10.08
970,-2.0,-1.0,0.0,1.0,2.0,3.0,3.06,4.06,5.0,6.0,7.0,9.0,10.06
980,-2.0,-1.0,0.0,1.0,2.0,3.0,3.04,4.04,5.0,6.0,7.0,9.0,10.04
990,-2.0,-1.0,0.0,1.0,2.0,3.0,3.02,4.02,5.0,6.0,7.0,9.0,10.02
1000,-2.0,-1.0,0.0,1.0,2.0,3.0,3.0,4.0,5.0,6.0,7.0,9.0,10.0
1010,-2.0,-1.0,0.0,1.0,2.0,3.0,3.0,4.0,5.0,6.0,7.0,8.98,10.0
1020,-2.0,-1.0,0.0,1.0,2.0,3.0,3.0,4.0,5.0,6.0,7.0,8.96,10.0
1030,-2.0,-1.0,0.0,1.0,2.0,3.0,3.0,4.0,5.0,6.0,7.0,8.94,10.0
1040,-2.0,-1.0,0.0,1.0,2.0,3.0,3.0,4.0,5.0,6.0,7.0,8.92,10.0
1050,-2.0,-1.0,0.0,1.0,2.0,3.0,3.0,4.0,5.0,6.0,7.0,8.9,10.0
1060,-2.0,-1.0,0.0,1.0,2.0,3.0,3.0,4.0,5.0,6.0,7.0,8.88,10.0
1070,-2.0,-1.0,0.0,1.0,2.0,3.0,3.0,4.0,5.0,6.0,7.0,8.86,10.0
1080,-2.0,-1.0,0.0,1.0,2.0,3.0,3.0,4.0,5.0,6.0,7.0,8.84,10.0
1090,-2.0,-1.0,0.0,1.0,2.0,3.0,3.0,4.0,5.0,6.0,7.0,8.82,10.0
1100,-2.0,-1.0,0.0,1.0,2.0,3.0,3.0,4.0,5.0,6.0,7.0,8.8,10.0
1110,-2.0,-1.0,0.0,1.0,2.0,3.0,3.0,4.0,5.0,6.0,7.0,8.78,10.0
1120,-2.0,-1.0,0.0,1.0,2.0,3.0,3.0,4.0,5.0,6.0,7.0,8.76,10.0
1130,-2.0,-1.0,0.0,1.0,2.0,3.0,3.0,4.0,5.0,6.0,7.0,8.74,10.0
1140,-2.0,-1.0,0.0,1.0,2.0,3.0,3.0,4.0,5.0,6.0,7.0,8.72,10.0
1150,-2.0,-1.0,0.0,1.0,2.0,3.0,3.0,4.0,5.0,6.0,7.0,8.7,10.0
1160,-2.0,-1.0,0.0,1.0,2.0,3.0,3.0,4.0,5.0,6.0,7.0,8.68,10.0
1170,-2.0,-1.0,0.0,1.0,2.0,3.0,3.0,4.0,5.0,6.0,7.0,8.66,10.0
1180,-2.0,-1.0,0.0,1.0,2.0,3.0,3.0,4.0,5.0,6.0,7.0,8.64,10.0
1190,-2.0,-1.0,0.0,1.0,2.0,3.0,3.0,4.0,5.0,6.0,7.0,8.62,10.0
1200,-2.0,-1.0,0.0,1.0,2.0,3.0,3.0,4.0,5.0,6.0,7.0,8.6,10.0
1210,-2.0,-1.0,0.0,1.0,2.0,3.0,3.0,4.0,5.0,6.0,7.0,8.58,10.0
1220,-2.0,-1.0,0.0,1.0,2.0,3.0,3.0,4.0,5.0,6.0,7.0,8.56,10.0
1230,-2.0,-1.0,0.0,1.0,2.0,3.0,3.0,4.0,5.0,6.0,7.0,8.54,10.0
1240,-2.0,-1.0,0.0,1.0,2.0,3.0,3.0,4.0,5.0,6.0,7.0,8.52,10.0
1250,-2.0,-1.0,0.0,1.0,2.0,3.0,3.0,4.0,5.0,6.0,7.0,8.5,10.0
1260,-2.0,-1.0,0.0,1.0,2.0,3.0,3.0,4.0,5.0,6.0,7.0,8.48,10.0
1270,-2.0,-1.0,0.0,1.0,2.0,3.0,3.0,4.0,5.0,6.0,7.0,8.46,10.0
1280,-2.0,-1.0,0.0,1.0,2.0,3.0,3.0,4.0,5.0,6.0,7.0,8.44,10.0
1290,-2.0,-1.0,0.0,1.0,2.0,3.0,3.0,4.0,5.0,6.0,7.0,8.42,10.0
1300,-2.0,-1.0,0.0,1.0,2.0,3.0,3.0,4.0,5.0,6.0,7.0,8.4,10.0
1310,-2.0,-1.0,0.0,1.0,2.0,3.0,3.0,4.0,5.0,6.0,7.0,8.38,10.0
1320,-2.0,-1.0,0.0,1.0,2.0,3.0,3.0,4.0,5.0,6.0,7.0,8.36,10.0
1330,-2.0,-1.0,0.0,1.0,2.0,3.0,3.0,4.0,5.0,6.0,7.0,8.34,10.0
1340,-2.0,-1.0,0.0,1.0,2.0,3.0,3.0,4.0,5.0,6.0,7.0,8.32,10.0
1350,-2.0,-1.0,0.0,1.0,2.0,3.0,3.0,4.0,5.0,6.0,7.0,8.3,10.0
1360,-2.0,-1.0,0.0,1.0,2.0,3.0,3.0,4.0,5.0,6.0,7.0,8.28,10.0
1370,-2.0,-1.0,0.0,1.0,2.0,3.0,3.0,4.0,5.0,6.0,7.0,8.26,10.0
1380,-2.0,-1.0,0.0,1.0,2.0,3.0,3.0,4.0,5.0,6.0,7.0,8.24,10.0
1390,-2.0,-1.0,0.0,1.0,2.0,3.0,3.0,4.0,5.0,6.0,7.0,8.22,10.0
1400,-2.0,-1.0,0.0,1.0,2.0,3.0,3.0,4.0,5.0,6.0,7.0,8.2,10.0
1410,-2.0,-1.0,0.0,1.0,2.0,3.0,3.0,4.0,5.0,6.0,7.0,8.18,10.0
1420,-2.0,-1.0,0.0,1.0,2.0,3.0,3.0,4.0,5.0,6.0,7.0,8.16,10.0
1430,-2.0,-1.0,0.0,1.0,2.0,3.0,3.0,4.0,5.0,6.0,7.0,8.14,10.0
1440,-2.0,-1.0,0.0,1.0,2.0,3.0,3.0,4.0,5.0,6.0,7.0,8.12,10.0
1450,-2.0,-1.0,0.0,1.0,2.0,3.0,3.0,4.0,5.0,6.0,7.0,8.1,10.0
1460,-2.0,-1.0,0.0,1.0,2.0,3.0,3.0,4.0,5.0,6.0,7.0,8.08,10.0
1470,-2.0,-1.0,0.0,1.0,2.0,3.0,3.0,4.0,5.0,6.0,7.0,8.06,10.0
1480,-2.0,-1.0,0.0,1.0,2.0,3.0,3.0,4.0,5.0,6.0,7.0,8.04,10.0
1490,-2.0,-1.0,0.0,1.0,2.0,3.0,3.0,4.0,5.0,6.0,7.0,8.02,10.0
1500,-2.0,-1.0,0.0,1.0,2.0,3.0,3.0,4.0,5.0,6.0,7.0,8.0,10.0
1510,-2.0,-1.0,0.0,1.0,2.0,2.98,3.0,4.0,5.0,6.0,6.98,8.0,10.0
1520,-2.0,-1.0,0.0,1.0,2.0,2.96,3.0,4.0,5.0,6.0,6.96,8.0,10.0
1530,-2.0,-1.0,0.0,1.0,2.0,2.94,3.0,4.0,5.0,6.0,6.94,8.0,10.0
1540,-2.0,-1.0,0.0,1.0,2.0,2.92,3.0,4.0,5.0,6.0,6.92,8.0,10.0
1550,-2.0,-1.0,0.0,1.0,2.0,2.9,3.0,4.0,5.0,6.0,6.9,8.0,10.0
1560,-2.0,-1.0,0.0,1.0,2.0,2.88,3.0,4.0,5.0,6.0,6.88,8.0,10.0
1570,-2.0,-1.0,0.0,1.0,2.0,2.86,3.0,4.0,5.0,6.0,6.86,8.0,10.0
1580,-2.0,-1.0,0.0,1.0,2.0,2.84,3.0,4.0,5.0,6.0,6.84,8.0,10.0
1590,-2.0,-1.0,0.0,1.0,2.0,2.82,3.0,4.0,5.0,6.0,6.82,8.0,10.0
1600,-2.0,-1.0,0.0,1.0,2.0,2.8,3.0,4.0,5.0,6.0,6.8,8.0,10.0
1610,-2.0,-1.0,0.0,1.0,2.0,2.78,3.0,4.0,5.0,6.0,6.78,8.0,10.0
1620,-2.0,-1.0,0.0,1.0,2.0,2.76,3.0,4.0,5.0,6.0,6.76,8.0,10.0
1630,-2.0,-1.0,0.0,1.0,2.0,2.74,3.0,4.0,5.0,6.0,6.74,8.0,10.0
1640,-2.0,-1.0,0.0,1.0,2.0,2.7199999999999998,3.0,4.0,5.0,6.0,6.72,8.0,10.0
1650,-2.0,-1.0,0.0,1.0,2.0,2.7,3.0,4.0,5.0,6.0,6.7,8.0,10.0
1660,-2.0,-1.0,0.0,1.0,2.0,2.68,3.0,4.0,5.0,6.0,6.68,8.0,10.0
1670,-2.0,-1.0,0.0,1.0,2.0,2.66,3.0,4.0,5.0,6.0,6.66,8.0,10.0
1680,-2.0,-1.0,0.0,1.0,2.0,2.64,3.0,4.0,5.0,6.0,6.64,8.0,10.0
1690,-2.0,-1.0,0.0,1.0,2.0,2.62,3.0,4.0,5.0,6.0,6.62,8.0,10.0
1700,-2.0,-1.0,0.0,1.0,2.0,2.6,3.0,4.0,5.0,6.0,6.6,8.0,10.0
1710,-2.0,-1.0,0.0,1.0,2.0,2.58,3.0,4.0,5.0,6.0,6.58,8.0,10.0
1720,-2.0,-1.0,0.0,1.0,2.0,2.56,3.0,4.0,5.0,6.0,6.56,8.0,10.0
1730,-2.0,-1.0,0.0,1.0,2.0,2.54,3.0,4.0,5.0,6.0,6.54,8.0,10.0
1740,-2.0,-1.0,0.0,1.0,2.0,2.52,3.0,4.0,5.0,6.0,6.52,8.0,10.0
1750,-2.0,-1.0,0.0,1.0,2.0,2.5,3.0,4.0,5.0,6.0,6.5,8.0,10.0
1760,-2.0,-1.0,0.0,1.0,2.0,2.48,3.0,4.0,5.0,6.0,6.48,8.0,10.0
1770,-2.0,-1.0,0.0,1.0,2.0,2.46,3.0,4.0,5.0,6.0,6.46,8.0,10.0
1780,-2.0,-1.0,0.0,1.0,2.0,2.44,3.0,4.0,5.0,6.0,6.4399999999999995,8.0,10.0
1790,-2.0,-1.0,0.0,1.0,2.0,2.42,3.0,4.0,5.0,6.0,6.42,8.0,10.0
1800,-2.0,-1.0,0.0,1.0,2.0,2.4,3.0,4.0,5.0,6.0,6.4,8.0,10.0
1810,-2.0,-1.0,0.0,1.0,2.0,2.38,3.0,4.0,5.0,6.0,6.38,8.0,10.0
1820,-2.0,-1.0,0.0,1.0,2.0,2.36,3.0,4.0,5.0,6.0,6.36,8.0,10.0
1830,-2.0,-1.0,0.0,1.0,2.0,2.34,3.0,4.0,5.0,6.0,6.34,8.0,10.0
1840,-2.0,-1.0,0.0,1.0,2.0,2.32,3.0,4.0,5.0,6.0,6.32,8.0,10.0
1850,-2.0,-1.0,0.0,1.0,2.0,2.3,3.0,4.0,5.0,6.0,6.3,8.0,10.0
1860,-2.0,-1.0,0.0,1.0,2.0,2.2800000000000002,3.0,4.0,5.0,6.0,6.28,8.0,10.0
1870,-2.0,-1.0,0.0,1.0,2.0,2.26,3.0,4.0,5.0,6.0,6.26,8.0,10.0
1880,-2.0,-1.0,0.0,1.0,2.0,2.24,3.0,4.0,5.0,6.0,6.24,8.0,10.0
1890,-2.0,-1.0,0.0,1.0,2.0,2.2199999999999998,3.0,4.0,5.0,6.0,6.22,8.0,10.0
1900,-2.0,-1.0,0.0,1.0,2.0,2.2,3.0,4.0,5.0,6.0,6.2,8.0,10.0
1910,-2.0,-1.0,0.0,1.0,2.0,2.1799999999999997,3.0,4.0,5.0,6.0,6.18,8.0,10.0
1920,-2.0,-1.0,0.0,1.0,2.0,2.16,3.0,4.0,5.0,6.0,6.16,8.0,10.0
1930,-2.0,-1.0,0.0,1.0,2.0,2.14,3.0,4.0,5.0,6.0,6.14,8.0,10.0
1940,-2.0,-1.0,0.0,1.0,2.0,2.12,3.0,4.0,5.0,6.0,6.12,8.0,10.0
1950,-2.0,-1.0,0.0,1.0,2.0,2.1,3.0,4.0,5.0,6.0,6.1,8.0,10.0
1960,-2.0,-1.0,0.0,1.0,2.0,2.08,3.0,4.0,5.0,6.0,6.08,8.0,10.0
1970,-2.0,-1.0,0.0,1.0,2.0,2.06,3.0,4.0,5.0,6.0,6.06,8.0,10.0
1980,-2.0,-1.0,0.0,1.0,2.0,2.04,3.0,4.0,5.0,6.0,6.04,8.0,10.0
1990,-2.0,-1.0,0.0,1.0,2.0,2.02,3.0,4.0,5.0,6.0,6.02,8.0,10.0
2000,-2.0,-1.0,0.0,1.0,2.0,2.0,3.0,4.0,5.0,6.0,6.0,8.0,10.0
2010,-2.0,-1.0,0.0,1.0,2.0,2.0,3.0,4.0,5.0,5.98,6.0,8.0,9.98
2020,-2.0,-1.0,0.0,1.0,2.0,2.0,3.0,4.0,5.0,5.96,6.0,8.0,9.96
2030,-2.0,-1.0,0.0,1.0,2.0,2.0,3.0,4.0,5.0,5.94,6.0,8.0,9.94
2040,-2.0,-1.0,0.0,1.0,2.0,2.0,3.0,4.0,5.0,5.92,6.0,8.0,9.92
2050,-2.0,-1.0,0.0,1.0,2.0,2.0,3.0,4.0,5.0,5.9,6.0,8.0,9.9
2060,-2.0,-1.0,0.0,1.0,2.0,2.0,3.0,4.0,5.0,5.88,6.0,8.0,9.88
2070,-2.0,-1.0,0.0,1.0,2.0,2.0,3.0,4.0,5.0,5.86,6.0,8.0,9.86
2080,-2.0,-1.0,0.0,1.0,2.0,2.0,3.0,4.0,5.0,5.84,6.0,8.0,9.84
2090,-2.0,-1.0,0.0,1.0,2.0,2.0,3.0,4.0,5.0,5.82,6.0,8.0,9.82
2100,-2.0,-1.0,0.0,1.0,2.0,2.0,3.0,4.0,5.0,5.8,6.0,8.0,9.8
2110,-2.0,-1.0,0.0,1.0,2.0,2.0,3.0,4.0,5.0,5.78,6.0,8.0,9.78
2120,-2.0,-1.0,0.0,1.0,2.0,2.0,3.0,4.0,5.0,5.76,6.0,8.0,9.76
2130,-2.0,-1.0,0.0,1.0,2.0,2.0,3.0,4.0,5.0,5.74,6.0,8.0,9.74
2140,-2.0,-1.0,0.0,1.0,2.0,2.0,3.0,4.0,5.0,5.72,6.0,8.0,9.72
2150,-2.0,-1.0,0.0,1.0,2.0,2.0,3.0,4.0,5.0,5.7,6.0,8.0,9.7
2160,-2.0,-1.0,0.0,1.0,2.0,2.0,3.0,4.0,5.0,5.68,6.0,8.0,9.68
2170,-2.0,-1.0,0.0,1.0,2.0,2.0,3.0,4.0,5.0,5.66,6.0,8.0,9.66
2180,-2.0,-1.0,0.0,1.0,2.0,2.0,3.0,4.0,5.0,5.64,6.0,8.0,9.64
2190,-2.0,-1.0,0.0,1.0,2.0,2.0,3.0,4.0,5.0,5.62,6.0,8.0,9.62
2200,-2.0,-1.0,0.0,1.0,2.0,2.0,3.0,4.0,5.0,5.6,6.0,8.0,9.6
2210,-2.0,-1.0,0.0,1.0,2.0,2.0,3.0,4.0,5.0,5.58,6.0,8.0,9.58
2220,-2.0,-1.0,0.0,1.0,2.0,2.0,3.0,4.0,5.0,5.56,6.0,8.0,9.56
2230,-2.0,-1.0,0.0,1.0,2.0,2.0,3.0,4.0,5.0,5.54,6.0,8.0,9.54
2240,-2.0,-1.0,0.0,1.0,2.0,2.0,3.0,4.0,5.0,5.52,6.0,8.0,9.52
2250,-2.0,-1.0,0.0,1.0,2.0,2.0,3.0,4.0,5.0,5.5,6.0,8.0,9.5
2260,-2.0,-1.0,0.0,1.0,2.0,2.0,3.0,4.0,5.0,5.48,6.0,8.0,9.48
2270,-2.0,-1.0,0.0,1.0,2.0,2.0,3.0,4.0,5.0,5.46,6.0,8.0,9.46
2280,-2.0,-1.0,0.0,1.0,2.0,2.0,3.0,4.0,5.0,5.4399999999999995,6.0,8.0,9.44
2290,-2.0,-1.0,0.0,1.0,2.0,2.0,3.0,4.0,5.0,5.42,6.0,8.0,9.42
2300,-2.0,-1.0,0.0,1.0,2.0,2.0,3.0,4.0,5.0,5.4,6.0,8.0,9.4
2310,-2.0,-1.0,0.0,1.0,2.0,2.0,3.0,4.0,5.0,5.38,6.0,8.0,9.38
2320,-2.0,-1.0,0.0,1.0,2.0,2.0,3.0,4.0,5.0,5.36,6.0,8.0,9.36
2330,-2.0,-1.0,0.0,1.0,2.0,2.0,3.0,4.0,5.0,5.34,6.0,8.0,9.34
2340,-2.0,-1.0,0.0,1.0,2.0,2.0,3.0,4.0,5.0,5.32,6.0,8.0,9.32
2350,-2.0,-1.0,0.0,1.0,2.0,2.0,3.0,4.0,5.0,5.3,6.0,8.0,9.3
2360,-2.0,-1.0,0.0,1.0,2.0,2.0,3.0,4.0,5.0,5.28,6.0,8.0,9.28
2370,-2.0,-1.0,0.0,1.0,2.0,2.0,3.0,4.0,5.0,5.26,6.0,8.0,9.26
2380,-2.0,-1.0,0.0,1.0,2.0,2.0,3.0,4.0,5.0,5.24,6.0,8.0,9.24
2390,-2.0,-1.0,0.0,1.0,2.0,2.0,3.0,4.0,5.0,5.22,6.0,8.0,9.22
2400,-2.0,-1.0,0.0,1.0,2.0,2.0,3.0,4.0,5.0,5.2,6.0,8.0,9.2
2410,-2.0,-1.0,0.0,1.0,2.0,2.0,3.0,4.0,5.0,5.18,6.0,8.0,9.18
2420,-2.0,-1.0,0.0,1.0,2.0,2.0,3.0,4.0,5.0,5.16,6.0,8.0,9.16
2430,-2.0,-1.0,0.0,1.0,2.0,2.0,3.0,4.0,5.0,5.14,6.0,8.0,9.14
2440,-2.0,-1.0,0.0,1.0,2.0,2.0,3.0,4.0,5.0,5.12,6.0,8.0,9.12
2450,-2.0,-1.0,0.0,1.0,2.0,2.0,3.0,4.0,5.0,5.1,6.0,8.0,9.1
2460,-2.0,-1.0,0.0,1.0,2.0,2.0,3.0,4.0,5.0,5.08,6.0,8.0,9.08
2470,-2.0,-1.0,0.0,1.0,2.0,2.0,3.0,4.0,5.0,5.06,6.0,8.0,9.06
2480,-2.0,-1.0,0.0,1.0,2.0,2.0,3.0,4.0,5.0,5.04,6.0,8.0,9.04
2490,-2.0,-1.0,0.0,1.0,2.0,2.0,3.0,4.0,5.0,5.02,6.0,8.0,9.02
2500,-2.0,-1.0,0.0,1.0,2.0,2.0,3.0,4.0,5.0,5.0,6.0,8.0,9.0
2510,-1.98,-1.0,0.0,1.0,1.98,2.0,3.0,4.0,4.98,5.0,6.0,7.98,9.0
2520,-1.96,-1.0,0.0,1.0,1.96,2.0,3.0,4.0,4.96,5.0,6.0,7.96,9.0
2530,-1.94,-1.0,0.0,1.0,1.94,2.0,3.0,4.0,4.94,5.0,6.0,7.94,9.0
2540,-1.92,-1.0,0.0,1.0,1.92,2.0,3.0,4.0,4.92,5.0,6.0,7.92,9.0
2550,-1.9,-1.0,0.0,1.0,1.9,2.0,3.0,4.0,4.9,5.0,6.0,7.9,9.0
2560,-1.88,-1.0,0.0,1.0,1.88,2.0,3.0,4.0,4.88,5.0,6.0,7.88,9.0
2570,-1.8599999999999999,-1.0,0.0,1.0,1.8599999999999999,2.0,3.0,4.0,4.86,5.0,6.0,7.86,9.0
2580,-1.84,-1.0,0.0,1.0,1.84,2.0,3.0,4.0,4.84,5.0,6.0,7.84,9.0
2590,-1.82,-1.0,0.0,1.0,1.82,2.0,3.0,4.0,4.82,5.0,6.0,7.82,9.0
2600,-1.8,-1.0,0.0,1.0,1.8,2.0,3.0,4.0,4.8,5.0,6.0,7.8,9.0
2610,-1.78,-1.0,0.0,1.0,1.78,2.0,3.0,4.0,4.78,5.0,6.0,7.78,9.0
2620,-1.76,-1.0,0.0,1.0,1.76,2.0,3.0,4.0,4.76,5.0,6.0,7.76,9.0
2630,-1.74,-1.0,0.0,1.0,1.74,2.0,3.0,4.0,4.74,5.0,6.0,7.74,9.0
2640,-1.72,-1.0,0.0,1.0,1.72,2.0,3.0,4.0,4.72,5.0,6.0,7.72,9.0
2650,-1.7,-1.0,0.0,1.0,1.7,2.0,3.0,4.0,4.7,5.0,6.0,7.7,9.0
2660,-1.68,-1.0,0.0,1.0,1.68,2.0,3.0,4.0,4.68,5.0,6.0,7.68,9.0
2670,-1.66,-1.0,0.0,1.0,1.66,2.0,3.0,4.0,4.66,5.0,6.0,7.66,9.0
2680,-1.6400000000000001,-1.0,0.0,1.0,1.6400000000000001,2.0,3.0,4.0,4.64,5.0,6.0,7.64,9.0
2690,-1.62,-1.0,0.0,1.0,1.62,2.0,3.0,4.0,4.62,5.0,6.0,7.62,9.0
2700,-1.6,-1.0,0.0,1.0,1.6,2.0,3.0,4.0,4.6,5.0,6.0,7.6,9.0
2710,-1.58,-1.0,0.0,1.0,1.58,2.0,3.0,4.0,4.58,5.0,6.0,7.58,9.0
2720,-1.56,-1.0,0.0,1.0,1.56,2.0,3.0,4.0,4.56,5.0,6.0,7.56,9.0
2730,-1.54,-1.0,0.0,1.0,1.54,2.0,3.0,4.0,4.54,5.0,6.0,7.54,9.0
2740,-1.52,-1.0,0.0,1.0,1.52,2.0,3.0,4.0,4.52,5.0,6.0,7.52,9.0
2750,-1.5,-1.0,0.0,1.0,1.5,2.0,3.0,4.0,4.5,5.0,6.0,7.5,9.0
2760,-1.48,-1.0,0.0,1.0,1.48,2.0,3.0,4.0,4.48,5.0,6.0,7.48,9.0
2770,-1.46,-1.0,0.0,1.0,1.46,2.0,3.0,4.0,4.46,5.0,6.0,7.46,9.0
2780,-1.44,-1.0,0.0,1.0,1.44,2.0,3.0,4.0,4.4399999999999995,5.0,6.0,7.4399999999999995,9.0
2790,-1.42,-1.0,0.0,1.0,1.42,2.0,3.0,4.0,4.42,5.0,6.0,7.42,9.0
2800,-1.4,-1.0,0.0,1.0,1.4,2.0,3.0,4.0,4.4,5.0,6.0,7.4,9.0
2810,-1.38,-1.0,0.0,1.0,1.38,2.0,3.0,4.0,4.38,5.0,6.0,7.38,9.0
2820,-1.3599999999999999,-1.0,0.0,1.0,1.3599999999999999,2.0,3.0,4.0,4.36,5.0,6.0,7.36,9.0
2830,-1.3399999999999999,-1.0,0.0,1.0,1.3399999999999999,2.0,3.0,4.0,4.34,5.0,6.0,7.34,9.0
2840,-1.3199999999999998,-1.0,0.0,1.0,1.3199999999999998,2.0,3.0,4.0,4.32,5.0,6.0,7.32,9.0
2850,-1.2999999999999998,-1.0,0.0,1.0,1.2999999999999998,2.0,3.0,4.0,4.3,5.0,6.0,7.3,9.0
2860,-1.28,-1.0,0.0,1.0,1.28,2.0,3.0,4.0,4.28,5.0,6.0,7.28,9.0
2870,-1.26,-1.0,0.0,1.0,1.26,2.0,3.0,4.0,4.26,5.0,6.0,7.26,9.0
2880,-1.24,-1.0,0.0,1.0,1.24,2.0,3.0,4.0,4.24,5.0,6.0,7.24,9.0
2890,-1.22,-1.0,0.0,1.0,1.22,2.0,3.0,4.0,4.22,5.0,6.0,7.22,9.0
2900,-1.2,-1.0,0.0,1.0,1.2,2.0,3.0,4.0,4.2,5.0,6.0,7.2,9.0
2910,-1.18,-1.0,0.0,1.0,1.18,2.0,3.0,4.0,4.18,5.0,6.0,7.18,9.0
2920,-1.1600000000000001,-1.0,0.0,1.0,1.1600000000000001,2.0,3.0,4.0,4.16,5.0,6.0,7.16,9.0
2930,-1.1400000000000001,-1.0,0.0,1.0,1.1400000000000001,2.0,3.0,4.0,4.14,5.0,6.0,7.14,9.0
2940,-1.12,-1.0,0.0,1.0,1.12,2.0,3.0,4.0,4.12,5.0,6.0,7.12,9.0
2950,-1.1,-1.0,0.0,1.0,1.1,2.0,3.0,4.0,4.1,5.0,6.0,7.1,9.0
2960,-1.08,-1.0,0.0,1.0,1.08,2.0,3.0,4.0,4.08,5.0,6.0,7.08,9.0
2970,-1.06,-1.0,0.0,1.0,1.06,2.0,3.0,4.0,4.06,5.0,6.0,7.06,9.0
2980,-1.04,-1.0,0.0,1.0,1.04,2.0,3.0,4.0,4.04,5.0,6.0,7.04,9.0
2990,-1.02,-1.0,0.0,1.0,1.02,2.0,3.0,4.0,4.02,5.0,6.0,7.02,9.0
3000,-1.0,-1.0,0.0,1.0,1.0,2.0,3.0,4.0,4.0,5.0,6.0,7.0,9.0
3010,-1.0,-1.0,0.0,1.0,1.0,2.0,3.0,4.0,4.0,5.0,6.0,7.0,8.98
3020,-1.0,-1.0,0.0,1.0,1.0,2.0,3.0,4.0,4.0,5.0,6.0,7.0,8.96
3030,-1.0,-1.0,0.0,1.0,1.0,2.0,3.0,4.0,4.0,5.0,6.0,7.0,8.94
3040,-1.0,-1.0,0.0,1.0,1.0,2.0,3.0,4.0,4.0,5.0,6.0,7.0,8.92
3050,-1.0,-1.0,0.0,1.0,1.0,2.0,3.0,4.0,4.0,5.0,6.0,7.0,8.9
3060,-1.0,-1.0,0.0,1.0,1.0,2.0,3.0,4.0,4.0,5.0,6.0,7.0,8.88
3070,-1.0,-1.0,0.0,1.0,1.0,2.0,3.0,4.0,4.0,5.0,6.0,7.0,8.86
3080,-1.0,-1.0,0.0,1.0,1.0,2.0,3.0,4.0,4.0,5.0,6.0,7.0,8.84
3090,-1.0,-1.0,0.0,1.0,1.0,2.0,3.0,4.0,4.0,5.0,6.0,7.0,8.82
3100,-1.0,-1.0,0.0,1.0,1.0,2.0,3.0,4.0,4.0,5.0,6.0,7.0,8.8
3110,-1.0,-1.0,0.0,1.0,1.0,2.0,3.0,4.0,4.0,5.0,6.0,7.0,8.78
3120,-1.0,-1.0,0.0,1.0,1.0,2.0,3.0,4.0,4.0,5.0,6.0,7.0,8.76
3130,-1.0,-1.0,0.0,1.0,1.0,2.0,3.0,4.0,4.0,5.0,6.0,7.0,8.74
3140,-1.0,-1.0,0.0,1.0,1.0,2.0,3.0,4.0,4.0,5.0,6.0,7.0,8.72
3150,-1.0,-1.0,0.0,1.0,1.0,2.0,3.0,4.0,4.0,5.0,6.0,7.0,8.7
3160,-1.0,-1.0,0.0,1.0,1.0,2.0,3.0,4.0,4.0,5.0,6.0,7.0,8.68
3170,-1.0,-1.0,0.0,1.0,1.0,2.0,3.0,4.0,4.0,5.0,6.0,7.0,8.66
3180,-1.0,-1.0,0.0,1.0,1.0,2.0,3.0,4.0,4.0,5.0,6.0,7.0,8.64
3190,-1.0,-1.0,0.0,1.0,1.0,2.0,3.0,4.0,4.0,5.0,6.0,7.0,8.62
3200,-1.0,-1.0,0.0,1.0,1.0,2.0,3.0,4.0,4.0,5.0,6.0,7.0,8.6
3210,-1.0,-1.0,0.0,1.0,1.0,2.0,3.0,4.0,4.0,5.0,6.0,7.0,8.58
3220,-1.0,-1.0,0.0,1.0,1.0,2.0,3.0,4.0,4.0,5.0,6.0,7.0,8.56
3230,-1.0,-1.0,0.0,1.0,1.0,2.0,3.0,4.0,4.0,5.0,6.0,7.0,8.54
3240,-1.0,-1.0,0.0,1.0,1.0,2.0,3.0,4.0,4.0,5.0,6.0,7.0,8.52
3250,-1.0,-1.0,0.0,1.0,1.0,2.0,3.0,4.0,4.0,5.0,6.0,7.0,8.5
3260,-1.0,-1.0,0.0,1.0,1.0,2.0,3.0,4.0,4.0,5.0,6.0,7.0,8.48
3270,-1.0,-1.0,0.0,1.0,1.0,2.0,3.0,4.0,4.0,5.0,6.0,7.0,8.46
3280,-1.0,-1.0,0.0,1.0,1.0,2.0,3.0,4.0,4.0,5.0,6.0,7.0,8.44
3290,-1.0,-1.0,0.0,1.0,1.0,2.0,3.0,4.0,4.0,5.0,6.0,7.0,8.42
3300,-1.0,-1.0,0.0,1.0,1.0,2.0,3.0,4.0,4.0,5.0,6.0,7.0,8.4
3310,-1.0,-1.0,0.0,1.0,1.0,2.0,3.0,4.0,4.0,5.0,6.0,7.0,8.38
3320,-1.0,-1.0,0.0,1.0,1.0,2.0,3.0,4.0,4.0,5.0,6.0,7.0,8.36
3330,-1.0,-1.0,0.0,1.0,1.0,2.0,3.0,4.0,4.0,5.0,6.0,7.0,8.34
3340,-1.0,-1.0,0.0,1.0,1.0,2.0,3.0,4.0,4.0,5.0,6.0,7.0,8.32
3350,-1.0,-1.0,0.0,1.0,1.0,2.0,3.0,4.0,4.0,5.0,6.0,7.0,8.3
3360,-1.0,-1.0,0.0,1.0,1.0,2.0,3.0,4.0,4.0,5.0,6.0,7.0,8.28
3370,-1.0,-1.0,0.0,1.0,1.0,2.0,3.0,4.0,4.0,5.0,6.0,7.0,8.26
3380,-1.0,-1.0,0.0,1.0,1.0,2.0,3.0,4.0,4.0,5.0,6.0,7.0,8.24
3390,-1.0,-1.0,0.0,1.0,1.0,2.0,3.0,4.0,4.0,5.0,6.0,7.0,8.22
3400,-1.0,-1.0,0.0,1.0,1.0,2.0,3.0,4.0,4.0,5.0,6.0,7.0,8.2
3410,-1.0,-1.0,0.0,1.0,1.0,2.0,3.0,4.0,4.0,5.0,6.0,7.0,8.18
3420,-1.0,-1.0,0.0,1.0,1.0,2.0,3.0,4.0,4.0,5.0,6.0,7.0,8.16
3430,-1.0,-1.0,0.0,1.0,1.0,2.0,3.0,4.0,4.0,5.0,6.0,7.0,8.14
3440,-1.0,-1.0,0.0,1.0,1.0,2.0,3.0,4.0,4.0,5.0,6.0,7.0,8.12
3450,-1.0,-1.0,0.0,1.0,1.0,2.0,3.0,4.0,4.0,5.0,6.0,7.0,8.1
3460,-1.0,-1.0,0.0,1.0,1.0,2.0,3.0,4.0,4.0,5.0,6.0,7.0,8.08
3470,-1.0,-1.0,0.0,1.0,1.0,2.0,3.0,4.0,4.0,5.0,6.0,7.0,8.06
3480,-1.0,-1.0,0.0,1.0,1.0,2.0,3.0,4.0,4.0,5.0,6.0,7.0,8.04
3490,-1.0,-1.0,0.0,1.0,1.0,2.0,3.0,4.0,4.0,5.0,6.0,7.0,8.02
3500,-1.0,-1.0,0.0,1.0,1.0,2.0,3.0,4.0,4.0,5.0,6.0,7.0,8.0
3510,-1.0,-1.0,0.0,1.0,1.0,2.0,3.0,3.98,4.0,5.0,5.98,7.0,8.0
3520,-1.0,-1.0,0.0,1.0,1.0,2.0,3.0,3.96,4.0,5.0,5.96,7.0,8.0
3530,-1.0,-1.0,0.0,1.0,1.0,2.0,3.0,3.94,4.0,5.0,5.94,7.0,8.0
3540,-1.0,-1.0,0.0,1.0,1.0,2.0,3.0,3.92,4.0,5.0,5.92,7.0,8.0
3550,-1.0,-1.0,0.0,1.0,1.0,2.0,3.0,3.9,4.0,5.0,5.9,7.0,8.0
3560,-1.0,-1.0,0.0,1.0,1.0,2.0,3.0,3.88,4.0,5.0,5.88,7.0,8.0
3570,-1.0,-1.0,0.0,1.0,1.0,2.0,3.0,3.86,4.0,5.0,5.86,7.0,8.0
3580,-1.0,-1.0,0.0,1.0,1.0,2.0,3.0,3.84,4.0,5.0,5.84,7.0,8.0
3590,-1.0,-1.0,0.0,1.0,1.0,2.0,3.0,3.82,4.0,5.0,5.82,7.0,8.0
3600,-1.0,-1.0,0.0,1.0,1.0,2.0,3.0,3.8,4.0,5.0,5.8,7.0,8.0
3610,-1.0,-1.0,0.0,1.0,1.0,2.0,3.0,3.78,4.0,5.0,5.78,7.0,8.0
3620,-1.0,-1.0,0.0,1.0,1.0,2.0,3.0,3.76,4.0,5.0,5.76,7.0,8.0
3630,-1.0,-1.0,0.0,1.0,1.0,2.0,3.0,3.74,4.0,5.0,5.74,7.0,8.0
3640,-1.0,-1.0,0.0,1.0,1.0,2.0,3.0,3.7199999999999998,4.0,5.0,5.72,7.0,8.0
3650,-1.0,-1.0,0.0,1.0,1.0,2.0,3.0,3.7,4.0,5.0,5.7,7.0,8.0
3660,-1.0,-1.0,0.0,1.0,1.0,2.0,3.0,3.68,4.0,5.0,5.68,7.0,8.0
3670,-1.0,-1.0,0.0,1.0,1.0,2.0,3.0,3.66,4.0,5.0,5.66,7.0,8.0
3680,-1.0,-1.0,0.0,1.0,1.0,2.0,3.0,3.64,4.0,5.0,5.64,7.0,8.0
3690,-1.0,-1.0,0.0,1.0,1.0,2.0,3.0,3.62,4.0,5.0,5.62,7.0,8.0
3700,-1.0,-1.0,0.0,1.0,1.0,2.0,3.0,3.6,4.0,5.0,5.6,7.0,8.0
3710,-1.0,-1.0,0.0,1.0,1.0,2.0,3.0,3.58,4.0,5.0,5.58,7.0,8.0
3720,-1.0,-1.0,0.0,1.0,1.0,2.0,3.0,3.56,4.0,5.0,5.56,7.0,8.0
3730,-1.0,-1.0,0.0,1.0,1.0,2.0,3.0,3.54,4.0,5.0,5.54,7.0,8.0
3740,-1.0,-1.0,0.0,1.0,1.0,2.0,3.0,3.52,4.0,5.0,5.52,7.0,8.0
3750,-1.0,-1.0,0.0,1.0,1.0,2.0,3.0,3.5,4.0,5.0,5.5,7.0,8.0
3760,-1.0,-1.0,0.0,1.0,1.0,2.0,3.0,3.48,4.0,5.0,5.48,7.0,8.0
3770,-1.0,-1.0,0.0,1.0,1.0,2.0,3.0,3.46,4.0,5.0,5.46,7.0,8.0
3780,-1.0,-1.0,0.0,1.0,1.0,2.0,3.0,3.44,4.0,5.0,5.4399999999999995,7.0,8.0
3790,-1.0,-1.0,0.0,1.0,1.0,2.0,3.0,3.42,4.0,5.0,5.42,7.0,8.0
3800,-1.0,-1.0,0.0,1.0,1.0,2.0,3.0,3.4,4.0,5.0,5.4,7.0,8.0
3810,-1.0,-1.0,0.0,1.0,1.0,2.0,3.0,3.38,4.0,5.0,5.38,7.0,8.0
3820,-1.0,-1.0,0.0,1.0,1.0,2.0,3.0,3.36,4.0,5.0,5.36,7.0,8.0
3830,-1.0,-1.0,0.0,1.0,1.0,2.0,3.0,3.34,4.0,5.0,5.34,7.0,8.0
3840,-1.0,-1.0,0.0,1.0,1.0,2.0,3.0,3.32,4.0,5.0,5.32,7.0,8.0
3850,-1.0,-1.0,0.0,1.0,1.0,2.0,3.0,3.3,4.0,5.0,5.3,7.0,8.0
3860,-1.0,-1.0,0.0,1.0,1.0,2.0,3.0,3.2800000000000002,4.0,5.0,5.28,7.0,8.0
3870,-1.0,-1.0,0.0,1.0,1.0,2.0,3.0,3.26,4.0,5.0,5.26,7.0,8.0
3880,-1.0,-1.0,0.0,1.0,1.0,2.0,3.0,3.24,4.0,5.0,5.24,7.0,8.0
3890,-1.0,-1.0,0.0,1.0,1.0,2.0,3.0,3.2199999999999998,4.0,5.0,5.22,7.0,8.0
3900,-1.0,-1.0,0.0,1.0,1.0,2.0,3.0,3.2,4.0,5.0,5.2,7.0,8.0
3910,-1.0,-1.0,0.0,1.0,1.0,2.0,3.0,3.1799999999999997,4.0,5.0,5.18,7.0,8.0
3920,-1.0,-1.0,0.0,1.0,1.0,2.0,3.0,3.16,4.0,5.0,5.16,7.0,8.0
3930,-1.0,-1.0,0.0,1.0,1.0,2.0,3.0,3.14,4.0,5.0,5.14,7.0,8.0
3940,-1.0,-1.0,0.0,1.0,1.0,2.0,3.0,3.12,4.0,5.0,5.12,7.0,8.0
3950,-1.0,-1.0,0.0,1.0,1.0,2.0,3.0,3.1,4.0,5.0,5.1,7.0,8.0
3960,-1.0,-1.0,0.0,1.0,1.0,2.0,3.0,3.08,4.0,5.0,5.08,7.0,8.0
3970,-1.0,-1.0,0.0,1.0,1.0,2.0,3.0,3.06,4.0,5.0,5.06,7.0,8.0
3980,-1.0,-1.0,0.0,1.0,1.0,2.0,3.0,3.04,4.0,5.0,5.04,7.0,8.0
3990,-1.0,-1.0,0.0,1.0,1.0,2.0,3.0,3.02,4.0,5.0,5.02,7.0,8.0
4000,-1.0,-1.0,0.0,1.0,1.0,2.0,3.0,3.0,4.0,5.0,5.0,7.0,8.0
4010,-1.0,-1.0,0.0,1.0,1.0,2.0,3.0,3.0,4.0,4.98,5.0,6.98,8.0
4020,-1.0,-1.0,0.0,1.0,1.0,2.0,3.0,3.0,4.0,4.96,5.0,6.96,8.0
4030,-1.0,-1.0,0.0,1.0,1.0,2.0,3.0,3.0,4.0,4.94,5.0,6.94,8.0
4040,-1.0,-1.0,0.0,1.0,1.0,2.0,3.0,3.0,4.0,4.92,5.0,6.92,8.0
4050,-1.0,-1.0,0.0,1.0,1.0,2.0,3.0,3.0,4.0,4.9,5.0,6.9,8.0
4060,-1.0,-1.0,0.0,1.0,1.0,2.0,3.0,3.0,4.0,4.88,5.0,6.88,8.0
4070,-1.0,-1.0,0.0,1.0,1.0,2.0,3.0,3.0,4.0,4.86,5.0,6.86,8.0
4080,-1.0,-1.0,0.0,1.0,1.0,2.0,3.0,3.0,4.0,4.84,5.0,6.84,8.0
4090,-1.0,-1.0,0.0,1.0,1.0,2.0,3.0,3.0,4.0,4.82,5.0,6.82,8.0
4100,-1.0,-1.0,0.0,1.0,1.0,2.0,3.0,3.0,4.0,4.8,5.0,6.8,8.0
4110,-1.0,-1.0,0.0,1.0,1.0,2.0,3.0,3.0,4.0,4.78,5.0,6.78,8.0
4120,-1.0,-1.0,0.0,1.0,1.0,2.0,3.0,3.0,4.0,4.76,5.0,6.76,8.0
4130,-1.0,-1.0,0.0,1.0,1.0,2.0,3.0,3.0,4.0,4.74,5.0,6.74,8.0
4140,-1.0,-1.0,0.0,1.0,1.0,2.0,3.0,3.0,4.0,4.72,5.0,6.72,8.0
4150,-1.0,-1.0,0.0,1.0,1.0,2.0,3.0,3.0,4.0,4.7,5.0,6.7,8.0
4160,-1.0,-1.0,0.0,1.0,1.0,2.0,3.0,3.0,4.0,4.68,5.0,6.68,8.0
4170,-1.0,-1.0,0.0,1.0,1.0,2.0,3.0,3.0,4.0,4.66,5.0,6.66,8.0
4180,-1.0,-1.0,0.0,1.0,1.0,2.0,3.0,3.0,4.0,4.64,5.0,6.64,8.0
4190,-1.0,-1.0,0.0,1.0,1.0,2.0,3.0,3.0,4.0,4.62,5.0,6.62,8.0
4200,-1.0,-1.0,0.0,1.0,1.0,2.0,3.0,3.0,4.0,4.6,5.0,6.6,8.0
4210,-1.0,-1.0,0.0,1.0,1.0,2.0,3.0,3.0,4.0,4.58,5.0,6.58,8.0
4220,-1.0,-1.0,0.0,1.0,1.0,2.0,3.0,3.0,4.0,4.56,5.0,6.56,8.0
4230,-1.0,-1.0,0.0,1.0,1.0,2.0,3.0,3.0,4.0,4.54,5.0,6.54,8.0
4240,-1.0,-1.0,0.0,1.0,1.0,2.0,3.0,3.0,4.0,4.52,5.0,6.52,8.0
4250,-1.0,-1.0,0.0,1.0,1.0,2.0,3.0,3.0,4.0,4.5,5.0,6.5,8.0
4260,-1.0,-1.0,0.0,1.0,1.0,2.0,3.0,3.0,4.0,4.48,5.0,6.48,8.0
4270,-1.0,-1.0,0.0,1.0,1.0,2.0,3.0,3.0,4.0,4.46,5.0,6.46,8.0
4280,-1.0,-1.0,0.0,1.0,1.0,2.0,3.0,3.0,4.0,4.4399999999999995,5.0,6.4399999999999995,8.0
4290,-1.0,-1.0,0.0,1.0,1.0,2.0,3.0,3.0,4.0,4.42,5.0,6.42,8.0
4300,-1.0,-1.0,0.0,1.0,1.0,2.0,3.0,3.0,4.0,4.4,5.0,6.4,8.0
4310,-1.0,-1.0,0.0,1.0,1.0,2.0,3.0,3.0,4.0,4.38,5.0,6.38,8.0
4320,-1.0,-1.0,0.0,1.0,1.0,2.0,3.0,3.0,4.0,4.36,5.0,6.36,8.0
4330,-1.0,-1.0,0.0,1.0,1.0,2.0,3.0,3.0,4.0,4.34,5.0,6.34,8.0
4340,-1.0,-1.0,0.0,1.0,1.0,2.0,3.0,3.0,4.0,4.32,5.0,6.32,8.0
4350,-1.0,-1.0,0.0,1.0,1.0,2.0,3.0,3.0,4.0,4.3,5.0,6.3,8.0
4360,-1.0,-1.0,0.0,1.0,1.0,2.0,3.0,3.0,4.0,4.28,5.0,6.28,8.0
4370,-1.0,-1.0,0.0,1.0,1.0,2.0,3.0,3.0,4.0,4.26,5.0,6.26,8.0
4380,-1.0,-1.0,0.0,1.0,1.0,2.0,3.0,3.0,4.0,4.24,5.0,6.24,8.0
4390,-1.0,-1.0,0.0,1.0,1.0,2.0,3.0,3.0,4.0,4.22,5.0,6.22,8.0
4400,-1.0,-1.0,0.0,1.0,1.0,2.0,3.0,3.0,4.0,4.2,5.0,6.2,8.0
4410,-1.0,-1.0,0.0,1.0,1.0,2.0,3.0,3.0,4.0,4.18,5.0,6.18,8.0
4420,-1.0,-1.0,0.0,1.0,1.0,2.0,3.0,3.0,4.0,4.16,5.0,6.16,8.0
4430,-1.0,-1.0,0.0,1.0,1.0,2.0,3.0,3.0,4.0,4.14,5.0,6.14,8.0
4440,-1.0,-1.0,0.0,1.0,1.0,2.0,3.0,3.0,4.0,4.12,5.0,6.12,8.0
4450,-1.0,-1.0,0.0,1.0,1.0,2.0,3.0,3.0,4.0,4.1,5.0,6.1,8.0
4460,-1.0,-1.0,0.0,1.0,1.0,2.0,3.0,3.0,4.0,4.08,5.0,6.08,8.0
4470,-1.0,-1.0,0.0,1.0,1.0,2.0,3.0,3.0,4.0,4.06,5.0,6.06,8.0
4480,-1.0,-1.0,0.0,1.0,1.0,2.0,3.0,3.0,4.0,4.04,5.0,6.04,8.0
4490,-1.0,-1.0,0.0,1.0,1.0,2.0,3.0,3.0,4.0,4.02,5.0,6.02,8.0
4500,-1.0,-1.0,0.0,1.0,1.0,2.0,3.0,3.0,4.0,4.0,5.0,6.0,8.0
4510,-1.0,-1.0,0.0,1.0,1.0,2.0,2.98,3.0,4.0,4.0,5.0,6.0,7.98
4520,-1.0,-1.0,0.0,1.0,1.0,2.0,2.96,3.0,4.0,4.0,5.0,6.0,7.96
4530,-1.0,-1.0,0.0,1.0,1.0,2.0,2.94,3.0,4.0,4.0,5.0,6.0,7.94
4540,-1.0,-1.0,0.0,1.0,1.0,2.0,2.92,3.0,4.0,4.0,5.0,6.0,7.92
4550,-1.0,-1.0,0.0,1.0,1.0,2.0,2.9,3.0,4.0,4.0,5.0,6.0,7.9
4560,-1.0,-1.0,0.0,1.0,1.0,2.0,2.88,3.0,4.0,4.0,5.0,6.0,7.88
4570,-1.0,-1.0,0.0,1.0,1.0,2.0,2.86,3.0,4.0,4.0,5.0,6.0,7.86
4580,-1.0,-1.0,0.0,1.0,1.0,2.0,2.84,3.0,4.0,4.0,5.0,6.0,7.84
4590,-1.0,-1.0,0.0,1.0,1.0,2.0,2.82,3.0,4.0,4.0,5.0,6.0,7.82
4600,-1.0,-1.0,0.0,1.0,1.0,2.0,2.8,3.0,4.0,4.0,5.0,6.0,7.8
4610,-1.0,-1.0,0.0,1.0,1.0,2.0,2.78,3.0,4.0,4.0,5.0,6.0,7.78
4620,-1.0,-1.0,0.0,1.0,1.0,2.0,2.76,3.0,4.0,4.0,5.0,6.0,7.76
4630,-1.0,-1.0,0.0,1.0,1.0,2.0,2.74,3.0,4.0,4.0,5.0,6.0,7.74
4640,-1.0,-1.0,0.0,1.0,1.0,2.0,2.7199999999999998,3.0,4.0,4.0,5.0,6.0,7.72
4650,-1.0,-1.0,0.0,1.0,1.0,2.0,2.7,3.0,4.0,4.0,5.0,6.0,7.7
4660,-1.0,-1.0,0.0,1.0,1.0,2.0,2.68,3.0,4.0,4.0,5.0,6.0,7.68
4670,-1.0,-1.0,0.0,1.0,1.0,2.0,2.66,3.0,4.0,4.0,5.0,6.0,7.66
4680,-1.0,-1.0,0.0,1.0,1.0,2.0,2.64,3.0,4.0,4.0,5.0,6.0,7.64
4690,-1.0,-1.0,0.0,1.0,1.0,2.0,2.62,3.0,4.0,4.0,5.0,6.0,7.62
4700,-1.0,-1.0,0.0,1.0,1.0,2.0,2.6,3.0,4.0,4.0,5.0,6.0,7.6
4710,-1.0,-1.0,0.0,1.0,1.0,2.0,2.58,3.0,4.0,4.0,5.0,6.0,7.58
4720,-1.0,-1.0,0.0,1.0,1.0,2.0,2.56,3.0,4.0,4.0,5.0,6.0,7.56
4730,-1.0,-1.0,0.0,1.0,1.0,2.0,2.54,3.0,4.0,4.0,5.0,6.0,7.54
4740,-1.0,-1.0,0.0,1.0,1.0,2.0,2.52,3.0,4.0,4.0,5.0,6.0,7.52
4750,-1.0,-1.0,0.0,1.0,1.0,2.0,2.5,3.0,4.0,4.0,5.0,6.0,7.5
4760,-1.0,-1.0,0.0,1.0,1.0,2.0,2.48,3.0,4.0,4.0,5.0,6.0,7.48
4770,-1.0,-1.0,0.0,1.0,1.0,2.0,2.46,3.0,4.0,4.0,5.0,6.0,7.46
4780,-1.0,-1.0,0.0,1.0,1.0,2.0,2.44,3.0,4.0,4.0,5.0,6.0,7.4399999999999995
4790,-1.0,-1.0,0.0,1.0,1.0,2.0,2.42,3.0,4.0,4.0,5.0,6.0,7.42
4800,-1.0,-1.0,0.0,1.0,1.0,2.0,2.4,3.0,4.0,4.0,5.0,6.0,7.4
4810,-1.0,-1.0,0.0,1.0,1.0,2.0,2.38,3.0,4.0,4.0,5.0,6.0,7.38
4820,-1.0,-1.0,0.0,1.0,1.0,2.0,2.36,3.0,4.0,4.0,5.0,6.0,7.36
4830,-1.0,-1.0,0.0,1.0,1.0,2.0,2.34,3.0,4.0,4.0,5.0,6.0,7.34
4840,-1.0,-1.0,0.0,1.0,1.0,2.0,2.32,3.0,4.0,4.0,5.0,6.0,7.32
4850,-1.0,-1.0,0.0,1.0,1.0,2.0,2.3,3.0,4.0,4.0,5.0,6.0,7.3
4860,-1.0,-1.0,0.0,1.0,1.0,2.0,2.2800000000000002,3.0,4.0,4.0,5.0,6.0,7.28
4870,-1.0,-1.0,0.0,1.0,1.0,2.0,2.26,3.0,4.0,4.0,5.0,6.0,7.26
4880,-1.0,-1.0,0.0,1.0,1.0,2.0,2.24,3.0,4.0,4.0,5.0,6.0,7.24
4890,-1.0,-1.0,0.0,1.0,1.0,2.0,2.2199999999999998,3.0,4.0,4.0,5.0,6.0,7.22
4900,-1.0,-1.0,0.0,1.0,1.0,2.0,2.2,3.0,4.0,4.0,5.0,6.0,7.2
4910,-1.0,-1.0,0.0,1.0,1.0,2.0,2.1799999999999997,3.0,4.0,4.0,5.0,6.0,7.18
4920,-1.0,-1.0,0.0,1.0,1.0,2.0,2.16,3.0,4.0,4.0,5.0,6.0,7.16
4930,-1.0,-1.0,0.0,1.0,1.0,2.0,2.14,3.0,4.0,4.0,5.0,6.0,7.14
4940,-1.0,-1.0,0.0,1.0,1.0,2.0,2.12,3.0,4.0,4.0,5.0,6.0,7.12
4950,-1.0,-1.0,0.0,1.0,1.0,2.0,2.1,3.0,4.0,4.0,5.0,6.0,7.1
4960,-1.0,-1.0,0.0,1.0,1.0,2.0,2.08,3.0,4.0,4.0,5.0,6.0,7.08
4970,-1.0,-1.0,0.0,1.0,1.0,2.0,2.06,3.0,4.0,4.0,5.0,6.0,7.06
4980,-1.0,-1.0,0.0,1.0,1.0,2.0,2.04,3.0,4.0,4.0,5.0,6.0,7.04
4990,-1.0,-1.0,0.0,1.0,1.0,2.0,2.02,3.0,4.0,4.0,5.0,6.0,7.02
5000,-1.0,-1.0,0.0,1.0,1.0,2.0,2.0,3.0,4.0,4.0,5.0,6.0,7.0
5010,-1.0,-1.0,0.0,1.0,1.0,2.0,2.0,3.0,3.98,4.0,5.0,6.0,7.0
5020,-1.0,-1.0,0.0,1.0,1.0,2.0,2.0,3.0,3.96,4.0,5.0,6.0,7.0
5030,-1.0,-1.0,0.0,1.0,1.0,2.0,2.0,3.0,3.94,4.0,5.0,6.0,7.0
5040,-1.0,-1.0,0.0,1.0,1.0,2.0,2.0,3.0,3.92,4.0,5.0,6.0,7.0
5050,-1.0,-1.0,0.0,1.0,1.0,2.0,2.0,3.0,3.9,4.0,5.0,6.0,7.0
5060,-1.0,-1.0,0.0,1.0,1.0,2.0,2.0,3.0,3.88,4.0,5.0,6.0,7.0
5070,-1.0,-1.0,0.0,1.0,1.0,2.0,2.0,3.0,3.86,4.0,5.0,6.0,7.0
5080,-1.0,-1.0,0.0,1.0,1.0,2.0,2.0,3.0,3.84,4.0,5.0,6.0,7.0
5090,-1.0,-1.0,0.0,1.0,1.0,2.0,2.0,3.0,3.82,4.0,5.0,6.0,7.0
5100,-1.0,-1.0,0.0,1.0,1.0,2.0,2.0,3.0,3.8,4.0,5.0,6.0,7.0
5110,-1.0,-1.0,0.0,1.0,1.0,2.0,2.0,3.0,3.78,4.0,5.0,6.0,7.0
5120,-1.0,-1.0,0.0,1.0,1.0,2.0,2.0,3.0,3.76,4.0,5.0,6.0,7.0
5130,-1.0,-1.0,0.0,1.0,1.0,2.0,2.0,3.0,3.74,4.0,5.0,6.0,7.0
5140,-1.0,-1.0,0.0,1.0,1.0,2.0,2.0,3.0,3.7199999999999998,4.0,5.0,6.0,7.0
5150,-1.0,-1.0,0.0,1.0,1.0,2.0,2.0,3.0,3.7,4.0,5.0,6.0,7.0
5160,-1.0,-1.0,0.0,1.0,1.0,2.0,2.0,3.0,3.68,4.0,5.0,6.0,7.0
5170,-1.0,-1.0,0.0,1.0,1.0,2.0,2.0,3.0,3.66,4.0,5.0,6.0,7.0
5180,-1.0,-1.0,0.0,1.0,1.0,2.0,2.0,3.0,3.64,4.0,5.0,6.0,7.0
5190,-1.0,-1.0,0.0,1.0,1.0,2.0,2.0,3.0,3.62,4.0,5.0,6.0,7.0
5200,-1.0,-1.0,0.0,1.0,1.0,2.0,2.0,3.0,3.6,4.0,5.0,6.0,7.0
5210,-1.0,-1.0,0.0,1.0,1.0,2.0,2.0,3.0,3.58,4.0,5.0,6.0,7.0
5220,-1.0,-1.0,0.0,1.0,1.0,2.0,2.0,3.0,3.56,4.0,5.0,6.0,7.0
5230,-1.0,-1.0,0.0,1.0,1.0,2.0,2.0,3.0,3.54,4.0,5.0,6.0,7.0
5240,-1.0,-1.0,0.0,1.0,1.0,2.0,2.0,3.0,3.52,4.0,5.0,6.0,7.0
5250,-1.0,-1.0,0.0,1.0,1.0,2.0,2.0,3.0,3.5,4.0,5.0,6.0,7.0
5260,-1.0,-1.0,0.0,1.0,1.0,2.0,2.0,3.0,3.48,4.0,5.0,6.0,7.0
5270,-1.0,-1.0,0.0,1.0,1.0,2.0,2.0,3.0,3.46,4.0,5.0,6.0,7.0
5280,-1.0,-1.0,0.0,1.0,1.0,2.0,2.0,3.0,3.44,4.0,5.0,6.0,7.0
5290,-1.0,-1.0,0.0,1.0,1.0,2.0,2.0,3.0,3.42,4.0,5.0,6.0,7.0
5300,-1.0,-1.0,0.0,1.0,1.0,2.0,2.0,3.0,3.4,4.0,5.0,6.0,7.0
5310,-1.0,-1.0,0.0,1.0,1.0,2.0,2.0,3.0,3.38,4.0,5.0,6.0,7.0
5320,-1.0,-1.0,0.0,1.0,1.0,2.0,2.0,3.0,3.36,4.0,5.0,6.0,7.0
5330,-1.0,-1.0,0.0,1.0,1.0,2.0,2.0,3.0,3.34,4.0,5.0,6.0,7.0
5340,-1.0,-1.0,0.0,1.0,1.0,2.0,2.0,3.0,3.32,4.0,5.0,6.0,7.0
5350,-1.0,-1.0,0.0,1.0,1.0,2.0,2.0,3.0,3.3,4.0,5.0,6.0,7.0
5360,-1.0,-1.0,0.0,1.0,1.0,2.0,2.0,3.0,3.2800000000000002,4.0,5.0,6.0,7.0
5370,-1.0,-1.0,0.0,1.0,1.0,2.0,2.0,3.0,3.26,4.0,5.0,6.0,7.0
5380,-1.0,-1.0,0.0,1.0,1.0,2.0,2.0,3.0,3.24,4.0,5.0,6.0,7.0
5390,-1.0,-1.0,0.0,1.0,1.0,2.0,2.0,3.0,3.2199999999999998,4.0,5.0,6.0,7.0
5400,-1.0,-1.0,0.0,1.0,1.0,2.0,2.0,3.0,3.2,4.0,5.0,6.0,7.0
5410,-1.0,-1.0,0.0,1.0,1.0,2.0,2.0,3.0,3.1799999999999997,4.0,5.0,6.0,7.0
5420,-1.0,-1.0,0.0,1.0,1.0,2.0,2.0,3.0,3.16,4.0,5.0,6.0,7.0
5430,-1.0,-1.0,0.0,1.0,1.0,2.0,2.0,3.0,3.14,4.0,5.0,6.0,7.0
5440,-1.0,-1.0,0.0,1.0,1.0,2.0,2.0,3.0,3.12,4.0,5.0,6.0,7.0
5450,-1.0,-1.0,0.0,1.0,1.0,2.0,2.0,3.0,3.1,4.0,5.0,6.0,7.0
5460,-1.0,-1.0,0.0,1.0,1.0,2.0,2.0,3.0,3.08,4.0,5.0,6.0,7.0
5470,-1.0,-1.0,0.0,1.0,1.0,2.0,2.0,3.0,3.06,4.0,5.0,6.0,7.0
5480,-1.0,-1.0,0.0,1.0,1.0,2.0,2.0,3.0,3.04,4.0,5.0,6.0,7.0
5490,-1.0,-1.0,0.0,1.0,1.0,2.0,2.0,3.0,3.02,4.0,5.0,6.0,7.0
5500,-1.0,-1.0,0.0,1.0,1.0,2.0,2.0,3.0,3.0,4.0,5.0,6.0,7.0
5510,-1.0,-1.0,0.0,1.0,1.0,2.0,2.0,3.0,3.0,4.0,4.98,5.98,6.98
5520,-1.0,-1.0,0.0,1.0,1.0,2.0,2.0,3.0,3.0,4.0,4.96,5.96,6.96
5530,-1.0,-1.0,0.0,1.0,1.0,2.0,2.0,3.0,3.0,4.0,4.94,5.94,6.94
5540,-1.0,-1.0,0.0,1.0,1.0,2.0,2.0,3.0,3.0,4.0,4.92,5.92,6.92
5550,-1.0,-1.0,0.0,1.0,1.0,2.0,2.0,3.0,3.0,4.0,4.9,5.9,6.9
5560,-1.0,-1.0,0.0,1.0,1.0,2.0,2.0,3.0,3.0,4.0,4.88,5.88,6.88
5570,-1.0,-1.0,0.0,1.0,1.0,2.0,2.0,3.0,3.0,4.0,4.86,5.86,6.86
5580,-1.0,-1.0,0.0,1.0,1.0,2.0,2.0,3.0,3.0,4.0,4.84,5.84,6.84
5590,-1.0,-1.0,0.0,1.0,1.0,2.0,2.0,3.0,3.0,4.0,4.82,5.82,6.82
5600,-1.0,-1.0,0.0,1.0,1.0,2.0,2.0,3.0,3.0,4.0,4.8,5.8,6.8
5610,-1.0,-1.0,0.0,1.0,1.0,2.0,2.0,3.0,3.0,4.0,4.78,5.78,6.78
5620,-1.0,-1.0,0.0,1.0,1.0,2.0,2.0,3.0,3.0,4.0,4.76,5.76,6.76
5630,-1.0,-1.0,0.0,1.0,1.0,2.0,2.0,3.0,3.0,4.0,4.74,5.74,6.74
5640,-1.0,-1.0,0.0,1.0,1.0,2.0,2.0,3.0,3.0,4.0,4.72,5.72,6.72
5650,-1.0,-1.0,0.0,1.0,1.0,2.0,2.0,3.0,3.0,4.0,4.7,5.7,6.7
5660,-1.0,-1.0,0.0,1.0,1.0,2.0,2.0,3.0,3.0,4.0,4.68,5.68,6.68
5670,-1.0,-1.0,0.0,1.0,1.0,2.0,2.0,3.0,3.0,4.0,4.66,5.66,6.66
5680,-1.0,-1.0,0.0,1.0,1.0,2.0,2.0,3.0,3.0,4.0,4.64,5.64,6.64
5690,-1.0,-1.0,0.0,1.0,1.0,2.0,2.0,3.0,3.0,4.0,4.62,5.62,6.62
5700,-1.0,-1.0,0.0,1.0,1.0,2.0,2.0,3.0,3.0,4.0,4.6,5.6,6.6
5710,-1.0,-1.0,0.0,1.0,1.0,2.0,2.0,3.0,3.0,4.0,4.58,5.58,6.58
5720,-1.0,-1.0,0.0,1.0,1.0,2.0,2.0,3.0,3.0,4.0,4.56,5.56,6.56
5730,-1.0,-1.0,0.0,1.0,1.0,2.0,2.0,3.0,3.0,4.0,4.54,5.54,6.54
5740,-1.0,-1.0,0.0,1.0,1.0,2.0,2.0,3.0,3.0,4.0,4.52,5.52,6.52
5750,-1.0,-1.0,0.0,1.0,1.0,2.0,2.0,3.0,3.0,4.0,4.5,5.5,6.5
5760,-1.0,-1.0,0.0,1.0,1.0,2.0,2.0,3.0,3.0,4.0,4.48,5.48,6.48
5770,-1.0,-1.0,0.0,1.0,1.0,2.0,2.0,3.0,3.0,4.0,4.46,5.46,6.46
5780,-1.0,-1.0,0.0,1.0,1.0,2.0,2.0,3.0,3.0,4.0,4.4399999999999995,5.4399999999999995,6.4399999999999995
5790,-1.0,-1.0,0.0,1.0,1.0,2.0,2.0,3.0,3.0,4.0,4.42,5.42,6.42
5800,-1.0,-1.0,0.0,1.0,1.0,2.0,2.0,3.0,3.0,4.0,4.4,5.4,6.4
5810,-1.0,-1.0,0.0,1.0,1.0,2.0,2.0,3.0,3.0,4.0,4.38,5.38,6.38
5820,-1.0,-1.0,0.0,1.0,1.0,2.0,2.0,3.0,3.0,4.0,4.36,5.36,6.36
5830,-1.0,-1.0,0.0,1.0,1.0,2.0,2.0,3.0,3.0,4.0,4.34,5.34,6.34
5840,-1.0,-1.0,0.0,1.0,1.0,2.0,2.0,3.0,3.0,4.0,4.32,5.32,6.32
5850,-1.0,-1.0,0.0,1.0,1.0,2.0,2.0,3.0,3.0,4.0,4.3,5.3,6.3
5860,-1.0,-1.0,0.0,1.0,1.0,2.0,2.0,3.0,3.0,4.0,4.28,5.28,6.28
5870,-1.0,-1.0,0.0,1.0,1.0,2.0,2.0,3.0,3.0,4.0,4.26,5.26,6.26
5880,-1.0,-1.0,0.0,1.0,1.0,2.0,2.0,3.0,3.0,4.0,4.24,5.24,6.24
5890,-1.0,-1.0,0.0,1.0,1.0,2.0,2.0,3.0,3.0,4.0,4.22,5.22,6.22
5900,-1.0,-1.0,0.0,1.0,1.0,2.0,2.0,3.0,3.0,4.0,4.2,5.2,6.2
5910,-1.0,-1.0,0.0,1.0,1.0,2.0,2.0,3.0,3.0,4.0,4.18,5.18,6.18
5920,-1.0,-1.0,0.0,1.0,1.0,2.0,2.0,3.0,3.0,4.0,4.16,5.16,6.16
5930,-1.0,-1.0,0.0,1.0,1.0,2.0,2.0,3.0,3.0,4.0,4.14,5.14,6.14
5940,-1.0,-1.0,0.0,1.0,1.0,2.0,2.0,3.0,3.0,4.0,4.12,5.12,6.12
5950,-1.0,-1.0,0.0,1.0,1.0,2.0,2.0,3.0,3.0,4.0,4.1,5.1,6.1
5960,-1.0,-1.0,0.0,1.0,1.0,2.0,2.0,3.0,3.0,4.0,4.08,5.08,6.08
5970,-1.0,-1.0,0.0,1.0,1.0,2.0,2.0,3.0,3.0,4.0,4.06,5.06,6.06
5980,-1.0,-1.0,0.0,1.0,1.0,2.0,2.0,3.0,3.0,4.0,4.04,5.04,6.04
5990,-1.0,-1.0,0.0,1.0,1.0,2.0,2.0,3.0,3.0,4.0,4.02,5.02,6.02
6000,-1.0,-1.0,0.0,1.0,1.0,2.0,2.0,3.0,3.0,4.0,4.0,5.0,6.0
6010,-1.0,-0.98,0.0,0.98,1.0,1.98,2.0,2.98,3.0,3.98,4.0,5.0,6.0
6020,-1.0,-0.96,0.0,0.96,1.0,1.96,2.0,2.96,3.0,3.96,4.0,5.0,6.0
6030,-1.0,-0.94,0.0,0.94,1.0,1.94,2.0,2.94,3.0,3.94,4.0,5.0,6.0
6040,-1.0,-0.92,0.0,0.92,1.0,1.92,2.0,2.92,3.0,3.92,4.0,5.0,6.0
6050,-1.0,-0.9,0.0,0.9,1.0,1.9,2.0,2.9,3.0,3.9,4.0,5.0,6.0
6060,-1.0,-0.88,0.0,0.88,1.0,1.88,2.0,2.88,3.0,3.88,4.0,5.0,6.0
6070,-1.0,-0.86,0.0,0.86,1.0,1.8599999999999999,2.0,2.86,3.0,3.86,4.0,5.0,6.0
6080,-1.0,-0.84,0.0,0.84,1.0,1.84,2.0,2.84,3.0,3.84,4.0,5.0,6.0
6090,-1.0,-0.8200000000000001,0.0,0.8200000000000001,1.0,1.82,2.0,2.82,3.0,3.82,4.0,5.0,6.0
6100,-1.0,-0.8,0.0,0.8,1.0,1.8,2.0,2.8,3.0,3.8,4.0,5.0,6.0
6110,-1.0,-0.78,0.0,0.78,1.0,1.78,2.0,2.78,3.0,3.78,4.0,5.0,6.0
6120,-1.0,-0.76,0.0,0.76,1.0,1.76,2.0,2.76,3.0,3.76,4.0,5.0,6.0
6130,-1.0,-0.74,0.0,0.74,1.0,1.74,2.0,2.74,3.0,3.74,4.0,5.0,6.0
6140,-1.0,-0.72,0.0,0.72,1.0,1.72,2.0,2.7199999999999998,3.0,3.7199999999999998,4.0,5.0,6.0
6150,-1.0,-0.7,0.0,0.7,1.0,1.7,2.0,2.7,3.0,3.7,4.0,5.0,6.0
6160,-1.0,-0.6799999999999999,0.0,0.6799999999999999,1.0,1.68,2.0,2.68,3.0,3.68,4.0,5.0,6.0
6170,-1.0,-0.6599999999999999,0.0,0.6599999999999999,1.0,1.66,2.0,2.66,3.0,3.66,4.0,5.0,6.0
6180,-1.0,-0.64,0.0,0.64,1.0,1.6400000000000001,2.0,2.64,3.0,3.64,4.0,5.0,6.0
6190,-1.0,-0.62,0.0,0.62,1.0,1.62,2.0,2.62,3.0,3.62,4.0,5.0,6.0
6200,-1.0,-0.6,0.0,0.6,1.0,1.6,2.0,2.6,3.0,3.6,4.0,5.0,6.0
6210,-1.0,-0.5800000000000001,0.0,0.5800000000000001,1.0,1.58,2.0,2.58,3.0,3.58,4.0,5.0,6.0
6220,-1.0,-0.56,0.0,0.56,1.0,1.56,2.0,2.56,3.0,3.56,4.0,5.0,6.0
6230,-1.0,-0.54,0.0,0.54,1.0,1.54,2.0,2.54,3.0,3.54,4.0,5.0,6.0
6240,-1.0,-0.52,0.0,0.52,1.0,1.52,2.0,2.52,3.0,3.52,4.0,5.0,6.0
6250,-1.0,-0.5,0.0,0.5,1.0,1.5,2.0,2.5,3.0,3.5,4.0,5.0,6.0
6260,-1.0,-0.48,0.0,0.48,1.0,1.48,2.0,2.48,3.0,3.48,4.0,5.0,6.0
6270,-1.0,-0.45999999999999996,0.0,0.45999999999999996,1.0,1.46,2.0,2.46,3.0,3.46,4.0,5.0,6.0
6280,-1.0,-0.43999999999999995,0.0,0.43999999999999995,1.0,1.44,2.0,2.44,3.0,3.44,4.0,5.0,6.0
6290,-1.0,-0.42000000000000004,0.0,0.42000000000000004,1.0,1.42,2.0,2.42,3.0,3.42,4.0,5.0,6.0
6300,-1.0,-0.4,0.0,0.4,1.0,1.4,2.0,2.4,3.0,3.4,4.0,5.0,6.0
6310,-1.0,-0.38,0.0,0.38,1.0,1.38,2.0,2.38,3.0,3.38,4.0,5.0,6.0
6320,-1.0,-0.36,0.0,0.36,1.0,1.3599999999999999,2.0,2.36,3.0,3.36,4.0,5.0,6.0
6330,-1.0,-0.33999999999999997,0.0,0.33999999999999997,1.0,1.3399999999999999,2.0,2.34,3.0,3.34,4.0,5.0,6.0
6340,-1.0,-0.31999999999999995,0.0,0.31999999999999995,1.0,1.3199999999999998,2.0,2.32,3.0,3.32,4.0,5.0,6.0
6350,-1.0,-0.29999999999999993,0.0,0.29999999999999993,1.0,1.2999999999999998,2.0,2.3,3.0,3.3,4.0,5.0,6.0
6360,-1.0,-0.28,0.0,0.28,1.0,1.28,2.0,2.2800000000000002,3.0,3.2800000000000002,4.0,5.0,6.0
6370,-1.0,-0.26,0.0,0.26,1.0,1.26,2.0,2.26,3.0,3.26,4.0,5.0,6.0
6380,-1.0,-0.24,0.0,0.24,1.0,1.24,2.0,2.24,3.0,3.24,4.0,5.0,6.0
6390,-1.0,-0.21999999999999997,0.0,0.21999999999999997,1.0,1.22,2.0,2.2199999999999998,3.0,3.2199999999999998,4.0,5.0,6.0
6400,-1.0,-0.19999999999999996,0.0,0.19999999999999996,1.0,1.2,2.0,2.2,3.0,3.2,4.0,5.0,6.0
6410,-1.0,-0.17999999999999994,0.0,0.17999999999999994,1.0,1.18,2.0,2.1799999999999997,3.0,3.1799999999999997,4.0,5.0,6.0
6420,-1.0,-0.16000000000000003,0.0,0.16000000000000003,1.0,1.1600000000000001,2.0,2.16,3.0,3.16,4.0,5.0,6.0
6430,-1.0,-0.14,0.0,0.14,1.0,1.1400000000000001,2.0,2.14,3.0,3.14,4.0,5.0,6.0
6440,-1.0,-0.12,0.0,0.12,1.0,1.12,2.0,2.12,3.0,3.12,4.0,5.0,6.0
6450,-1.0,-0.09999999999999998,0.0,0.09999999999999998,1.0,1.1,2.0,2.1,3.0,3.1,4.0,5.0,6.0
6460,-1.0,-0.07999999999999996,0.0,0.07999999999999996,1.0,1.08,2.0,2.08,3.0,3.08,4.0,5.0,6.0
6470,-1.0,-0.05999999999999994,0.0,0.05999999999999994,1.0,1.06,2.0,2.06,3.0,3.06,4.0,5.0,6.0
6480,-1.0,-0.040000000000000036,0.0,0.040000000000000036,1.0,1.04,2.0,2.04,3.0,3.04,4.0,5.0,6.0
6490,-1.0,-0.020000000000000018,0.0,0.020000000000000018,1.0,1.02,2.0,2.02,3.0,3.02,4.0,5.0,6.0
6500,-1.0,0.0,0.0,0.0,1.0,1.0,2.0,2.0,3.0,3.0,4.0,5.0,6.0
6510,-1.0,0.0,0.0,0.0,1.0,1.0,2.0,2.0,3.0,3.0,4.0,5.0,6.0
6520,-1.0,0.0,0.0,0.0,1.0,1.0,2.0,2.0,3.0,3.0,4.0,5.0,6.0
6530,-1.0,0.0,0.0,0.0,1.0,1.0,2.0,2.0,3.0,3.0,4.0,5.0,6.0
6540,-1.0,0.0,0.0,0.0,1.0,1.0,2.0,2.0,3.0,3.0,4.0,5.0,6.0
6550,-1.0,0.0,0.0,0.0,1.0,1.0,2.0,2.0,3.0,3.0,4.0,5.0,6.0
6560,-1.0,0.0,0.0,0.0,1.0,1.0,2.0,2.0,3.0,3.0,4.0,5.0,6.0
6570,-1.0,0.0,0.0,0.0,1.0,1.0,2.0,2.0,3.0,3.0,4.0,5.0,6.0
6580,-1.0,0.0,0.0,0.0,1.0,1.0,2.0,2.0,3.0,3.0,4.0,5.0,6.0
6590,-1.0,0.0,0.0,0.0,1.0,1.0,2.0,2.0,3.0,3.0,4.0,5.0,6.0
6600,-1.0,0.0,0.0,0.0,1.0,1.0,2.0,2.0,3.0,3.0,4.0,5.0,6.0
6610,-1.0,0.0,0.0,0.0,1.0,1.0,2.0,2.0,3.0,3.0,4.0,5.0,6.0
6620,-1.0,0.0,0.0,0.0,1.0,1.0,2.0,2.0,3.0,3.0,4.0,5.0,6.0
6630,-1.0,0.0,0.0,0.0,1.0,1.0,2.0,2.0,3.0,3.0,4.0,5.0,6.0
6640,-1.0,0.0,0.0,0.0,1.0,1.0,2.0,2.0,3.0,3.0,4.0,5.0,6.0
6650,-1.0,0.0,0.0,0.0,1.0,1.0,2.0,2.0,3.0,3.0,4.0,5.0,6.0
6660,-1.0,0.0,0.0,0.0,1.0,1.0,2.0,2.0,3.0,3.0,4.0,5.0,6.0
6670,-1.0,0.0,0.0,0.0,1.0,1.0,2.0,2.0,3.0,3.0,4.0,5.0,6.0
6680,-1.0,0.0,0.0,0.0,1.0,1.0,2.0,2.0,3.0,3.0,4.0,5.0,6.0
6690,-1.0,0.0,0.0,0.0,1.0,1.0,2.0,2.0,3.0,3.0,4.0,5.0,6.0
6700,-1.0,0.0,0.0,0.0,1.0,1.0,2.0,2.0,3.0,3.0,4.0,5.0,6.0
6710,-1.0,0.0,0.0,0.0,1.0,1.0,2.0,2.0,3.0,3.0,4.0,5.0,6.0
6720,-1.0,0.0,0.0,0.0,1.0,1.0,2.0,2.0,3.0,3.0,4.0,5.0,6.0
6730,-1.0,0.0,0.0,0.0,1.0,1.0,2.0,2.0,3.0,3.0,4.0,5.0,6.0
6740,-1.0,0.0,0.0,0.0,1.0,1.0,2.0,2.0,3.0,3.0,4.0,5.0,6.0
6750,-1.0,0.0,0.0,0.0,1.0,1.0,2.0,2.0,3.0,3.0,4.0,5.0,6.0
6760,-1.0,0.0,0.0,0.0,1.0,1.0,2.0,2.0,3.0,3.0,4.0,5.0,6.0
6770,-1.0,0.0,0.0,0.0,1.0,1.0,2.0,2.0,3.0,3.0,4.0,5.0,6.0
6780,-1.0,0.0,0.0,0.0,1.0,1.0,2.0,2.0,3.0,3.0,4.0,5.0,6.0
6790,-1.0,0.0,0.0,0.0,1.0,1.0,2.0,2.0,3.0,3.0,4.0,5.0,6.0
6800,-1.0,0.0,0.0,0.0,1.0,1.0,2.0,2.0,3.0,3.0,4.0,5.0,6.0
6810,-1.0,0.0,0.0,0.0,1.0,1.0,2.0,2.0,3.0,3.0,4.0,5.0,6.0
6820,-1.0,0.0,0.0,0.0,1.0,1.0,2.0,2.0,3.0,3.0,4.0,5.0,6.0
6830,-1.0,0.0,0.0,0.0,1.0,1.0,2.0,2.0,3.0,3.0,4.0,5.0,6.0
6840,-1.0,0.0,0.0,0.0,1.0,1.0,2.0,2.0,3.0,3.0,4.0,5.0,6.0
6850,-1.0,0.0,0.0,0.0,1.0,1.0,2.0,2.0,3.0,3.0,4.0,5.0,6.0
6860,-1.0,0.0,0.0,0.0,1.0,1.0,2.0,2.0,3.0,3.0,4.0,5.0,6.0
6870,-1.0,0.0,0.0,0.0,1.0,1.0,2.0,2.0,3.0,3.0,4.0,5.0,6.0
6880,-1.0,0.0,0.0,0.0,1.0,1.0,2.0,2.0,3.0,3.0,4.0,5.0,6.0
6890,-1.0,0.0,0.0,0.0,1.0,1.0,2.0,2.0,3.0,3.0,4.0,5.0,6.0
6900,-1.0,0.0,0.0,0.0,1.0,1.0,2.0,2.0,3.0,3.0,4.0,5.0,6.0
6910,-1.0,0.0,0.0,0.0,1.0,1.0,2.0,2.0,3.0,3.0,4.0,5.0,6.0
6920,-1.0,0.0,0.0,0.0,1.0,1.0,2.0,2.0,3.0,3.0,4.0,5.0,6.0
6930,-1.0,0.0,0.0,0.0,1.0,1.0,2.0,2.0,3.0,3.0,4.0,5.0,6.0
6940,-1.0,0.0,0.0,0.0,1.0,1.0,2.0,2.0,3.0,3.0,4.0,5.0,6.0
6950,-1.0,0.0,0.0,0.0,1.0,1.0,2.0,2.0,3.0,3.0,4.0,5.0,6.0
6960,-1.0,0.0,0.0,0.0,1.0,1.0,2.0,2.0,3.0,3.0,4.0,5.0,6.0
6970,-1.0,0.0,0.0,0.0,1.0,1.0,2.0,2.0,3.0,3.0,4.0,5.0,6.0
6980,-1.0,0.0,0.0,0.0,1.0,1.0,2.0,2.0,3.0,3.0,4.0,5.0,6.0
6990,-1.0,0.0,0.0,0.0,1.0,1.0,2.0,2.0,3.0,3.0,4.0,5.0,6.0
7000,-1.0,0.0,0.0,0.0,1.0,1.0,2.0,2.0,3.0,3.0,4.0,5.0,6.0
7010,-1.0,0.0,0.0,0.0,1.0,1.0,2.0,2.0,3.0,3.0,3.98,4.98,5.98
7020,-1.0,0.0,0.0,0.0,1.0,1.0,2.0,2.0,3.0,3.0,3.96,4.96,5.96
7030,-1.0,0.0,0.0,0.0,1.0,1.0,2.0,2.0,3.0,3.0,3.94,4.94,5.94
7040,-1.0,0.0,0.0,0.0,1.0,1.0,2.0,2.0,3.0,3.0,3.92,4.92,5.92
7050,-1.0,0.0,0.0,0.0,1.0,1.0,2.0,2.0,3.0,3.0,3.9,4.9,5.9
7060,-1.0,0.0,0.0,0.0,1.0,1.0,2.0,2.0,3.0,3.0,3.88,4.88,5.88
7070,-1.0,0.0,0.0,0.0,1.0,1.0,2.0,2.0,3.0,3.0,3.86,4.86,5.86
7080,-1.0,0.0,0.0,0.0,1.0,1.0,2.0,2.0,3.0,3.0,3.84,4.84,5.84
7090,-1.0,0.0,0.0,0.0,1.0,1.0,2.0,2.0,3.0,3.0,3.82,4.82,5.82
7100,-1.0,0.0,0.0,0.0,1.0,1.0,2.0,2.0,3.0,3.0,3.8,4.8,5.8
7110,-1.0,0.0,0.0,0.0,1.0,1.0,2.0,2.0,3.0,3.0,3.78,4.78,5.78
7120,-1.0,0.0,0.0,0.0,1.0,1.0,2.0,2.0,3.0,3.0,3.76,4.76,5.76
7130,-1.0,0.0,0.0,0.0,1.0,1.0,2.0,2.0,3.0,3.0,3.74,4.74,5.74
7140,-1.0,0.0,0.0,0.0,1.0,1.0,2.0,2.0,3.0,3.0,3.7199999999999998,4.72,5.72
7150,-1.0,0.0,0.0,0.0,1.0,1.0,2.0,2.0,3.0,3.0,3.7,4.7,5.7
7160,-1.0,0.0,0.0,0.0,1.0,1.0,2.0,2.0,3.0,3.0,3.68,4.68,5.68
7170,-1.0,0.0,0.0,0.0,1.0,1.0,2.0,2.0,3.0,3.0,3.66,4.66,5.66
7180,-1.0,0.0,0.0,0.0,1.0,1.0,2.0,2.0,3.0,3.0,3.64,4.64,5.64
7190,-1.0,0.0,0.0,0.0,1.0,1.0,2.0,2.0,3.0,3.0,3.62,4.62,5.62
7200,-1.0,0.0,0.0,0.0,1.0,1.0,2.0,2.0,3.0,3.0,3.6,4.6,5.6
7210,-1.0,0.0,0.0,0.0,1.0,1.0,2.0,2.0,3.0,3.0,3.58,4.58,5.58
7220,-1.0,0.0,0.0,0.0,1.0,1.0,2.0,2.0,3.0,3.0,3.56,4.56,5.56
7230,-1.0,0.0,0.0,0.0,1.0,1.0,2.0,2.0,3.0,3.0,3.54,4.54,5.54
7240,-1.0,0.0,0.0,0.0,1.0,1.0,2.0,2.0,3.0,3.0,3.52,4.52,5.52
7250,-1.0,0.0,0.0,0.0,1.0,1.0,2.0,2.0,3.0,3.0,3.5,4.5,5.5
7260,-1.0,0.0,0.0,0.0,1.0,1.0,2.0,2.0,3.0,3.0,3.48,4.48,5.48
7270,-1.0,0.0,0.0,0.0,1.0,1.0,2.0,2.0,3.0,3.0,3.46,4.46,5.46
7280,-1.0,0.0,0.0,0.0,1.0,1.0,2.0,2.0,3.0,3.0,3.44,4.4399999999999995,5.4399999999999995
7290,-1.0,0.0,0.0,0.0,1.0,1.0,2.0,2.0,3.0,3.0,3.42,4.42,5.42
7300,-1.0,0.0,0.0,0.0,1.0,1.0,2.0,2.0,3.0,3.0,3.4,4.4,5.4
7310,-1.0,0.0,0.0,0.0,1.0,1.0,2.0,2.0,3.0,3.0,3.38,4.38,5.38
7320,-1.0,0.0,0.0,0.0,1.0,1.0,2.0,2.0,3.0,3.0,3.36,4.36,5.36
7330,-1.0,0.0,0.0,0.0,1.0,1.0,2.0,2.0,3.0,3.0,3.34,4.34,5.34
7340,-1.0,0.0,0.0,0.0,1.0,1.0,2.0,2.0,3.0,3.0,3.32,4.32,5.32
7350,-1.0,0.0,0.0,0.0,1.0,1.0,2.0,2.0,3.0,3.0,3.3,4.3,5.3
7360,-1.0,0.0,0.0,0.0,1.0,1.0,2.0,2.0,3.0,3.0,3.2800000000000002,4.28,5.28
7370,-1.0,0.0,0.0,0.0,1.0,1.0,2.0,2.0,3.0,3.0,3.26,4.26,5.26
7380,-1.0,0.0,0.0,0.0,1.0,1.0,2.0,2.0,3.0,3.0,3.24,4.24,5.24
7390,-1.0,0.0,0.0,0.0,1.0,1.0,2.0,2.0,3.0,3.0,3.2199999999999998,4.22,5.22
7400,-1.0,0.0,0.0,0.0,1.0,1.0,2.0,2.0,3.0,3.0,3.2,4.2,5.2
7410,-1.0,0.0,0.0,0.0,1.0,1.0,2.0,2.0,3.0,3.0,3.1799999999999997,4.18,5.18
7420,-1.0,0.0,0.0,0.0,1.0,1.0,2.0,2.0,3.0,3.0,3.16,4.16,5.16
7430,-1.0,0.0,0.0,0.0,1.0,1.0,2.0,2.0,3.0,3.0,3.14,4.14,5.14
7440,-1.0,0.0,0.0,0.0,1.0,1.0,2.0,2.0,3.0,3.0,3.12,4.12,5.12
7450,-1.0,0.0,0.0,0.0,1.0,1.0,2.0,2.0,3.0,3.0,3.1,4.1,5.1
7460,-1.0,0.0,0.0,0.0,1.0,1.0,2.0,2.0,3.0,3.0,3.08,4.08,5.08
7470,-1.0,0.0,0.0,0.0,1.0,1.0,2.0,2.0,3.0,3.0,3.06,4.06,5.06
7480,-1.0,0.0,0.0,0.0,1.0,1.0,2.0,2.0,3.0,3.0,3.04,4.04,5.04
7490,-1.0,0.0,0.0,0.0,1.0,1.0,2.0,2.0,3.0,3.0,3.02,4.02,5.02
7500,-1.0,0.0,0.0,0.0,1.0,1.0,2.0,2.0,3.0,3.0,3.0,4.0,5.0
7510,-1.0,0.0,0.0,0.0,1.0,1.0,2.0,2.0,2.98,3.0,3.0,4.0,5.0
7520,-1.0,0.0,0.0,0.0,1.0,1.0,2.0,2.0,2.96,3.0,3.0,4.0,5.0
7530,-1.0,0.0,0.0,0.0,1.0,1.0,2.0,2.0,2.94,3.0,3.0,4.0,5.0
7540,-1.0,0.0,0.0,0.0,1.0,1.0,2.0,2.0,2.92,3.0,3.0,4.0,5.0
7550,-1.0,0.0,0.0,0.0,1.0,1.0,2.0,2.0,2.9,3.0,3.0,4.0,5.0
7560,-1.0,0.0,0.0,0.0,1.0,1.0,2.0,2.0,2.88,3.0,3.0,4.0,5.0
7570,-1.0,0.0,0.0,0.0,1.0,1.0,2.0,2.0,2.86,3.0,3.0,4.0,5.0
7580,-1.0,0.0,0.0,0.0,1.0,1.0,2.0,2.0,2.84,3.0,3.0,4.0,5.0
7590,-1.0,0.0,0.0,0.0,1.0,1.0,2.0,2.0,2.82,3.0,3.0,4.0,5.0
7600,-1.0,0.0,0.0,0.0,1.0,1.0,2.0,2.0,2.8,3.0,3.0,4.0,5.0
7610,-1.0,0.0,0.0,0.0,1.0,1.0,2.0,2.0,2.78,3.0,3.0,4.0,5.0
7620,-1.0,0.0,0.0,0.0,1.0,1.0,2.0,2.0,2.76,3.0,3.0,4.0,5.0
7630,-1.0,0.0,0.0,0.0,1.0,1.0,2.0,2.0,2.74,3.0,3.0,4.0,5.0
7640,-1.0,0.0,0.0,0.0,1.0,1.0,2.0,2.0,2.7199999999999998,3.0,3.0,4.0,5.0
7650,-1.0,0.0,0.0,0.0,1.0,1.0,2.0,2.0,2.7,3.0,3.0,4.0,5.0
7660,-1.0,0.0,0.0,0.0,1.0,1.0,2.0,2.0,2.68,3.0,3.0,4.0,5.0
7670,-1.0,0.0,0.0,0.0,1.0,1.0,2.0,2.0,2.66,3.0,3.0,4.0,5.0
7680,-1.0,0.0,0.0,0.0,1.0,1.0,2.0,2.0,2.64,3.0,3.0,4.0,5.0
7690,-1.0,0.0,0.0,0.0,1.0,1.0,2.0,2.0,2.62,3.0,3.0,4.0,5.0
7700,-1.0,0.0,0.0,0.0,1.0,1.0,2.0,2.0,2.6,3.0,3.0,4.0,5.0
7710,-1.0,0.0,0.0,0.0,1.0,1.0,2.0,2.0,2.58,3.0,3.0,4.0,5.0
7720,-1.0,0.0,0.0,0.0,1.0,1.0,2.0,2.0,2.56,3.0,3.0,4.0,5.0
7730,-1.0,0.0,0.0,0.0,1.0,1.0,2.0,2.0,2.54,3.0,3.0,4.0,5.0
7740,-1.0,0.0,0.0,0.0,1.0,1.0,2.0,2.0,2.52,3.0,3.0,4.0,5.0
7750,-1.0,0.0,0.0,0.0,1.0,1.0,2.0,2.0,2.5,3.0,3.0,4.0,5.0
7760,-1.0,0.0,0.0,0.0,1.0,1.0,2.0,2.0,2.48,3.0,3.0,4.0,5.0
7770,-1.0,0.0,0.0,0.0,1.0,1.0,2.0,2.0,2.46,3.0,3.0,4.0,5.0
7780,-1.0,0.0,0.0,0.0,1.0,1.0,2.0,2.0,2.44,3.0,3.0,4.0,5.0
7790,-1.0,0.0,0.0,0.0,1.0,1.0,2.0,2.0,2.42,3.0,3.0,4.0,5.0
7800,-1.0,0.0,0.0,0.0,1.0,1.0,2.0,2.0,2.4,3.0,3.0,4.0,5.0
7810,-1.0,0.0,0.0,0.0,1.0,1.0,2.0,2.0,2.38,3.0,3.0,4.0,5.0
7820,-1.0,0.0,0.0,0.0,1.0,1.0,2.0,2.0,2.36,3.0,3.0,4.0,5.0
7830,-1.0,0.0,0.0,0.0,1.0,1.0,2.0,2.0,2.34,3.0,3.0,4.0,5.0
7840,-1.0,0.0,0.0,0.0,1.0,1.0,2.0,2.0,2.32,3.0,3.0,4.0,5.0
7850,-1.0,0.0,0.0,0.0,1.0,1.0,2.0,2.0,2.3,3.0,3.0,4.0,5.0
7860,-1.0,0.0,0.0,0.0,1.0,1.0,2.0,2.0,2.2800000000000002,3.0,3.0,4.0,5.0
7870,-1.0,0.0,0.0,0.0,1.0,1.0,2.0,2.0,2.26,3.0,3.0,4.0,5.0
7880,-1.0,0.0,0.0,0.0,1.0,1.0,2.0,2.0,2.24,3.0,3.0,4.0,5.0
7890,-1.0,0.0,0.0,0.0,1.0,1.0,2.0,2.0,2.2199999999999998,3.0,3.0,4.0,5.0
7900,-1.0,0.0,0.0,0.0,1.0,1.0,2.0,2.0,2.2,3.0,3.0,4.0,5.0
7910,-1.0,0.0,0.0,0.0,1.0,1.0,2.0,2.0,2.1799999999999997,3.0,3.0,4.0,5.0
7920,-1.0,0.0,0.0,0.0,1.0,1.0,2.0,2.0,2.16,3.0,3.0,4.0,5.0
7930,-1.0,0.0,0.0,0.0,1.0,1.0,2.0,2.0,2.14,3.0,3.0,4.0,5.0
7940,-1.0,0.0,0.0,0.0,1.0,1.0,2.0,2.0,2.12,3.0,3.0,4.0,5.0
7950,-1.0,0.0,0.0,0.0,1.0,1.0,2.0,2.0,2.1,3.0,3.0,4.0,5.0
7960,-1.0,0.0,0.0,0.0,1.0,1.0,2.0,2.0,2.08,3.0,3.0,4.0,5.0
7970,-1.0,0.0,0.0,0.0,1.0,1.0,2.0,2.0,2.06,3.0,3.0,4.0,5.0
7980,-1.0,0.0,0.0,0.0,1.0,1.0,2.0,2.0,2.04,3.0,3.0,4.0,5.0
7990,-1.0,0.0,0.0,0.0,1.0,1.0,2.0,2.0,2.02,3.0,3.0,4.0,5.0
8000,-1.0,0.0,0.0,0.0,1.0,1.0,2.0,2.0,2.0,3.0,3.0,4.0,5.0
8010,-1.0,0.0,0.0,0.0,1.0,1.0,1.98,2.0,2.0,3.0,3.0,4.0,4.98
8020,-1.0,0.0,0.0,0.0,1.0,1.0,1.96,2.0,2.0,3.0,3.0,4.0,4.96
8030,-1.0,0.0,0.0,0.0,1.0,1.0,1.94,2.0,2.0,3.0,3.0,4.0,4.94
8040,-1.0,0.0,0.0,0.0,1.0,1.0,1.92,2.0,2.0,3.0,3.0,4.0,4.92
8050,-1.0,0.0,0.0,0.0,1.0,1.0,1.9,2.0,2.0,3.0,3.0,4.0,4.9
8060,-1.0,0.0,0.0,0.0,1.0,1.0,1.88,2.0,2.0,3.0,3.0,4.0,4.88
8070,-1.0,0.0,0.0,0.0,1.0,1.0,1.8599999999999999,2.0,2.0,3.0,3.0,4.0,4.86
8080,-1.0,0.0,0.0,0.0,1.0,1.0,1.84,2.0,2.0,3.0,3.0,4.0,4.84
8090,-1.0,0.0,0.0,0.0,1.0,1.0,1.82,2.0,2.0,3.0,3.0,4.0,4.82
8100,-1.0,0.0,0.0,0.0,1.0,1.0,1.8,2.0,2.0,3.0,3.0,4.0,4.8
8110,-1.0,0.0,0.0,0.0,1.0,1.0,1.78,2.0,2.0,3.0,3.0,4.0,4.78
8120,-1.0,0.0,0.0,0.0,1.0,1.0,1.76,2.0,2.0,3.0,3.0,4.0,4.76
8130,-1.0,0.0,0.0,0.0,1.0,1.0,1.74,2.0,2.0,3.0,3.0,4.0,4.74
8140,-1.0,0.0,0.0,0.0,1.0,1.0,1.72,2.0,2.0,3.0,3.0,4.0,4.72
8150,-1.0,0.0,0.0,0.0,1.0,1.0,1.7,2.0,2.0,3.0,3.0,4.0,4.7
8160,-1.0,0.0,0.0,0.0,1.0,1.0,1.68,2.0,2.0,3.0,3.0,4.0,4.68
8170,-1.0,0.0,0.0,0.0,1.0,1.0,1.66,2.0,2.0,3.0,3.0,4.0,4.66
8180,-1.0,0.0,0.0,0.0,1.0,1.0,1.6400000000000001,2.0,2.0,3.0,3.0,4.0,4.64
8190,-1.0,0.0,0.0,0.0,1.0,1.0,1.62,2.0,2.0,3.0,3.0,4.0,4.62
8200,-1.0,0.0,0.0,0.0,1.0,1.0,1.6,2.0,2.0,3.0,3.0,4.0,4.6
8210,-1.0,0.0,0.0,0.0,1.0,1.0,1.58,2.0,2.0,3.0,3.0,4.0,4.58
8220,-1.0,0.0,0.0,0.0,1.0,1.0,1.56,2.0,2.0,3.0,3.0,4.0,4.56
8230,-1.0,0.0,0.0,0.0,1.0,1.0,1.54,2.0,2.0,3.0,3.0,4.0,4.54
8240,-1.0,0.0,0.0,0.0,1.0,1.0,1.52,2.0,2.0,3.0,3.0,4.0,4.52
8250,-1.0,0.0,0.0,0.0,1.0,1.0,1.5,2.0,2.0,3.0,3.0,4.0,4.5
8260,-1.0,0.0,0.0,0.0,1.0,1.0,1.48,2.0,2.0,3.0,3.0,4.0,4.48
8270,-1.0,0.0,0.0,0.0,1.0,1.0,1.46,2.0,2.0,3.0,3.0,4.0,4.46
8280,-1.0,0.0,0.0,0.0,1.0,1.0,1.44,2.0,2.0,3.0,3.0,4.0,4.4399999999999995
8290,-1.0,0.0,0.0,0.0,1.0,1.0,1.42,2.0,2.0,3.0,3.0,4.0,4.42
8300,-1.0,0.0,0.0,0.0,1.0,1.0,1.4,2.0,2.0,3.0,3.0,4.0,4.4
8310,-1.0,0.0,0.0,0.0,1.0,1.0,1.38,2.0,2.0,3.0,3.0,4.0,4.38
8320,-1.0,0.0,0.0,0.0,1.0,1.0,1.3599999999999999,2.0,2.0,3.0,3.0,4.0,4.36
8330,-1.0,0.0,0.0,0.0,1.0,1.0,1.3399999999999999,2.0,2.0,3.0,3.0,4.0,4.34
8340,-1.0,0.0,0.0,0.0,1.0,1.0,1.3199999999999998,2.0,2.0,3.0,3.0,4.0,4.32
8350,-1.0,0.0,0.0,0.0,1.0,1.0,1.2999999999999998,2.0,2.0,3.0,3.0,4.0,4.3
8360,-1.0,0.0,0.0,0.0,1.0,1.0,1.28,2.0,2.0,3.0,3.0,4.0,4.28
8370,-1.0,0.0,0.0,0.0,1.0,1.0,1.26,2.0,2.0,3.0,3.0,4.0,4.26
8380,-1.0,0.0,0.0,0.0,1.0,1.0,1.24,2.0,2.0,3.0,3.0,4.0,4.24
8390,-1.0,0.0,0.0,0.0,1.0,1.0,1.22,2.0,2.0,3.0,3.0,4.0,4.22
8400,-1.0,0.0,0.0,0.0,1.0,1.0,1.2,2.0,2.0,3.0,3.0,4.0,4.2
8410,-1.0,0.0,0.0,0.0,1.0,1.0,1.18,2.0,2.0,3.0,3.0,4.0,4.18
8420,-1.0,0.0,0.0,0.0,1.0,1.0,1.1600000000000001,2.0,2.0,3.0,3.0,4.0,4.16
8430,-1.0,0.0,0.0,0.0,1.0,1.0,1.1400000000000001,2.0,2.0,3.0,3.0,4.0,4.14
8440,-1.0,0.0,0.0,0.0,1.0,1.0,1.12,2.0,2.0,3.0,3.0,4.0,4.12
8450,-1.0,0.0,0.0,0.0,1.0,1.0,1.1,2.0,2.0,3.0,3.0,4.0,4.1
8460,-1.0,0.0,0.0,0.0,1.0,1.0,1.08,2.0,2.0,3.0,3.0,4.0,4.08
8470,-1.0,0.0,0.0,0.0,1.0,1.0,1.06,2.0,2.0,3.0,3.0,4.0,4.06
8480,-1.0,0.0,0.0,0.0,1.0,1.0,1.04,2.0,2.0,3.0,3.0,4.0,4.04
8490,-1.0,0.0,0.0,0.0,1.0,1.0,1.02,2.0,2.0,3.0,3.0,4.0,4.02
8500,-1.0,0.0,0.0,0.0,1.0,1.0,1.0,2.0,2.0,3.0,3.0,4.0,4.0
8510,-1.0,0.0,0.0,0.0,1.0,1.0,1.0,2.0,2.0,2.98,3.0,3.98,4.0
8520,-1.0,0.0,0.0,0.0,1.0,1.0,1.0,2.0,2.0,2.96,3.0,3.96,4.0
8530,-1.0,0.0,0.0,0.0,1.0,1.0,1.0,2.0,2.0,2.94,3.0,3.94,4.0
8540,-1.0,0.0,0.0,0.0,1.0,1.0,1.0,2.0,2.0,2.92,3.0,3.92,4.0
8550,-1.0,0.0,0.0,0.0,1.0,1.0,1.0,2.0,2.0,2.9,3.0,3.9,4.0
8560,-1.0,0.0,0.0,0.0,1.0,1.0,1.0,2.0,2.0,2.88,3.0,3.88,4.0
8570,-1.0,0.0,0.0,0.0,1.0,1.0,1.0,2.0,2.0,2.86,3.0,3.86,4.0
8580,-1.0,0.0,0.0,0.0,1.0,1.0,1.0,2.0,2.0,2.84,3.0,3.84,4.0
8590,-1.0,0.0,0.0,0.0,1.0,1.0,1.0,2.0,2.0,2.82,3.0,3.82,4.0
8600,-1.0,0.0,0.0,0.0,1.0,1.0,1.0,2.0,2.0,2.8,3.0,3.8,4.0
8610,-1.0,0.0,0.0,0.0,1.0,1.0,1.0,2.0,2.0,2.78,3.0,3.78,4.0
8620,-1.0,0.0,0.0,0.0,1.0,1.0,1.0,2.0,2.0,2.76,3.0,3.76,4.0
8630,-1.0,0.0,0.0,0.0,1.0,1.0,1.0,2.0,2.0,2.74,3.0,3.74,4.0
8640,-1.0,0.0,0.0,0.0,1.0,1.0,1.0,2.0,2.0,2.7199999999999998,3.0,3.7199999999999998,4.0
8650,-1.0,0.0,0.0,0.0,1.0,1.0,1.0,2.0,2.0,2.7,3.0,3.7,4.0
8660,-1.0,0.0,0.0,0.0,1.0,1.0,1.0,2.0,2.0,2.68,3.0,3.68,4.0
8670,-1.0,0.0,0.0,0.0,1.0,1.0,1.0,2.0,2.0,2.66,3.0,3.66,4.0
8680,-1.0,0.0,0.0,0.0,1.0,1.0,1.0,2.0,2.0,2.64,3.0,3.64,4.0
8690,-1.0,0.0,0.0,0.0,1.0,1.0,1.0,2.0,2.0,2.62,3.0,3.62,4.0
8700,-1.0,0.0,0.0,0.0,1.0,1.0,1.0,2.0,2.0,2.6,3.0,3.6,4.0
8710,-1.0,0.0,0.0,0.0,1.0,1.0,1.0,2.0,2.0,2.58,3.0,3.58,4.0
8720,-1.0,0.0,0.0,0.0,1.0,1.0,1.0,2.0,2.0,2.56,3.0,3.56,4.0
8730,-1.0,0.0,0.0,0.0,1.0,1.0,1.0,2.0,2.0,2.54,3.0,3.54,4.0
8740,-1.0,0.0,0.0,0.0,1.0,1.0,1.0,2.0,2.0,2.52,3.0,3.52,4.0
8750,-1.0,0.0,0.0,0.0,1.0,1.0,1.0,2.0,2.0,2.5,3.0,3.5,4.0
8760,-1.0,0.0,0.0,0.0,1.0,1.0,1.0,2.0,2.0,2.48,3.0,3.48,4.0
8770,-1.0,0.0,0.0,0.0,1.0,1.0,1.0,2.0,2.0,2.46,3.0,3.46,4.0
8780,-1.0,0.0,0.0,0.0,1.0,1.0,1.0,2.0,2.0,2.44,3.0,3.44,4.0
8790,-1.0,0.0,0.0,0.0,1.0,1.0,1.0,2.0,2.0,2.42,3.0,3.42,4.0
8800,-1.0,0.0,0.0,0.0,1.0,1.0,1.0,2.0,2.0,2.4,3.0,3.4,4.0
8810,-1.0,0.0,0.0,0.0,1.0,1.0,1.0,2.0,2.0,2.38,3.0,3.38,4.0
8820,-1.0,0.0,0.0,0.0,1.0,1.0,1.0,2.0,2.0,2.36,3.0,3.36,4.0
8830,-1.0,0.0,0.0,0.0,1.0,1.0,1.0,2.0,2.0,2.34,3.0,3.34,4.0
8840,-1.0,0.0,0.0,0.0,1.0,1.0,1.0,2.0,2.0,2.32,3.0,3.32,4.0
8850,-1.0,0.0,0.0,0.0,1.0,1.0,1.0,2.0,2.0,2.3,3.0,3.3,4.0
8860,-1.0,0.0,0.0,0.0,1.0,1.0,1.0,2.0,2.0,2.2800000000000002,3.0,3.2800000000000002,4.0
8870,-1.0,0.0,0.0,0.0,1.0,1.0,1.0,2.0,2.0,2.26,3.0,3.26,4.0
8880,-1.0,0.0,0.0,0.0,1.0,1.0,1.0,2.0,2.0,2.24,3.0,3.24,4.0
8890,-1.0,0.0,0.0,0.0,1.0,1.0,1.0,2.0,2.0,2.2199999999999998,3.0,3.2199999999999998,4.0
8900,-1.0,0.0,0.0,0.0,1.0,1.0,1.0,2.0,2.0,2.2,3.0,3.2,4.0
8910,-1.0,0.0,0.0,0.0,1.0,1.0,1.0,2.0,2.0,2.1799999999999997,3.0,3.1799999999999997,4.0
8920,-1.0,0.0,0.0,0.0,1.0,1.0,1.0,2.0,2.0,2.16,3.0,3.16,4.0
8930,-1.0,0.0,0.0,0.0,1.0,1.0,1.0,2.0,2.0,2.14,3.0,3.14,4.0
8940,-1.0,0.0,0.0,0.0,1.0,1.0,1.0,2.0,2.0,2.12,3.0,3.12,4.0
8950,-1.0,0.0,0.0,0.0,1.0,1.0,1.0,2.0,2.0,2.1,3.0,3.1,4.0
8960,-1.0,0.0,0.0,0.0,1.0,1.0,1.0,2.0,2.0,2.08,3.0,3.08,4.0
8970,-1.0,0.0,0.0,0.0,1.0,1.0,1.0,2.0,2.0,2.06,3.0,3.06,4.0
8980,-1.0,0.0,0.0,0.0,1.0,1.0,1.0,2.0,2.0,2.04,3.0,3.04,4.0
8990,-1.0,0.0,0.0,0.0,1.0,1.0,1.0,2.0,2.0,2.02,3.0,3.02,4.0
9000,-1.0,0.0,0.0,0.0,1.0,1.0,1.0,2.0,2.0,2.0,3.0,3.0,4.0
9010,-1.0,0.0,0.0,0.0,1.0,1.0,1.0,1.98,2.0,2.0,2.98,3.0,3.98
9020,-1.0,0.0,0.0,0.0,1.0,1.0,1.0,1.96,2.0,2.0,2.96,3.0,3.96
9030,-1.0,0.0,0.0,0.0,1.0,1.0,1.0,1.94,2.0,2.0,2.94,3.0,3.94
9040,-1.0,0.0,0.0,0.0,1.0,1.0,1.0,1.92,2.0,2.0,2.92,3.0,3.92
9050,-1.0,0.0,0.0,0.0,1.0,1.0,1.0,1.9,2.0,2.0,2.9,3.0,3.9
9060,-1.0,0.0,0.0,0.0,1.0,1.0,1.0,1.88,2.0,2.0,2.88,3.0,3.88
9070,-1.0,0.0,0.0,0.0,1.0,1.0,1.0,1.8599999999999999,2.0,2.0,2.86,3.0,3.86
9080,-1.0,0.0,0.0,0.0,1.0,1.0,1.0,1.84,2.0,2.0,2.84,3.0,3.84
9090,-1.0,0.0,0.0,0.0,1.0,1.0,1.0,1.82,2.0,2.0,2.82,3.0,3.82
9100,-1.0,0.0,0.0,0.0,1.0,1.0,1.0,1.8,2.0,2.0,2.8,3.0,3.8
9110,-1.0,0.0,0.0,0.0,1.0,1.0,1.0,1.78,2.0,2.0,2.78,3.0,3.78
9120,-1.0,0.0,0.0,0.0,1.0,1.0,1.0,1.76,2.0,2.0,2.76,3.0,3.76
9130,-1.0,0.0,0.0,0.0,1.0,1.0,1.0,1.74,2.0,2.0,2.74,3.0,3.74
9140,-1.0,0.0,0.0,0.0,1.0,1.0,1.0,1.72,2.0,2.0,2.7199999999999998,3.0,3.7199999999999998
9150,-1.0,0.0,0.0,0.0,1.0,1.0,1.0,1.7,2.0,2.0,2.7,3.0,3.7
9160,-1.0,0.0,0.0,0.0,1.0,1.0,1.0,1.68,2.0,2.0,2.68,3.0,3.68
9170,-1.0,0.0,0.0,0.0,1.0,1.0,1.0,1.66,2.0,2.0,2.66,3.0,3.66
9180,-1.0,0.0,0.0,0.0,1.0,1.0,1.0,1.6400000000000001,2.0,2.0,2.64,3.0,3.64
9190,-1.0,0.0,0.0,0.0,1.0,1.0,1.0,1.62,2.0,2.0,2.62,3.0,3.62
9200,-1.0,0.0,0.0,0.0,1.0,1.0,1.0,1.6,2.0,2.0,2.6,3.0,3.6
9210,-1.0,0.0,0.0,0.0,1.0,1.0,1.0,1.58,2.0,2.0,2.58,3.0,3.58
9220,-1.0,0.0,0.0,0.0,1.0,1.0,1.0,1.56,2.0,2.0,2.56,3.0,3.56
9230,-1.0,0.0,0.0,0.0,1.0,1.0,1.0,1.54,2.0,2.0,2.54,3.0,3.54
9240,-1.0,0.0,0.0,0.0,1.0,1.0,1.0,1.52,2.0,2.0,2.52,3.0,3.52
9250,-1.0,0.0,0.0,0.0,1.0,1.0,1.0,1.5,2.0,2.0,2.5,3.0,3.5
9260,-1.0,0.0,0.0,0.0,1.0,1.0,1.0,1.48,2.0,2.0,2.48,3.0,3.48
9270,-1.0,0.0,0.0,0.0,1.0,1.0,1.0,1.46,2.0,2.0,2.46,3.0,3.46
9280,-1.0,0.0,0.0,0.0,1.0,1.0,1.0,1.44,2.0,2.0,2.44,3.0,3.44
9290,-1.0,0.0,0.0,0.0,1.0,1.0,1.0,1.42,2.0,2.0,2.42,3.0,3.42
9300,-1.0,0.0,0.0,0.0,1.0,1.0,1.0,1.4,2.0,2.0,2.4,3.0,3.4
9310,-1.0,0.0,0.0,0.0,1.0,1.0,1.0,1.38,2.0,2.0,2.38,3.0,3.38
9320,-1.0,0.0,0.0,0.0,1.0,1.0,1.0,1.3599999999999999,2.0,2.0,2.36,3.0,3.36
9330,-1.0,0.0,0.0,0.0,1.0,1.0,1.0,1.3399999999999999,2.0,2.0,2.34,3.0,3.34
9340,-1.0,0.0,0.0,0.0,1.0,1.0,1.0,1.3199999999999998,2.0,2.0,2.32,3.0,3.32
9350,-1.0,0.0,0.0,0.0,1.0,1.0,1.0,1.2999999999999998,2.0,2.0,2.3,3.0,3.3
9360,-1.0,0.0,0.0,0.0,1.0,1.0,1.0,1.28,2.0,2.0,2.2800000000000002,3.0,3.2800000000000002
9370,-1.0,0.0,0.0,0.0,1.0,1.0,1.0,1.26,2.0,2.0,2.26,3.0,3.26
9380,-1.0,0.0,0.0,0.0,1.0,1.0,1.0,1.24,2.0,2.0,2.24,3.0,3.24
9390,-1.0,0.0,0.0,0.0,1.0,1.0,1.0,1.22,2.0,2.0,2.2199999999999998,3.0,3.2199999999999998
9400,-1.0,0.0,0.0,0.0,1.0,1.0,1.0,1.2,2.0,2.0,2.2,3.0,3.2
9410,-1.0,0.0,0.0,0.0,1.0,1.0,1.0,1.18,2.0,2.0,2.1799999999999997,3.0,3.1799999999999997
9420,-1.0,0.0,0.0,0.0,1.0,1.0,1.0,1.1600000000000001,2.0,2.0,2.16,3.0,3.16
9430,-1.0,0.0,0.0,0.0,1.0,1.0,1.0,1.1400000000000001,2.0,2.0,2.14,3.0,3.14
9440,-1.0,0.0,0.0,0.0,1.0,1.0,1.0,1.12,2.0,2.0,2.12,3.0,3.12
9450,-1.0,0.0,0.0,0.0,1.0,1.0,1.0,1.1,2.0,2.0,2.1,3.0,3.1
9460,-1.0,0.0,0.0,0.0,1.0,1.0,1.0,1.08,2.0,2.0,2.08,3.0,3.08
9470,-1.0,0.0,0.0,0.0,1.0,1.0,1.0,1.06,2.0,2.0,2.06,3.0,3.06
9480,-1.0,0.0,0.0,0.0,1.0,1.0,1.0,1.04,2.0,2.0,2.04,3.0,3.04
9490,-1.0,0.0,0.0,0.0,1.0,1.0,1.0,1.02,2.0,2.0,2.02,3.0,3.02
9500,-1.0,0.0,0.0,0.0,1.0,1.0,1.0,1.0,2.0,2.0,2.0,3.0,3.0
9510,-1.0,0.0,0.0,0.0,1.0,1.0,1.0,1.0,2.0,2.0,2.0,3.0,3.0
9520,-1.0,0.0,0.0,0.0,1.0,1.0,1.0,1.0,2.0,2.0,2.0,3.0,3.0
9530,-1.0,0.0,0.0,0.0,1.0,1.0,1.0,1.0,2.0,2.0,2.0,3.0,3.0
9540,-1.0,0.0,0.0,0.0,1.0,1.0,1.0,1.0,2.0,2.0,2.0,3.0,3.0
9550,-1.0,0.0,0.0,0.0,1.0,1.0,1.0,1.0,2.0,2.0,2.0,3.0,3.0
9560,-1.0,0.0,0.0,0.0,1.0,1.0,1.0,1.0,2.0,2.0,2.0,3.0,3.0
9570,-1.0,0.0,0.0,0.0,1.0,1.0,1.0,1.0,2.0,2.0,2.0,3.0,3.0
9580,-1.0,0.0,0.0,0.0,1.0,1.0,1.0,1.0,2.0,2.0,2.0,3.0,3.0
9590,-1.0,0.0,0.0,0.0,1.0,1.0,1.0,1.0,2.0,2.0,2.0,3.0,3.0
9600,-1.0,0.0,0.0,0.0,1.0,1.0,1.0,1.0,2.0,2.0,2.0,3.0,3.0
9610,-1.0,0.0,0.0,0.0,1.0,1.0,1.0,1.0,2.0,2.0,2.0,3.0,3.0
9620,-1.0,0.0,0.0,0.0,1.0,1.0,1.0,1.0,2.0,2.0,2.0,3.0,3.0
9630,-1.0,0.0,0.0,0.0,1.0,1.0,1.0,1.0,2.0,2.0,2.0,3.0,3.0
9640,-1.0,0.0,0.0,0.0,1.0,1.0,1.0,1.0,2.0,2.0,2.0,3.0,3.0
9650,-1.0,0.0,0.0,0.0,1.0,1.0,1.0,1.0,2.0,2.0,2.0,3.0,3.0
9660,-1.0,0.0,0.0,0.0,1.0,1.0,1.0,1.0,2.0,2.0,2.0,3.0,3.0
9670,-1.0,0.0,0.0,0.0,1.0,1.0,1.0,1.0,2.0,2.0,2.0,3.0,3.0
9680,-1.0,0.0,0.0,0.0,1.0,1.0,1.0,1.0,2.0,2.0,2.0,3.0,3.0
9690,-1.0,0.0,0.0,0.0,1.0,1.0,1.0,1.0,2.0,2.0,2.0,3.0,3.0
9700,-1.0,0.0,0.0,0.0,1.0,1.0,1.0,1.0,2.0,2.0,2.0,3.0,3.0
9710,-1.0,0.0,0.0,0.0,1.0,1.0,1.0,1.0,2.0,2.0,2.0,3.0,3.0
9720,-1.0,0.0,0.0,0.0,1.0,1.0,1.0,1.0,2.0,2.0,2.0,3.0,3.0
9730,-1.0,0.0,0.0,0.0,1.0,1.0,1.0,1.0,2.0,2.0,2.0,3.0,3.0
9740,-1.0,0.0,0.0,0.0,1.0,1.0,1.0,1.0,2.0,2.0,2.0,3.0,3.0
9750,-1.0,0.0,0.0,0.0,1.0,1.0,1.0,1.0,2.0,2.0,2.0,3.0,3.0
9760,-1.0,0.0,0.0,0.0,1.0,1.0,1.0,1.0,2.0,2.0,2.0,3.0,3.0
9770,-1.0,0.0,0.0,0.0,1.0,1.0,1.0,1.0,2.0,2.0,2.0,3.0,3.0
9780,-1.0,0.0,0.0,0.0,1.0,1.0,1.0,1.0,2.0,2.0,2.0,3.0,3.0
9790,-1.0,0.0,0.0,0.0,1.0,1.0,1.0,1.0,2.0,2.0,2.0,3.0,3.0
9800,-1.0,0.0,0.0,0.0,1.0,1.0,1.0,1.0,2.0,2.0,2.0,3.0,3.0
9810,-1.0,0.0,0.0,0.0,1.0,1.0,1.0,1.0,2.0,2.0,2.0,3.0,3.0
9820,-1.0,0.0,0.0,0.0,1.0,1.0,1.0,1.0,2.0,2.0,2.0,3.0,3.0
9830,-1.0,0.0,0.0,0.0,1.0,1.0,1.0,1.0,2.0,2.0,2.0,3.0,3.0
9840,-1.0,0.0,0.0,0.0,1.0,1.0,1.0,1.0,2.0,2.0,2.0,3.0,3.0
9850,-1.0,0.0,0.0,0.0,1.0,1.0,1.0,1.0,2.0,2.0,2.0,3.0,3.0
9860,-1.0,0.0,0.0,0.0,1.0,1.0,1.0,1.0,2.0,2.0,2.0,3.0,3.0
9870,-1.0,0.0,0.0,0.0,1.0,1.0,1.0,1.0,2.0,2.0,2.0,3.0,3.0
9880,-1.0,0.0,0.0,0.0,1.0,1.0,1.0,1.0,2.0,2.0,2.0,3.0,3.0
9890,-1.0,0.0,0.0,0.0,1.0,1.0,1.0,1.0,2.0,2.0,2.0,3.0,3.0
9900,-1.0,0.0,0.0,0.0,1.0,1.0,1.0,1.0,2.0,2.0,2.0,3.0,3.0
9910,-1.0,0.0,0.0,0.0,1.0,1.0,1.0,1.0,2.0,2.0,2.0,3.0,3.0
9920,-1.0,0.0,0.0,0.0,1.0,1.0,1.0,1.0,2.0,2.0,2.0,3.0,3.0
9930,-1.0,0.0,0.0,0.0,1.0,1.0,1.0,1.0,2.0,2.0,2.0,3.0,3.0
9940,-1.0,0.0,0.0,0.0,1.0,1.0,1.0,1.0,2.0,2.0,2.0,3.0,3.0
9950,-1.0,0.0,0.0,0.0,1.0,1.0,1.0,1.0,2.0,2.0,2.0,3.0,3.0
9960,-1.0,0.0,0.0,0.0,1.0,1.0,1.0,1.0,2.0,2.0,2.0,3.0,3.0
9970,-1.0,0.0,0.0,0.0,1.0,1.0,1.0,1.0,2.0,2.0,2.0,3.0,3.0
9980,-1.0,0.0,0.0,0.0,1.0,1.0,1.0,1.0,2.0,2.0,2.0,3.0,3.0
9990,-1.0,0.0,0.0,0.0,1.0,1.0,1.0,1.0,2.0,2.0,2.0,3.0,3.0
10000,-1.0,0.0,0.0,0.0,1.0,1.0,1.0,1.0,2.0,2.0,2.0,3.0,3.0
10010,-0.98,0.0,0.0,0.0,0.98,1.0,1.0,1.0,1.98,2.0,2.0,2.98,3.0
10020,-0.96,0.0,0.0,0.0,0.96,1.0,1.0,1.0,1.96,2.0,2.0,2.96,3.0
10030,-0.94,0.0,0.0,0.0,0.94,1.0,1.0,1.0,1.94,2.0,2.0,2.94,3.0
10040,-0.92,0.0,0.0,0.0,0.92,1.0,1.0,1.0,1.92,2.0,2.0,2.92,3.0
10050,-0.9,0.0,0.0,0.0,0.9,1.0,1.0,1.0,1.9,2.0,2.0,2.9,3.0
10060,-0.88,0.0,0.0,0.0,0.88,1.0,1.0,1.0,1.88,2.0,2.0,2.88,3.0
10070,-0.86,0.0,0.0,0.0,0.86,1.0,1.0,1.0,1.8599999999999999,2.0,2.0,2.86,3.0
10080,-0.84,0.0,0.0,0.0,0.84,1.0,1.0,1.0,1.84,2.0,2.0,2.84,3.0
10090,-0.8200000000000001,0.0,0.0,0.0,0.8200000000000001,1.0,1.0,1.0,1.82,2.0,2.0,2.82,3.0
10100,-0.8,0.0,0.0,0.0,0.8,1.0,1.0,1.0,1.8,2.0,2.0,2.8,3.0
10110,-0.78,0.0,0.0,0.0,0.78,1.0,1.0,1.0,1.78,2.0,2.0,2.78,3.0
10120,-0.76,0.0,0.0,0.0,0.76,1.0,1.0,1.0,1.76,2.0,2.0,2.76,3.0
10130,-0.74,0.0,0.0,0.0,0.74,1.0,1.0,1.0,1.74,2.0,2.0,2.74,3.0
10140,-0.72,0.0,0.0,0.0,0.72,1.0,1.0,1.0,1.72,2.0,2.0,2.7199999999999998,3.0
10150,-0.7,0.0,0.0,0.0,0.7,1.0,1.0,1.0,1.7,2.0,2.0,2.7,3.0
10160,-0.6799999999999999,0.0,0.0,0.0,0.6799999999999999,1.0,1.0,1.0,1.68,2.0,2.0,2.68,3.0
10170,-0.6599999999999999,0.0,0.0,0.0,0.6599999999999999,1.0,1.0,1.0,1.66,2.0,2.0,2.66,3.0
10180,-0.64,0.0,0.0,0.0,0.64,1.0,1.0,1.0,1.6400000000000001,2.0,2.0,2.64,3.0
10190,-0.62,0.0,0.0,0.0,0.62,1.0,1.0,1.0,1.62,2.0,2.0,2.62,3.0
10200,-0.6,0.0,0.0,0.0,0.6,1.0,1.0,1.0,1.6,2.0,2.0,2.6,3.0
10210,-0.5800000000000001,0.0,0.0,0.0,0.5800000000000001,1.0,1.0,1.0,1.58,2.0,2.0,2.58,3.0
10220,-0.56,0.0,0.0,0.0,0.56,1.0,1.0,1.0,1.56,2.0,2.0,2.56,3.0
10230,-0.54,0.0,0.0,0.0,0.54,1.0,1.0,1.0,1.54,2.0,2.0,2.54,3.0
10240,-0.52,0.0,0.0,0.0,0.52,1.0,1.0,1.0,1.52,2.0,2.0,2.52,3.0
10250,-0.5,0.0,0.0,0.0,0.5,1.0,1.0,1.0,1.5,2.0,2.0,2.5,3.0
10260,-0.48,0.0,0.0,0.0,0.48,1.0,1.0,1.0,1.48,2.0,2.0,2.48,3.0
10270,-0.45999999999999996,0.0,0.0,0.0,0.45999999999999996,1.0,1.0,1.0,1.46,2.0,2.0,2.46,3.0
10280,-0.43999999999999995,0.0,0.0,0.0,0.43999999999999995,1.0,1.0,1.0,1.44,2.0,2.0,2.44,3.0
10290,-0.42000000000000004,0.0,0.0,0.0,0.42000000000000004,1.0,1.0,1.0,1.42,2.0,2.0,2.42,3.0
10300,-0.4,0.0,0.0,0.0,0.4,1.0,1.0,1.0,1.4,2.0,2.0,2.4,3.0
10310,-0.38,0.0,0.0,0.0,0.38,1.0,1.0,1.0,1.38,2.0,2.0,2.38,3.0
10320,-0.36,0.0,0.0,0.0,0.36,1.0,1.0,1.0,1.3599999999999999,2.0,2.0,2.36,3.0
10330,-0.33999999999999997,0.0,0.0,0.0,0.33999999999999997,1.0,1.0,1.0,1.3399999999999999,2.0,2.0,2.34,3.0
10340,-0.31999999999999995,0.0,0.0,0.0,0.31999999999999995,1.0,1.0,1.0,1.3199999999999998,2.0,2.0,2.32,3.0
10350,-0.29999999999999993,0.0,0.0,0.0,0.29999999999999993,1.0,1.0,1.0,1.2999999999999998,2.0,2.0,2.3,3.0
10360,-0.28,0.0,0.0,0.0,0.28,1.0,1.0,1.0,1.28,2.0,2.0,2.2800000000000002,3.0
10370,-0.26,0.0,0.0,0.0,0.26,1.0,1.0,1.0,1.26,2.0,2.0,2.26,3.0
10380,-0.24,0.0,0.0,0.0,0.24,1.0,1.0,1.0,1.24,2.0,2.0,2.24,3.0
10390,-0.21999999999999997,0.0,0.0,0.0,0.21999999999999997,1.0,1.0,1.0,1.22,2.0,2.0,2.2199999999999998,3.0
10400,-0.19999999999999996,0.0,0.0,0.0,0.19999999999999996,1.0,1.0,1.0,1.2,2.0,2.0,2.2,3.0
10410,-0.17999999999999994,0.0,0.0,0.0,0.17999999999999994,1.0,1.0,1.0,1.18,2.0,2.0,2.1799999999999997,3.0
10420,-0.16000000000000003,0.0,0.0,0.0,0.16000000000000003,1.0,1.0,1.0,1.1600000000000001,2.0,2.0,2.16,3.0
10430,-0.14,0.0,0.0,0.0,0.14,1.0,1.0,1.0,1.1400000000000001,2.0,2.0,2.14,3.0
10440,-0.12,0.0,0.0,0.0,0.12,1.0,1.0,1.0,1.12,2.0,2.0,2.12,3.0
10450,-0.09999999999999998,0.0,0.0,0.0,0.09999999999999998,1.0,1.0,1.0,1.1,2.0,2.0,2.1,3.0
10460,-0.07999999999999996,0.0,0.0,0.0,0.07999999999999996,1.0,1.0,1.0,1.08,2.0,2.0,2.08,3.0
10470,-0.05999999999999994,0.0,0.0,0.0,0.05999999999999994,1.0,1.0,1.0,1.06,2.0,2.0,2.06,3.0
10480,-0.040000000000000036,0.0,0.0,0.0,0.040000000000000036,1.0,1.0,1.0,1.04,2.0,2.0,2.04,3.0
10490,-0.020000000000000018,0.0,0.0,0.0,0.020000000000000018,1.0,1.0,1.0,1.02,2.0,2.0,2.02,3.0
10500,0.0,0.0,0.0,0.0,0.0,1.0,1.0,1.0,1.0,2.0,2.0,2.0,3.0
10510,0.0,0.0,0.0,0.0,0.0,1.0,1.0,1.0,1.0,1.98,2.0,2.0,2.98
10520,0.0,0.0,0.0,0.0,0.0,1.0,1.0,1.0,1.0,1.96,2.0,2.0,2.96
10530,0.0,0.0,0.0,0.0,0.0,1.0,1.0,1.0,1.0,1.94,2.0,2.0,2.94
10540,0.0,0.0,0.0,0.0,0.0,1.0,1.0,1.0,1.0,1.92,2.0,2.0,2.92
10550,0.0,0.0,0.0,0.0,0.0,1.0,1.0,1.0,1.0,1.9,2.0,2.0,2.9
10560,0.0,0.0,0.0,0.0,0.0,1.0,1.0,1.0,1.0,1.88,2.0,2.0,2.88
10570,0.0,0.0,0.0,0.0,0.0,1.0,1.0,1.0,1.0,1.8599999999999999,2.0,2.0,2.86
10580,0.0,0.0,0.0,0.0,0.0,1.0,1.0,1.0,1.0,1.84,2.0,2.0,2.84
10590,0.0,0.0,0.0,0.0,0.0,1.0,1.0,1.0,1.0,1.82,2.0,2.0,2.82
10600,0.0,0.0,0.0,0.0,0.0,1.0,1.0,1.0,1.0,1.8,2.0,2.0,2.8
10610,0.0,0.0,0.0,0.0,0.0,1.0,1.0,1.0,1.0,1.78,2.0,2.0,2.78
10620,0.0,0.0,0.0,0.0,0.0,1.0,1.0,1.0,1.0,1.76,2.0,2.0,2.76
10630,0.0,0.0,0.0,0.0,0.0,1.0,1.0,1.0,1.0,1.74,2.0,2.0,2.74
10640,0.0,0.0,0.0,0.0,0.0,1.0,1.0,1.0,1.0,1.72,2.0,2.0,2.7199999999999998
10650,0.0,0.0,0.0,0.0,0.0,1.0,1.0,1.0,1.0,1.7,2.0,2.0,2.7
10660,0.0,0.0,0.0,0.0,0.0,1.0,1.0,1.0,1.0,1.68,2.0,2.0,2.68
10670,0.0,0.0,0.0,0.0,0.0,1.0,1.0,1.0,1.0,1.66,2.0,2.0,2.66
10680,0.0,0.0,0.0,0.0,0.0,1.0,1.0,1.0,1.0,1.6400000000000001,2.0,2.0,2.64
10690,0.0,0.0,0.0,0.0,0.0,1.0,1.0,1.0,1.0,1.62,2.0,2.0,2.62
10700,0.0,0.0,0.0,0.0,0.0,1.0,1.0,1.0,1.0,1.6,2.0,2.0,2.6
10710,0.0,0.0,0.0,0.0,0.0,1.0,1.0,1.0,1.0,1.58,2.0,2.0,2.58
10720,0.0,0.0,0.0,0.0,0.0,1.0,1.0,1.0,1.0,1.56,2.0,2.0,2.56
10730,0.0,0.0,0.0,0.0,0.0,1.0,1.0,1.0,1.0,1.54,2.0,2.0,2.54
10740,0.0,0.0,0.0,0.0,0.0,1.0,1.0,1.0,1.0,1.52,2.0,2.0,2.52
10750,0.0,0.0,0.0,0.0,0.0,1.0,1.0,1.0,1.0,1.5,2.0,2.0,2.5
10760,0.0,0.0,0.0,0.0,0.0,1.0,1.0,1.0,1.0,1.48,2.0,2.0,2.48
10770,0.0,0.0,0.0,0.0,0.0,1.0,1.0,1.0,1.0,1.46,2.0,2.0,2.46
10780,0.0,0.0,0.0,0.0,0.0,1.0,1.0,1.0,1.0,1.44,2.0,2.0,2.44
10790,0.0,0.0,0.0,0.0,0.0,1.0,1.0,1.0,1.0,1.42,2.0,2.0,2.42
10800,0.0,0.0,0.0,0.0,0.0,1.0,1.0,1.0,1.0,1.4,2.0,2.0,2.4
10810,0.0,0.0,0.0,0.0,0.0,1.0,1.0,1.0,1.0,1.38,2.0,2.0,2.38
10820,0.0,0.0,0.0,0.0,0.0,1.0,1.0,1.0,1.0,1.3599999999999999,2.0,2.0,2.36
10830,0.0,0.0,0.0,0.0,0.0,1.0,1.0,1.0,1.0,1.3399999999999999,2.0,2.0,2.34
10840,0.0,0.0,0.0,0.0,0.0,1.0,1.0,1.0,1.0,1.3199999999999998,2.0,2.0,2.32
10850,0.0,0.0,0.0,0.0,0.0,1.0,1.0,1.0,1.0,1.2999999999999998,2.0,2.0,2.3
10860,0.0,0.0,0.0,0.0,0.0,1.0,1.0,1.0,1.0,1.28,2.0,2.0,2.2800000000000002
10870,0.0,0.0,0.0,0.0,0.0,1.0,1.0,1.0,1.0,1.26,2.0,2.0,2.26
10880,0.0,0.0,0.0,0.0,0.0,1.0,1.0,1.0,1.0,1.24,2.0,2.0,2.24
10890,0.0,0.0,0.0,0.0,0.0,1.0,1.0,1.0,1.0,1.22,2.0,2.0,2.2199999999999998
10900,0.0,0.0,0.0,0.0,0.0,1.0,1.0,1.0,1.0,1.2,2.0,2.0,2.2
10910,0.0,0.0,0.0,0.0,0.0,1.0,1.0,1.0,1.0,1.18,2.0,2.0,2.1799999999999997
10920,0.0,0.0,0.0,0.0,0.0,1.0,1.0,1.0,1.0,1.1600000000000001,2.0,2.0,2.16
10930,0.0,0.0,0.0,0.0,0.0,1.0,1.0,1.0,1.0,1.1400000000000001,2.0,2.0,2.14
10940,0.0,0.0,0.0,0.0,0.0,1.0,1.0,1.0,1.0,1.12,2.0,2.0,2.12
10950,0.0,0.0,0.0,0.0,0.0,1.0,1.0,1.0,1.0,1.1,2.0,2.0,2.1
10960,0.0,0.0,0.0,0.0,0.0,1.0,1.0,1.0,1.0,1.08,2.0,2.0,2.08
10970,0.0,0.0,0.0,0.0,0.0,1.0,1.0,1.0,1.0,1.06,2.0,2.0,2.06
10980,0.0,0.0,0.0,0.0,0.0,1.0,1.0,1.0,1.0,1.04,2.0,2.0,2.04
10990,0.0,0.0,0.0,0.0,0.0,1.0,1.0,1.0,1.0,1.02,2.0,2.0,2.02
11000,0.0,0.0,0.0,0.0,0.0,1.0,1.0,1.0,1.0,1.0,2.0,2.0,2.0
11010,0.0,0.0,0.0,0.0,0.0,0.98,1.0,1.0,1.0,1.0,1.98,2.0,2.0
11020,0.0,0.0,0.0,0.0,0.0,0.96,1.0,1.0,1.0,1.0,1.96,2.0,2.0
11030,0.0,0.0,0.0,0.0,0.0,0.94,1.0,1.0,1.0,1.0,1.94,2.0,2.0
11040,0.0,0.0,0.0,0.0,0.0,0.92,1.0,1.0,1.0,1.0,1.92,2.0,2.0
11050,0.0,0.0,0.0,0.0,0.0,0.9,1.0,1.0,1.0,1.0,1.9,2.0,2.0
11060,0.0,0.0,0.0,0.0,0.0,0.88,1.0,1.0,1.0,1.0,1.88,2.0,2.0
11070,0.0,0.0,0.0,0.0,0.0,0.86,1.0,1.0,1.0,1.0,1.8599999999999999,2.0,2.0
11080,0.0,0.0,0.0,0.0,0.0,0.84,1.0,1.0,1.0,1.0,1.84,2.0,2.0
11090,0.0,0.0,0.0,0.0,0.0,0.8200000000000001,1.0,1.0,1.0,1.0,1.82,2.0,2.0
11100,0.0,0.0,0.0,0.0,0.0,0.8,1.0,1.0,1.0,1.0,1.8,2.0,2.0
11110,0.0,0.0,0.0,0.0,0.0,0.78,1.0,1.0,1.0,1.0,1.78,2.0,2.0
11120,0.0,0.0,0.0,0.0,0.0,0.76,1.0,1.0,1.0,1.0,1.76,2.0,2.0
11130,0.0,0.0,0.0,0.0,0.0,0.74,1.0,1.0,1.0,1.0,1.74,2.0,2.0
11140,0.0,0.0,0.0,0.0,0.0,0.72,1.0,1.0,1.0,1.0,1.72,2.0,2.0
11150,0.0,0.0,0.0,0.0,0.0,0.7,1.0,1.0,1.0,1.0,1.7,2.0,2.0
11160,0.0,0.0,0.0,0.0,0.0,0.6799999999999999,1.0,1.0,1.0,1.0,1.68,2.0,2.0
11170,0.0,0.0,0.0,0.0,0.0,0.6599999999999999,1.0,1.0,1.0,1.0,1.66,2.0,2.0
11180,0.0,0.0,0.0,0.0,0.0,0.64,1.0,1.0,1.0,1.0,1.6400000000000001,2.0,2.0
11190,0.0,0.0,0.0,0.0,0.0,0.62,1.0,1.0,1.0,1.0,1.62,2.0,2.0
11200,0.0,0.0,0.0,0.0,0.0,0.6,1.0,1.0,1.0,1.0,1.6,2.0,2.0
11210,0.0,0.0,0.0,0.0,0.0,0.5800000000000001,1.0,1.0,1.0,1.0,1.58,2.0,2.0
11220,0.0,0.0,0.0,0.0,0.0,0.56,1.0,1.0,1.0,1.0,1.56,2.0,2.0
11230,0.0,0.0,0.0,0.0,0.0,0.54,1.0,1.0,1.0,1.0,1.54,2.0,2.0
11240,0.0,0.0,0.0,0.0,0.0,0.52,1.0,1.0,1.0,1.0,1.52,2.0,2.0
11250,0.0,0.0,0.0,0.0,0.0,0.5,1.0,1.0,1.0,1.0,1.5,2.0,2.0
11260,0.0,0.0,0.0,0.0,0.0,0.48,1.0,1.0,1.0,1.0,1.48,2.0,2.0
11270,0.0,0.0,0.0,0.0,0.0,0.45999999999999996,1.0,1.0,1.0,1.0,1.46,2.0,2.0
11280,0.0,0.0,0.0,0.0,0.0,0.43999999999999995,1.0,1.0,1.0,1.0,1.44,2.0,2.0
11290,0.0,0.0,0.0,0.0,0.0,0.42000000000000004,1.0,1.0,1.0,1.0,1.42,2.0,2.0
11300,0.0,0.0,0.0,0.0,0.0,0.4,1.0,1.0,1.0,1.0,1.4,2.0,2.0
11310,0.0,0.0,0.0,0.0,0.0,0.38,1.0,1.0,1.0,1.0,1.38,2.0,2.0
11320,0.0,0.0,0.0,0.0,0.0,0.36,1.0,1.0,1.0,1.0,1.3599999999999999,2.0,2.0
11330,0.0,0.0,0.0,0.0,0.0,0.33999999999999997,1.0,1.0,1.0,1.0,1.3399999999999999,2.0,2.0
11340,0.0,0.0,0.0,0.0,0.0,0.31999999999999995,1.0,1.0,1.0,1.0,1.3199999999999998,2.0,2.0
11350,0.0,0.0,0.0,0.0,0.0,0.29999999999999993,1.0,1.0,1.0,1.0,1.2999999999999998,2.0,2.0
11360,0.0,0.0,0.0,0.0,0.0,0.28,1.0,1.0,1.0,1.0,1.28,2.0,2.0
11370,0.0,0.0,0.0,0.0,0.0,0.26,1.0,1.0,1.0,1.0,1.26,2.0,2.0
11380,0.0,0.0,0.0,0.0,0.0,0.24,1.0,1.0,1.0,1.0,1.24,2.0,2.0
11390,0.0,0.0,0.0,0.0,0.0,0.21999999999999997,1.0,1.0,1.0,1.0,1.22,2.0,2.0
11400,0.0,0.0,0.0,0.0,0.0,0.19999999999999996,1.0,1.0,1.0,1.0,1.2,2.0,2.0
11410,0.0,0.0,0.0,0.0,0.0,0.17999999999999994,1.0,1.0,1.0,1.0,1.18,2.0,2.0
11420,0.0,0.0,0.0,0.0,0.0,0.16000000000000003,1.0,1.0,1.0,1.0,1.1600000000000001,2.0,2.0
11430,0.0,0.0,0.0,0.0,0.0,0.14,1.0,1.0,1.0,1.0,1.1400000000000001,2.0,2.0
11440,0.0,0.0,0.0,0.0,0.0,0.12,1.0,1.0,1.0,1.0,1.12,2.0,2.0
11450,0.0,0.0,0.0,0.0,0.0,0.09999999999999998,1.0,1.0,1.0,1.0,1.1,2.0,2.0
11460,0.0,0.0,0.0,0.0,0.0,0.07999999999999996,1.0,1.0,1.0,1.0,1.08,2.0,2.0
11470,0.0,0.0,0.0,0.0,0.0,0.05999999999999994,1.0,1.0,1.0,1.0,1.06,2.0,2.0
11480,0.0,0.0,0.0,0.0,0.0,0.040000000000000036,1.0,1.0,1.0,1.0,1.04,2.0,2.0
11490,0.0,0.0,0.0,0.0,0.0,0.020000000000000018,1.0,1.0,1.0,1.0,1.02,2.0,2.0
11500,0.0,0.0,0.0,0.0,0.0,0.0,1.0,1.0,1.0,1.0,1.0,2.0,2.0
11510,0.0,0.0,0.0,0.0,0.0,0.0,0.98,1.0,1.0,1.0,1.0,1.98,1.98
11520,0.0,0.0,0.0,0.0,0.0,0.0,0.96,1.0,1.0,1.0,1.0,1.96,1.96
11530,0.0,0.0,0.0,0.0,0.0,0.0,0.94,1.0,1.0,1.0,1.0,1.94,1.94
11540,0.0,0.0,0.0,0.0,0.0,0.0,0.92,1.0,1.0,1.0,1.0,1.92,1.92
11550,0.0,0.0,0.0,0.0,0.0,0.0,0.9,1.0,1.0,1.0,1.0,1.9,1.9
11560,0.0,0.0,0.0,0.0,0.0,0.0,0.88,1.0,1.0,1.0,1.0,1.88,1.88
11570,0.0,0.0,0.0,0.0,0.0,0.0,0.86,1.0,1.0,1.0,1.0,1.8599999999999999,1.8599999999999999
11580,0.0,0.0,0.0,0.0,0.0,0.0,0.84,1.0,1.0,1.0,1.0,1.84,1.84
11590,0.0,0.0,0.0,0.0,0.0,0.0,0.8200000000000001,1.0,1.0,1.0,1.0,1.82,1.82
11600,0.0,0.0,0.0,0.0,0.0,0.0,0.8,1.0,1.0,1.0,1.0,1.8,1.8
11610,0.0,0.0,0.0,0.0,0.0,0.0,0.78,1.0,1.0,1.0,1.0,1.78,1.78
11620,0.0,0.0,0.0,0.0,0.0,0.0,0.76,1.0,1.0,1.0,1.0,1.76,1.76
11630,0.0,0.0,0.0,0.0,0.0,0.0,0.74,1.0,1.0,1.0,1.0,1.74,1.74
11640,0.0,0.0,0.0,0.0,0.0,0.0,0.72,1.0,1.0,1.0,1.0,1.72,1.72
11650,0.0,0.0,0.0,0.0,0.0,0.0,0.7,1.0,1.0,1.0,1.0,1.7,1.7
11660,0.0,0.0,0.0,0.0,0.0,0.0,0.6799999999999999,1.0,1.0,1.0,1.0,1.68,1.68
11670,0.0,0.0,0.0,0.0,0.0,0.0,0.6599999999999999,1.0,1.0,1.0,1.0,1.66,1.66
11680,0.0,0.0,0.0,0.0,0.0,0.0,0.64,1.0,1.0,1.0,1.0,1.6400000000000001,1.6400000000000001
11690,0.0,0.0,0.0,0.0,0.0,0.0,0.62,1.0,1.0,1.0,1.0,1.62,1.62
11700,0.0,0.0,0.0,0.0,0.0,0.0,0.6,1.0,1.0,1.0,1.0,1.6,1.6
11710,0.0,0.0,0.0,0.0,0.0,0.0,0.5800000000000001,1.0,1.0,1.0,1.0,1.58,1.58
11720,0.0,0.0,0.0,0.0,0.0,0.0,0.56,1.0,1.0,1.0,1.0,1.56,1.56
11730,0.0,0.0,0.0,0.0,0.0,0.0,0.54,1.0,1.0,1.0,1.0,1.54,1.54
11740,0.0,0.0,0.0,0.0,0.0,0.0,0.52,1.0,1.0,1.0,1.0,1.52,1.52
11750,0.0,0.0,0.0,0.0,0.0,0.0,0.5,1.0,1.0,1.0,1.0,1.5,1.5
11760,0.0,0.0,0.0,0.0,0.0,0.0,0.48,1.0,1.0,1.0,1.0,1.48,1.48
11770,0.0,0.0,0.0,0.0,0.0,0.0,0.45999999999999996,1.0,1.0,1.0,1.0,1.46,1.46
11780,0.0,0.0,0.0,0.0,0.0,0.0,0.43999999999999995,1.0,1.0,1.0,1.0,1.44,1.44
11790,0.0,0.0,0.0,0.0,0.0,0.0,0.42000000000000004,1.0,1.0,1.0,1.0,1.42,1.42
11800,0.0,0.0,0.0,0.0,0.0,0.0,0.4,1.0,1.0,1.0,1.0,1.4,1.4
11810,0.0,0.0,0.0,0.0,0.0,0.0,0.38,1.0,1.0,1.0,1.0,1.38,1.38
11820,0.0,0.0,0.0,0.0,0.0,0.0,0.36,1.0,1.0,1.0,1.0,1.3599999999999999,1.3599999999999999
11830,0.0,0.0,0.0,0.0,0.0,0.0,0.33999999999999997,1.0,1.0,1.0,1.0,1.3399999999999999,1.3399999999999999
11840,0.0,0.0,0.0,0.0,0.0,0.0,0.31999999999999995,1.0,1.0,1.0,1.0,1.3199999999999998,1.3199999999999998
11850,0.0,0.0,0.0,0.0,0.0,0.0,0.29999999999999993,1.0,1.0,1.0,1.0,1.2999999999999998,1.2999999999999998
11860,0.0,0.0,0.0,0.0,0.0,0.0,0.28,1.0,1.0,1.0,1.0,1.28,1.28
11870,0.0,0.0,0.0,0.0,0.0,0.0,0.26,1.0,1.0,1.0,1.0,1.26,1.26
11880,0.0,0.0,0.0,0.0,0.0,0.0,0.24,1.0,1.0,1.0,1.0,1.24,1.24
11890,0.0,0.0,0.0,0.0,0.0,0.0,0.21999999999999997,1.0,1.0,1.0,1.0,1.22,1.22
11900,0.0,0.0,0.0,0.0,0.0,0.0,0.19999999999999996,1.0,1.0,1.0,1.0,1.2,1.2
11910,0.0,0.0,0.0,0.0,0.0,0.0,0.17999999999999994,1.0,1.0,1.0,1.0,1.18,1.18
11920,0.0,0.0,0.0,0.0,0.0,0.0,0.16000000000000003,1.0,1.0,1.0,1.0,1.1600000000000001,1.1600000000000001
11930,0.0,0.0,0.0,0.0,0.0,0.0,0.14,1.0,1.0,1.0,1.0,1.1400000000000001,1.1400000000000001
11940,0.0,0.0,0.0,0.0,0.0,0.0,0.12,1.0,1.0,1.0,1.0,1.12,1.12
11950,0.0,0.0,0.0,0.0,0.0,0.0,0.09999999999999998,1.0,1.0,1.0,1.0,1.1,1.1
11960,0.0,0.0,0.0,0.0,0.0,0.0,0.07999999999999996,1.0,1.0,1.0,1.0,1.08,1.08
11970,0.0,0.0,0.0,0.0,0.0,0.0,0.05999999999999994,1.0,1.0,1.0,1.0,1.06,1.06
11980,0.0,0.0,0.0,0.0,0.0,0.0,0.040000000000000036,1.0,1.0,1.0,1.0,1.04,1.04
11990,0.0,0.0,0.0,0.0,0.0,0.0,0.020000000000000018,1.0,1.0,1.0,1.0,1.02,1.02
12000,0.0,0.0,0.0,0.0,0.0,0.0,0.0,1.0,1.0,1.0,1.0,1.0,1.0
12010,0.0,0.0,0.0,0.0,0.0,0.0,0.0,1.0,1.0,1.0,1.0,1.0,1.0
12020,0.0,0.0,0.0,0.0,0.0,0.0,0.0,1.0,1.0,1.0,1.0,1.0,1.0
12030,0.0,0.0,0.0,0.0,0.0,0.0,0.0,1.0,1.0,1.0,1.0,1.0,1.0
12040,0.0,0.0,0.0,0.0,0.0,0.0,0.0,1.0,1.0,1.0,1.0,1.0,1.0
12050,0.0,0.0,0.0,0.0,0.0,0.0,0.0,1.0,1.0,1.0,1.0,1.0,1.0
12060,0.0,0.0,0.0,0.0,0.0,0.0,0.0,1.0,1.0,1.0,1.0,1.0,1.0
12070,0.0,0.0,0.0,0.0,0.0,0.0,0.0,1.0,1.0,1.0,1.0,1.0,1.0
12080,0.0,0.0,0.0,0.0,0.0,0.0,0.0,1.0,1.0,1.0,1.0,1.0,1.0
12090,0.0,0.0,0.0,0.0,0.0,0.0,0.0,1.0,1.0,1.0,1.0,1.0,1.0
12100,0.0,0.0,0.0,0.0,0.0,0.0,0.0,1.0,1.0,1.0,1.0,1.0,1.0
12110,0.0,0.0,0.0,0.0,0.0,0.0,0.0,1.0,1.0,1.0,1.0,1.0,1.0
12120,0.0,0.0,0.0,0.0,0.0,0.0,0.0,1.0,1.0,1.0,1.0,1.0,1.0
12130,0.0,0.0,0.0,0.0,0.0,0.0,0.0,1.0,1.0,1.0,1.0,1.0,1.0
12140,0.0,0.0,0.0,0.0,0.0,0.0,0.0,1.0,1.0,1.0,1.0,1.0,1.0
12150,0.0,0.0,0.0,0.0,0.0,0.0,0.0,1.0,1.0,1.0,1.0,1.0,1.0
12160,0.0,0.0,0.0,0.0,0.0,0.0,0.0,1.0,1.0,1.0,1.0,1.0,1.0
12170,0.0,0.0,0.0,0.0,0.0,0.0,0.0,1.0,1.0,1.0,1.0,1.0,1.0
12180,0.0,0.0,0.0,0.0,0.0,0.0,0.0,1.0,1.0,1.0,1.0,1.0,1.0
12190,0.0,0.0,0.0,0.0,0.0,0.0,0.0,1.0,1.0,1.0,1.0,1.0,1.0
12200,0.0,0.0,0.0,0.0,0.0,0.0,0.0,1.0,1.0,1.0,1.0,1.0,1.0
12210,0.0,0.0,0.0,0.0,0.0,0.0,0.0,1.0,1.0,1.0,1.0,1.0,1.0
12220,0.0,0.0,0.0,0.0,0.0,0.0,0.0,1.0,1.0,1.0,1.0,1.0,1.0
